any,codente,nom,costat,capitol,definitiu,executat
2024,07004AA000,Algaida,ingres,2,321942.37,119227.97
2024,07004AA000,Algaida,despesa,2,2574402.57,2356869.73
2024,07004AA000,Algaida,ingres,5,28500.00,85716.51
2024,07004AA000,Algaida,ingres,4,2769009.12,2737784.35
2024,07004AA000,Algaida,ingres,7,1091604.00,1383518.40
2024,07004AA000,Algaida,ingres,8,3612147.08,0
2024,07004AA000,Algaida,despesa,3,3600.00,668.84
2024,07004AA000,Algaida,ingres,3,440384.64,512762.69
2024,07004AA000,Algaida,despesa,4,151723.84,142839.64
2024,07004AA000,Algaida,despesa,1,2868984.97,2694150.64
2024,07004AA000,Algaida,ingres,9,1655000.00,0
2024,07004AA000,Algaida,despesa,6,6320643.39,1169094.20
2024,07004AA000,Algaida,ingres,1,2000767.56,2579178.24
2024,07006AA000,Artà,despesa,1,6136341.27,6043198.93
2024,07006AA000,Artà,despesa,2,7425089.26,5817235.80
2024,07006AA000,Artà,despesa,5,15552.45,0
2024,07006AA000,Artà,despesa,3,9000.00,5060.46
2024,07006AA000,Artà,despesa,4,553847.32,320398.56
2024,07006AA000,Artà,ingres,1,5178199.06,5214025.65
2024,07006AA000,Artà,ingres,7,4447405.66,3200179.32
2024,07006AA000,Artà,ingres,8,8925419.10,0
2024,07006AA000,Artà,ingres,2,651500.00,523600.51
2024,07006AA000,Artà,ingres,4,3767840.78,3731186.27
2024,07006AA000,Artà,ingres,3,4680651.89,4350070.67
2024,07006AA000,Artà,despesa,6,12842355.09,2689923.01
2024,07006AA000,Artà,ingres,5,48901.00,225547.76
2024,07006AA000,Artà,despesa,7,717732.10,0
2024,07009AA000,Búger,ingres,7,344492.71,-102259.88
2024,07009AA000,Búger,ingres,8,697889.75,0
2024,07009AA000,Búger,despesa,9,84596.67,84596.67
2024,07009AA000,Búger,ingres,5,8684.00,10361.32
2024,07009AA000,Búger,despesa,3,7603.33,6883.44
2024,07009AA000,Búger,ingres,3,322634.34,321327.54
2024,07009AA000,Búger,despesa,2,596937.14,559643.58
2024,07009AA000,Búger,despesa,4,240117.32,236724.27
2024,07009AA000,Búger,despesa,6,1087001.34,550081.39
2024,07009AA000,Búger,despesa,1,609392.49,563423.15
2024,07009AA000,Búger,ingres,1,496400.00,595721.18
2024,07009AA000,Búger,ingres,2,66000.00,65939.33
2024,07009AA000,Búger,ingres,4,689547.49,710053.52
2024,07013AA000,Campos,despesa,6,7954338.80,2034896.26
2024,07013AA000,Campos,ingres,3,6058282.02,6498831.64
2024,07013AA000,Campos,ingres,5,432638.52,702713.27
2024,07013AA000,Campos,despesa,2,11627949.57,9502033.05
2024,07013AA000,Campos,ingres,7,2246306.34,2007003.25
2024,07013AA000,Campos,despesa,4,245207.80,191989.47
2024,07013AA000,Campos,ingres,4,4623646.44,5314530.17
2024,07013AA000,Campos,despesa,1,6550824.38,5851814.98
2024,07013AA000,Campos,ingres,2,927894.81,1176377.77
2024,07013AA000,Campos,despesa,7,100000.00,99999.96
2024,07013AA000,Campos,ingres,1,5156933.64,6306301.53
2024,07013AA000,Campos,ingres,8,7038618.78,0
2024,07013AA000,Campos,despesa,3,6000.00,3432.80
2024,07019AA000,Escorca,ingres,2,18100.00,25565.81
2024,07019AA000,Escorca,ingres,8,577177.89,0
2024,07019AA000,Escorca,despesa,9,19749.93,19748.95
2024,07019AA000,Escorca,ingres,5,71837.79,56760.38
2024,07019AA000,Escorca,despesa,2,327750.60,303403.70
2024,07019AA000,Escorca,despesa,4,209157.69,205986.36
2024,07019AA000,Escorca,despesa,3,6394.00,6393.15
2024,07019AA000,Escorca,ingres,7,1031256.10,1472270.74
2024,07019AA000,Escorca,ingres,4,510563.57,564611.44
2024,07019AA000,Escorca,despesa,1,605499.40,574858.52
2024,07019AA000,Escorca,despesa,6,1595383.73,622334.38
2024,07019AA000,Escorca,ingres,1,311500.00,371882.26
2024,07019AA000,Escorca,ingres,3,243500.00,240593.12
2024,07020AA000,Esporles,ingres,2,196000.00,218130.39
2024,07020AA000,Esporles,despesa,4,99476.19,90506.45
2024,07020AA000,Esporles,ingres,4,2514678.44,2752837.40
2024,07020AA000,Esporles,despesa,3,27788.07,21942.72
2024,07020AA000,Esporles,despesa,9,227818.08,208625.86
2024,07020AA000,Esporles,despesa,2,2749824.31,2545738.64
2024,07020AA000,Esporles,ingres,5,2100.00,9010.87
2024,07020AA000,Esporles,despesa,1,3346829.36,3162888.84
2024,07020AA000,Esporles,ingres,1,2075018.32,2435005.58
2024,07020AA000,Esporles,ingres,8,749482.94,0
2024,07020AA000,Esporles,despesa,6,591965.90,431922.15
2024,07020AA000,Esporles,ingres,3,1213730.02,1289719.64
2024,07020AA000,Esporles,ingres,7,292692.20,493398.53
2024,07026AA000,Eivissa,despesa,6,47895519.79,7550602.66
2024,07026AA000,Eivissa,despesa,8,238870.34,238870.34
2024,07026AA000,Eivissa,despesa,3,320000.00,300527.13
2024,07026AA000,Eivissa,ingres,9,8109110.77,8109110.77
2024,07026AA000,Eivissa,despesa,7,7361765.15,3522369.55
2024,07026AA000,Eivissa,ingres,1,30243606.00,29572509.18
2024,07026AA000,Eivissa,despesa,5,500000.00,0
2024,07026AA000,Eivissa,despesa,1,27800869.41,25555356.35
2024,07026AA000,Eivissa,despesa,4,10471068.19,9396619.11
2024,07026AA000,Eivissa,ingres,3,17849935.56,19692420.48
2024,07026AA000,Eivissa,ingres,4,20945785.79,21719948.93
2024,07026AA000,Eivissa,ingres,6,10.00,0
2024,07026AA000,Eivissa,despesa,2,39474244.13,33343233.24
2024,07026AA000,Eivissa,ingres,2,2200000.00,1528141.99
2024,07026AA000,Eivissa,ingres,5,7662010.00,3831484.99
2024,07026AA000,Eivissa,ingres,8,27855207.53,245067.56
2024,07026AA000,Eivissa,ingres,7,19196671.36,16789037.59
2024,07026AV003,Museo de Arte Contemporáneo,despesa,1,316587.67,235455.63
2024,07026AV003,Museo de Arte Contemporáneo,despesa,2,196348.58,134633.97
2024,07026AV003,Museo de Arte Contemporáneo,despesa,3,946.85,197.85
2024,07026AV003,Museo de Arte Contemporáneo,despesa,6,19668.00,19366.01
2024,07026AV003,Museo de Arte Contemporáneo,despesa,8,10.00,0
2024,07026AV003,Museo de Arte Contemporáneo,ingres,4,544290.00,376453.46
2024,07026AV003,Museo de Arte Contemporáneo,despesa,5,23938.90,0
2024,07026AV003,Museo de Arte Contemporáneo,ingres,8,10.00,0
2024,07026AV003,Museo de Arte Contemporáneo,ingres,7,13200.00,13200.00
2024,07026AV002,P. M. Música,ingres,4,1056747.87,783261.41
2024,07026AV002,P. M. Música,ingres,5,0,32
2024,07026AV002,P. M. Música,ingres,8,10.00,0
2024,07026AV002,P. M. Música,ingres,3,65010.00,71210.50
2024,07026AV002,P. M. Música,despesa,4,2000.00,0
2024,07026AV002,P. M. Música,despesa,3,1500.00,861.55
2024,07026AV002,P. M. Música,despesa,6,5000.00,2502.88
2024,07026AV002,P. M. Música,despesa,5,160000.00,0
2024,07026AV002,P. M. Música,despesa,8,10.00,0
2024,07026AV002,P. M. Música,despesa,1,528320.91,475468.17
2024,07026AV002,P. M. Música,despesa,2,429936.96,378142.51
2024,07026AV002,P. M. Música,ingres,7,5000.00,2502.88
2024,07029AA000,Lloseta,ingres,3,1898070.45,1438839.87
2024,07029AA000,Lloseta,despesa,1,3359926.80,2987702.45
2024,07029AA000,Lloseta,despesa,3,71020.19,44586.87
2024,07029AA000,Lloseta,despesa,6,3094151.70,518370.28
2024,07029AA000,Lloseta,ingres,1,2133000.00,2058336.49
2024,07029AA000,Lloseta,ingres,7,1461918.20,191094.34
2024,07029AA000,Lloseta,ingres,4,2395798.24,2643684.92
2024,07029AA000,Lloseta,ingres,5,55020.00,49809.96
2024,07029AA000,Lloseta,despesa,4,771783.73,674744.20
2024,07029AA000,Lloseta,despesa,9,101147.14,101147.14
2024,07029AA000,Lloseta,ingres,2,200000.00,163833.41
2024,07029AA000,Lloseta,ingres,9,690474.70,0
2024,07029AA000,Lloseta,despesa,2,2574498.06,2033458.73
2024,07029AA000,Lloseta,ingres,8,1138246.03,0
2024,07030AA000,Llubí,despesa,9,49241.65,49182.45
2024,07030AA000,Llubí,despesa,3,23109.53,23085.18
2024,07030AA000,Llubí,ingres,3,160250.00,206657.88
2024,07030AA000,Llubí,ingres,7,2561345.73,2524815.64
2024,07030AA000,Llubí,ingres,8,1201047.67,0
2024,07030AA000,Llubí,ingres,5,17700.00,44649.66
2024,07030AA000,Llubí,despesa,6,3797854.75,1415281.90
2024,07030AA000,Llubí,ingres,1,717327.00,705798.03
2024,07030AA000,Llubí,ingres,2,200000.00,235209.04
2024,07030AA000,Llubí,despesa,7,2000.00,334.00
2024,07030AA000,Llubí,ingres,4,1218610.62,1507717.30
2024,07030AA000,Llubí,despesa,1,1164037.55,1137942.47
2024,07030AA000,Llubí,despesa,4,76487.90,72319.63
2024,07030AA000,Llubí,despesa,2,963549.64,939963.84
2024,07031AA000,Llucmajor,ingres,7,0,179277.81
2024,07031AA000,Llucmajor,despesa,2,25345057.64,18639447.15
2024,07031AA000,Llucmajor,despesa,8,55000.00,12000.00
2024,07031AA000,Llucmajor,ingres,2,5710500.00,1114283.65
2024,07031AA000,Llucmajor,ingres,5,1322700.00,2240160.53
2024,07031AA000,Llucmajor,despesa,3,850427.76,436594.32
2024,07031AA000,Llucmajor,ingres,8,29335250.28,19331.24
2024,07031AA000,Llucmajor,despesa,4,2472500.00,2161431.03
2024,07031AA000,Llucmajor,despesa,6,22966042.98,3209566.90
2024,07031AA000,Llucmajor,ingres,3,13481433.53,12713931.41
2024,07031AA000,Llucmajor,ingres,4,11924927.41,13551130.57
2024,07031AA000,Llucmajor,despesa,1,25815382.84,20485468.45
2024,07031AA000,Llucmajor,despesa,7,3235000.00,3808.01
2024,07031AA000,Llucmajor,ingres,1,18964600.00,19341255.23
2024,07031AV001,P. Res. Personas Mayores,despesa,2,280921.84,153803.97
2024,07031AV001,P. Res. Personas Mayores,ingres,5,100.00,1.01
2024,07031AV001,P. Res. Personas Mayores,despesa,8,12000.00,0
2024,07031AV001,P. Res. Personas Mayores,despesa,1,1928024.83,1244570.78
2024,07031AV001,P. Res. Personas Mayores,despesa,6,302163.02,30464.88
2024,07031AV001,P. Res. Personas Mayores,ingres,3,200100.00,208326.64
2024,07031AV001,P. Res. Personas Mayores,despesa,5,10420.21,0
2024,07031AV001,P. Res. Personas Mayores,ingres,7,145000.00,0
2024,07031AV001,P. Res. Personas Mayores,ingres,4,1989345.04,1031054.48
2024,07031AV001,P. Res. Personas Mayores,despesa,3,1000.00,93.33
2024,07031AV001,P. Res. Personas Mayores,ingres,8,199984.86,0
2024,07034AA000,Mancor de la Vall,despesa,1,936577.42,933511.94
2024,07034AA000,Mancor de la Vall,ingres,7,627631.52,570881.42
2024,07034AA000,Mancor de la Vall,despesa,4,298858.65,292404.50
2024,07034AA000,Mancor de la Vall,ingres,4,1050796.26,1001264.09
2024,07034AA000,Mancor de la Vall,ingres,3,317250.00,277817.25
2024,07034AA000,Mancor de la Vall,ingres,2,40250.00,42397.78
2024,07034AA000,Mancor de la Vall,despesa,7,192307.69,0
2024,07034AA000,Mancor de la Vall,ingres,8,358086.92,0
2024,07034AA000,Mancor de la Vall,despesa,2,800996.94,782963.52
2024,07034AA000,Mancor de la Vall,despesa,3,4000.00,3390.47
2024,07034AA000,Mancor de la Vall,ingres,1,618000.00,666454.79
2024,07034AA000,Mancor de la Vall,ingres,5,7600.00,7424.00
2024,07034AA000,Mancor de la Vall,despesa,6,786874.00,396499.17
2024,07036AA000,Marratxí,ingres,4,11675533.53,14005567.40
2024,07036AA000,Marratxí,despesa,6,14898290.96,5752641.79
2024,07036AA000,Marratxí,despesa,8,136000.00,120000.00
2024,07036AA000,Marratxí,ingres,8,13743369.96,120000.00
2024,07036AA000,Marratxí,despesa,1,17624939.57,16165461.75
2024,07036AA000,Marratxí,despesa,3,40000.00,38595.07
2024,07036AA000,Marratxí,ingres,2,2075000.00,1662502.58
2024,07036AA000,Marratxí,despesa,4,11455434.15,10169595.33
2024,07036AA000,Marratxí,ingres,7,361608.45,99290.22
2024,07036AA000,Marratxí,despesa,2,7837247.26,6971858.58
2024,07036AA000,Marratxí,ingres,1,14947000.00,14244021.51
2024,07036AA000,Marratxí,ingres,3,8234400.00,7257638.34
2024,07036AA000,Marratxí,ingres,5,955000.00,1379082.15
2024,07036AO001,Institut Municipal Comunicació,despesa,2,298520.96,281452.81
2024,07036AO001,Institut Municipal Comunicació,despesa,3,1000.00,913.34
2024,07036AO001,Institut Municipal Comunicació,despesa,6,479.04,479.04
2024,07036AO001,Institut Municipal Comunicació,ingres,4,300000.00,300000.00
2024,07036AO001,Institut Municipal Comunicació,ingres,5,0,2598.73
2024,07037AA000,Mercadal (Es),ingres,1,5129000.00,5579148.95
2024,07037AA000,Mercadal (Es),ingres,3,4322560.00,3583926.14
2024,07037AA000,Mercadal (Es),ingres,5,451000.00,568852.61
2024,07037AA000,Mercadal (Es),despesa,3,19000.00,6041.31
2024,07037AA000,Mercadal (Es),despesa,8,20000.00,10562.50
2024,07037AA000,Mercadal (Es),despesa,7,431815.76,0
2024,07037AA000,Mercadal (Es),ingres,2,247750.00,1487396.14
2024,07037AA000,Mercadal (Es),despesa,2,6224133.62,5631241.44
2024,07037AA000,Mercadal (Es),despesa,1,3276003.38,3011277.58
2024,07037AA000,Mercadal (Es),ingres,4,2921383.66,3398757.67
2024,07037AA000,Mercadal (Es),ingres,8,10531700.84,10562.50
2024,07037AA000,Mercadal (Es),despesa,5,59.27,0
2024,07037AA000,Mercadal (Es),despesa,6,17473027.66,2753024.08
2024,07037AA000,Mercadal (Es),ingres,7,5327377.54,1462373.95
2024,07037AA000,Mercadal (Es),despesa,4,1486732.35,1146658.90
2024,07048AA000,Sant Josep de sa Talaia,despesa,3,3750.00,276.64
2024,07048AA000,Sant Josep de sa Talaia,ingres,7,2672569.67,2478334.11
2024,07048AA000,Sant Josep de sa Talaia,ingres,3,13257075.94,13869100.72
2024,07048AA000,Sant Josep de sa Talaia,despesa,6,8315976.17,4237488.04
2024,07048AA000,Sant Josep de sa Talaia,despesa,4,4197729.56,2860485.40
2024,07048AA000,Sant Josep de sa Talaia,ingres,1,16630324.00,15040260.49
2024,07048AA000,Sant Josep de sa Talaia,ingres,4,10351271.14,11100870.38
2024,07048AA000,Sant Josep de sa Talaia,despesa,5,7430.67,0
2024,07048AA000,Sant Josep de sa Talaia,ingres,5,5090502.52,5079453.25
2024,07048AA000,Sant Josep de sa Talaia,ingres,8,7123922.68,0
2024,07048AA000,Sant Josep de sa Talaia,despesa,1,13101638.18,12728114.23
2024,07048AA000,Sant Josep de sa Talaia,ingres,2,2000000.00,1721885.63
2024,07048AA000,Sant Josep de sa Talaia,despesa,2,31499141.37,27442832.51
2024,07050AA000,Sant Joan de Labritja,despesa,6,17234839.57,2406583.80
2024,07050AA000,Sant Joan de Labritja,ingres,1,3955000.00,4079206.11
2024,07050AA000,Sant Joan de Labritja,despesa,4,606910.00,272923.19
2024,07050AA000,Sant Joan de Labritja,ingres,4,2379300.00,2538714.72
2024,07050AA000,Sant Joan de Labritja,ingres,6,1000.00,0
2024,07050AA000,Sant Joan de Labritja,ingres,5,71000.00,309119.06
2024,07050AA000,Sant Joan de Labritja,despesa,1,3007337.74,2357997.34
2024,07050AA000,Sant Joan de Labritja,ingres,7,3217789.55,1431539.20
2024,07050AA000,Sant Joan de Labritja,ingres,8,14627911.01,0
2024,07050AA000,Sant Joan de Labritja,ingres,3,3112845.00,3244439.96
2024,07050AA000,Sant Joan de Labritja,despesa,2,7303725.25,6068382.51
2024,07050AA000,Sant Joan de Labritja,despesa,3,288100.00,166636.91
2024,07050AA000,Sant Joan de Labritja,ingres,2,1076067.00,3125001.41
2024,07064AA000,Castell (Es),despesa,1,5285996.97,5119286.02
2024,07064AA000,Castell (Es),despesa,6,6318056.11,2089480.38
2024,07064AA000,Castell (Es),ingres,3,1323400.00,1420916.12
2024,07064AA000,Castell (Es),ingres,8,798056.11,0
2024,07064AA000,Castell (Es),despesa,2,2051250.00,1926588.33
2024,07064AA000,Castell (Es),ingres,1,4231500.00,4194232.28
2024,07064AA000,Castell (Es),despesa,7,284510.64,20178.70
2024,07064AA000,Castell (Es),despesa,3,7000.00,5743.05
2024,07064AA000,Castell (Es),ingres,7,4477500.00,1112423.70
2024,07064AA000,Castell (Es),ingres,6,250000.00,0
2024,07064AA000,Castell (Es),despesa,4,1003272.72,990095.81
2024,07064AA000,Castell (Es),ingres,2,180000.00,173374.19
2024,07064AA000,Castell (Es),ingres,5,40000.00,44582.93
2024,07064AA000,Castell (Es),ingres,4,3649630.33,3916970.46
2024,07005AA000,Andratx,ingres,5,790000.00,1434721.94
2024,07005AA000,Andratx,despesa,8,10000.00,0
2024,07005AA000,Andratx,despesa,3,18000.00,8855.34
2024,07005AA000,Andratx,despesa,6,22761416.19,8934652.14
2024,07005AA000,Andratx,despesa,7,145000.00,19040.30
2024,07005AA000,Andratx,despesa,1,10474315.89,10473059.35
2024,07005AA000,Andratx,despesa,2,15629772.64,13423756.52
2024,07005AA000,Andratx,ingres,2,2600000.00,2890792.63
2024,07005AA000,Andratx,despesa,4,941280.00,826007.25
2024,07005AA000,Andratx,ingres,1,12177000.00,12367200.34
2024,07005AA000,Andratx,ingres,4,4439000.00,4314790.94
2024,07005AA000,Andratx,despesa,5,100.00,0
2024,07005AA000,Andratx,ingres,3,5958530.00,7278504.72
2024,07005AA000,Andratx,ingres,8,23755354.72,555.48
2024,07005AA000,Andratx,ingres,7,260000.00,393050.00
2024,07040AV001,Inst. M. l'Esport,ingres,3,4488285.78,4462411.02
2024,07040AV001,Inst. M. l'Esport,ingres,4,17963969.94,14898704.33
2024,07040AV001,Inst. M. l'Esport,despesa,6,4713507.34,1491714.75
2024,07040AV001,Inst. M. l'Esport,despesa,3,5000.00,0
2024,07040AV001,Inst. M. l'Esport,despesa,4,350000.00,264920.18
2024,07040AV001,Inst. M. l'Esport,ingres,8,90000.00,27042.43
2024,07040AV001,Inst. M. l'Esport,ingres,5,190850.32,193952.47
2024,07040AV001,Inst. M. l'Esport,despesa,8,90000.00,51500.00
2024,07040AV001,Inst. M. l'Esport,despesa,1,6497632.12,5495488.53
2024,07040AV001,Inst. M. l'Esport,despesa,2,15790473.92,13765108.08
2024,07040AV001,Inst. M. l'Esport,ingres,7,4713507.34,1491714.75
2024,07040AV009,Inst. M. Form. Ocupacional i Feina,despesa,4,201530.00,158037.62
2024,07040AV009,Inst. M. Form. Ocupacional i Feina,despesa,2,1438176.50,780022.08
2024,07040AV009,Inst. M. Form. Ocupacional i Feina,ingres,5,6300.00,43206.72
2024,07040AV009,Inst. M. Form. Ocupacional i Feina,ingres,8,878514.82,9207.33
2024,07040AV009,Inst. M. Form. Ocupacional i Feina,ingres,3,60000.00,8111.90
2024,07040AV009,Inst. M. Form. Ocupacional i Feina,ingres,7,106000.00,203343.26
2024,07040AV009,Inst. M. Form. Ocupacional i Feina,despesa,1,8811314.02,6138129.17
2024,07040AV009,Inst. M. Form. Ocupacional i Feina,despesa,8,20000.00,15425.40
2024,07040AV009,Inst. M. Form. Ocupacional i Feina,ingres,4,9640505.70,6477475.47
2024,07040AV009,Inst. M. Form. Ocupacional i Feina,despesa,3,300.00,0
2024,07040AV009,Inst. M. Form. Ocupacional i Feina,despesa,6,20000.00,3343.26
2024,07040AV009,Inst. M. Form. Ocupacional i Feina,despesa,7,200000.00,200000.00
2024,07059AA000,Salines (Ses),despesa,2,4221715.27,4195909.63
2024,07059AA000,Salines (Ses),despesa,1,3506628.77,3414540.85
2024,07059AA000,Salines (Ses),despesa,4,909133.14,641474.60
2024,07059AA000,Salines (Ses),ingres,2,695000.00,770703.36
2024,07059AA000,Salines (Ses),ingres,8,2334955.44,0
2024,07059AA000,Salines (Ses),ingres,4,2155603.80,2548394.45
2024,07059AA000,Salines (Ses),despesa,6,6915961.77,3058754.07
2024,07059AA000,Salines (Ses),ingres,1,3297792.79,3159635.70
2024,07059AA000,Salines (Ses),despesa,3,12000.00,4563.20
2024,07059AA000,Salines (Ses),despesa,7,5000.00,5000.00
2024,07059AA000,Salines (Ses),ingres,3,2146350.33,1912842.42
2024,07059AA000,Salines (Ses),ingres,7,4384593.48,3417599.41
2024,07059AA000,Salines (Ses),ingres,5,556143.11,552080.01
2024,07011AO001,"Inst. M. de Educación y Bibliotecas, IMEB -Calvià",despesa,4,482191.71,406097.93
2024,07011AO001,"Inst. M. de Educación y Bibliotecas, IMEB -Calvià",despesa,8,22000.00,15220.48
2024,07011AO001,"Inst. M. de Educación y Bibliotecas, IMEB -Calvià",ingres,4,9913961.57,10350143.88
2024,07011AO001,"Inst. M. de Educación y Bibliotecas, IMEB -Calvià",despesa,1,6792201.40,6491844.64
2024,07011AO001,"Inst. M. de Educación y Bibliotecas, IMEB -Calvià",despesa,6,494655.53,336063.48
2024,07011AO001,"Inst. M. de Educación y Bibliotecas, IMEB -Calvià",despesa,3,700.00,25.15
2024,07011AO001,"Inst. M. de Educación y Bibliotecas, IMEB -Calvià",ingres,7,424003.00,130000.00
2024,07011AO001,"Inst. M. de Educación y Bibliotecas, IMEB -Calvià",ingres,3,559480.00,601327.81
2024,07011AO001,"Inst. M. de Educación y Bibliotecas, IMEB -Calvià",ingres,8,48664.47,15220.48
2024,07011AO001,"Inst. M. de Educación y Bibliotecas, IMEB -Calvià",despesa,2,3154360.40,2817342.97
2024,07011AA000,Calvià,despesa,4,40187329.01,39471962.06
2024,07011AA000,Calvià,despesa,2,28298223.52,22629536.55
2024,07011AA000,Calvià,despesa,7,584823.00,409927.08
2024,07011AA000,Calvià,ingres,5,8278749.93,9392669.58
2024,07011AA000,Calvià,ingres,6,1905000.00,0
2024,07011AA000,Calvià,ingres,3,14900156.65,11216584.47
2024,07011AA000,Calvià,despesa,9,1753590.58,1728909.54
2024,07011AA000,Calvià,ingres,4,30078087.43,31750739.82
2024,07011AA000,Calvià,ingres,7,7574439.54,8872885.81
2024,07011AA000,Calvià,ingres,8,21807150.67,307210.00
2024,07011AA000,Calvià,despesa,8,310000.00,299402.00
2024,07011AA000,Calvià,despesa,6,38843220.31,10862424.95
2024,07011AA000,Calvià,ingres,2,8037428.47,5232588.85
2024,07011AA000,Calvià,despesa,1,46552753.91,46306343.31
2024,07011AA000,Calvià,despesa,3,1021072.36,577015.83
2024,07011AA000,Calvià,ingres,1,54970000.00,49866524.10
2024,07011AA000,Calvià,ingres,9,10000000.00,10000000.00
2024,07033AA000,Manacor,ingres,1,18835618.67,21027455.77
2024,07033AA000,Manacor,ingres,7,5935842.32,5798608.91
2024,07033AA000,Manacor,despesa,3,576476.83,83939.83
2024,07033AA000,Manacor,ingres,2,1404797.00,709277.55
2024,07033AA000,Manacor,ingres,4,14476924.26,15966385.95
2024,07033AA000,Manacor,despesa,7,3217275.37,258687.93
2024,07033AA000,Manacor,despesa,4,2781948.38,2097949.87
2024,07033AA000,Manacor,despesa,6,36632461.82,3577171.72
2024,07033AA000,Manacor,ingres,5,488104.81,1491348.01
2024,07033AA000,Manacor,despesa,1,21115393.13,19404585.31
2024,07033AA000,Manacor,despesa,8,60100.00,54692.04
2024,07033AA000,Manacor,ingres,8,40642172.11,54553.27
2024,07033AA000,Manacor,despesa,2,25602861.43,21318008.92
2024,07033AA000,Manacor,ingres,3,11939202.40,11665205.76
2024,07033AO001,Institut Públic del Teatre Municipal,ingres,4,300000.00,347570.03
2024,07033AO001,Institut Públic del Teatre Municipal,despesa,6,9500.00,9201.10
2024,07033AO001,Institut Públic del Teatre Municipal,ingres,3,320240.00,440840.56
2024,07033AO001,Institut Públic del Teatre Municipal,ingres,8,180000.00,0
2024,07033AO001,Institut Públic del Teatre Municipal,despesa,2,790740.00,747954.26
2024,07033AO001,Institut Públic del Teatre Municipal,ingres,7,50000.00,0
2024,07033AV003,P. M. d'Esports,despesa,6,804073.43,11530.59
2024,07033AV003,P. M. d'Esports,ingres,5,44280.68,45780.71
2024,07033AV003,P. M. d'Esports,despesa,2,449116.41,217595.10
2024,07033AV003,P. M. d'Esports,ingres,4,257361.32,257361.32
2024,07033AV003,P. M. d'Esports,ingres,3,10508.00,2971.20
2024,07033AV003,P. M. d'Esports,ingres,7,80000.00,8441.51
2024,07033AV003,P. M. d'Esports,ingres,8,941039.84,0
2024,07033AO002,Institució Pública Antoni M. Alcover,ingres,4,108500.00,84497.02
2024,07033AO002,Institució Pública Antoni M. Alcover,despesa,2,104947.09,104854.58
2024,07033AO002,Institució Pública Antoni M. Alcover,despesa,6,3552.91,3552.91
2024,07033AO002,Institució Pública Antoni M. Alcover,ingres,7,5000.00,0
2024,07044AA000,Pobla (Sa),ingres,1,4832000.00,5044584.56
2024,07044AA000,Pobla (Sa),ingres,7,3173539.86,3466049.58
2024,07044AA000,Pobla (Sa),ingres,9,664500.00,664500.00
2024,07044AA000,Pobla (Sa),ingres,3,4473485.13,4472693.17
2024,07044AA000,Pobla (Sa),ingres,2,500000.00,1014266.43
2024,07044AA000,Pobla (Sa),despesa,9,255751.31,254483.72
2024,07044AA000,Pobla (Sa),ingres,5,57888.96,55088.31
2024,07044AA000,Pobla (Sa),despesa,3,51948.90,31836.40
2024,07044AA000,Pobla (Sa),despesa,4,350061.97,318174.25
2024,07044AA000,Pobla (Sa),despesa,2,7133341.79,6698570.78
2024,07044AA000,Pobla (Sa),despesa,6,4470486.54,1341741.82
2024,07044AA000,Pobla (Sa),despesa,5,5000.00,0
2024,07044AA000,Pobla (Sa),despesa,1,7499694.97,6766099.97
2024,07044AA000,Pobla (Sa),despesa,7,38815.69,37508.47
2024,07044AA000,Pobla (Sa),ingres,4,5148325.96,6312786.30
2024,07044AA000,Pobla (Sa),ingres,8,955360.23,0
2024,07025AA000,Fornalutx,despesa,2,834849.53,647072.25
2024,07025AA000,Fornalutx,despesa,3,2500.00,2128.75
2024,07025AA000,Fornalutx,ingres,2,30345.00,22651.12
2024,07025AA000,Fornalutx,ingres,7,1066716.99,281413.43
2024,07025AA000,Fornalutx,ingres,8,1034500.95,0
2024,07025AA000,Fornalutx,ingres,1,509725.00,528467.61
2024,07025AA000,Fornalutx,despesa,6,2010510.94,588238.64
2024,07025AA000,Fornalutx,ingres,4,660588.69,656236.33
2024,07025AA000,Fornalutx,ingres,3,307227.00,408814.76
2024,07025AA000,Fornalutx,despesa,1,658127.35,627342.37
2024,07025AA000,Fornalutx,ingres,5,12244.19,6584.00
2024,07025AA000,Fornalutx,despesa,4,115360.00,100750.87
2024,07027AA000,Inca,despesa,2,18492084.13,16362758.86
2024,07027AA000,Inca,ingres,8,9664456.98,42200.00
2024,07027AA000,Inca,despesa,4,1976617.36,1297226.30
2024,07027AA000,Inca,ingres,3,11366174.10,12134545.39
2024,07027AA000,Inca,ingres,7,2016654.69,3120153.00
2024,07027AA000,Inca,ingres,1,10732264.47,10882614.66
2024,07027AA000,Inca,ingres,4,14216825.04,14285010.04
2024,07027AA000,Inca,despesa,7,635017.76,186182.72
2024,07027AA000,Inca,despesa,8,42200.00,42200.00
2024,07027AA000,Inca,ingres,2,488531.72,779643.37
2024,07027AA000,Inca,despesa,1,17551723.57,16985081.71
2024,07027AA000,Inca,ingres,5,242725.54,327721.85
2024,07027AA000,Inca,despesa,6,8885097.78,5397162.50
2024,07007AA000,Banyalbufar,ingres,1,402716.17,430897.65
2024,07007AA000,Banyalbufar,ingres,2,304520.07,207947.22
2024,07007AA000,Banyalbufar,ingres,4,523949.68,553918.39
2024,07007AA000,Banyalbufar,despesa,3,10000.00,9516.74
2024,07007AA000,Banyalbufar,ingres,3,327171.41,286340.24
2024,07007AA000,Banyalbufar,despesa,4,11150.00,9559.22
2024,07007AA000,Banyalbufar,ingres,5,50481.00,42731.67
2024,07007AA000,Banyalbufar,despesa,1,576330.94,547375.40
2024,07007AA000,Banyalbufar,despesa,6,478834.28,130033.25
2024,07007AA000,Banyalbufar,despesa,9,42500.00,42273.39
2024,07007AA000,Banyalbufar,despesa,2,999203.65,995787.54
2024,07007AA000,Banyalbufar,ingres,7,411432.47,410649.81
2024,07007AA000,Banyalbufar,ingres,8,97748.07,0
2024,07022AA000,Felanitx,despesa,3,33500.00,14296.00
2024,07022AA000,Felanitx,despesa,4,1489286.19,1030863.67
2024,07022AA000,Felanitx,ingres,2,903000.00,1552893.23
2024,07022AA000,Felanitx,despesa,6,7193770.33,1346901.43
2024,07022AA000,Felanitx,despesa,7,77687.06,22761.98
2024,07022AA000,Felanitx,ingres,3,4997362.33,5600564.77
2024,07022AA000,Felanitx,ingres,4,6403317.38,7074002.09
2024,07022AA000,Felanitx,ingres,5,1132600.00,1174853.95
2024,07022AA000,Felanitx,ingres,8,5940334.08,6249.52
2024,07022AA000,Felanitx,ingres,9,550000.00,0
2024,07022AA000,Felanitx,ingres,7,3670611.47,1627284.67
2024,07022AA000,Felanitx,despesa,1,8861865.05,8709430.82
2024,07022AA000,Felanitx,despesa,2,14225627.11,12412764.27
2024,07022AA000,Felanitx,despesa,8,12489.52,6089.52
2024,07022AA000,Felanitx,ingres,1,8297000.00,8917135.06
2024,07024AA000,Formentera,ingres,4,19199000.00,20729544.29
2024,07024AA000,Formentera,ingres,7,8155480.37,4197651.67
2024,07024AA000,Formentera,ingres,1,9475000.00,9424953.66
2024,07024AA000,Formentera,despesa,7,290000.00,70001.00
2024,07024AA000,Formentera,ingres,5,10215.00,394599.60
2024,07024AA000,Formentera,despesa,4,2751440.00,1994372.81
2024,07024AA000,Formentera,despesa,6,13393558.31,5470922.64
2024,07024AA000,Formentera,despesa,2,20944016.00,18030210.26
2024,07024AA000,Formentera,despesa,1,18581500.00,18504255.27
2024,07024AA000,Formentera,ingres,3,9755000.00,12383007.09
2024,07024AA000,Formentera,despesa,3,30000.00,19898.70
2024,07024AA000,Formentera,ingres,8,8595818.94,0
2024,07024AA000,Formentera,ingres,2,800000.00,1530947.49
2024,07038AA000,Montuïri,ingres,4,1473387.91,1545713.36
2024,07038AA000,Montuïri,ingres,5,9800.00,86166.17
2024,07038AA000,Montuïri,ingres,7,680270.81,403444.04
2024,07038AA000,Montuïri,despesa,4,490055.53,467154.06
2024,07038AA000,Montuïri,ingres,3,389602.00,402142.35
2024,07038AA000,Montuïri,despesa,2,1373933.97,1004934.63
2024,07038AA000,Montuïri,despesa,7,192307.69,1690.66
2024,07038AA000,Montuïri,despesa,9,280000.00,277123.21
2024,07038AA000,Montuïri,ingres,2,248900.00,291522.03
2024,07038AA000,Montuïri,despesa,1,1261425.27,1155766.79
2024,07038AA000,Montuïri,despesa,3,4400.00,3370.88
2024,07038AA000,Montuïri,ingres,1,1149739.51,1103172.47
2024,07038AA000,Montuïri,despesa,6,1431856.07,679651.60
2024,07038AA000,Montuïri,ingres,8,1153371.71,0
2024,07053AA000,Santa Eugènia,ingres,1,723133.07,698412.49
2024,07053AA000,Santa Eugènia,ingres,7,1279526.67,560150.00
2024,07053AA000,Santa Eugènia,despesa,1,918015.18,870659.96
2024,07053AA000,Santa Eugènia,despesa,2,858784.38,786315.81
2024,07053AA000,Santa Eugènia,despesa,9,28218.11,28218.11
2024,07053AA000,Santa Eugènia,despesa,3,17703.90,4773.82
2024,07053AA000,Santa Eugènia,ingres,4,1055075.72,1048170.55
2024,07053AA000,Santa Eugènia,ingres,9,350000.00,350000.00
2024,07053AA000,Santa Eugènia,despesa,4,246061.21,206427.68
2024,07053AA000,Santa Eugènia,ingres,2,90761.54,56215.75
2024,07053AA000,Santa Eugènia,ingres,3,416186.56,449516.66
2024,07053AA000,Santa Eugènia,ingres,8,2351431.10,0
2024,07053AA000,Santa Eugènia,despesa,6,4205183.78,2471892.05
2024,07053AA000,Santa Eugènia,despesa,8,10000.00,0
2024,07053AA000,Santa Eugènia,ingres,5,17851.90,43642.41
2024,07065AA000,Vilafranca de Bonany,ingres,9,272000.00,272000.00
2024,07065AA000,Vilafranca de Bonany,ingres,8,1280133.74,0
2024,07065AA000,Vilafranca de Bonany,despesa,3,22085.00,21884.53
2024,07065AA000,Vilafranca de Bonany,despesa,6,2076588.39,1661377.50
2024,07065AA000,Vilafranca de Bonany,ingres,2,150000.00,114517.89
2024,07065AA000,Vilafranca de Bonany,ingres,5,2000.00,1940.86
2024,07065AA000,Vilafranca de Bonany,despesa,9,80555.00,80522.78
2024,07065AA000,Vilafranca de Bonany,ingres,1,857250.00,909952.11
2024,07065AA000,Vilafranca de Bonany,ingres,3,582429.06,603816.52
2024,07065AA000,Vilafranca de Bonany,ingres,7,361342.03,511404.89
2024,07065AA000,Vilafranca de Bonany,despesa,5,5000.00,0
2024,07065AA000,Vilafranca de Bonany,despesa,1,661507.71,613829.40
2024,07065AA000,Vilafranca de Bonany,despesa,2,1137629.11,1134637.26
2024,07065AA000,Vilafranca de Bonany,despesa,4,1479226.75,1285686.92
2024,07065AA000,Vilafranca de Bonany,ingres,4,1957437.13,2192896.60
2024,07015AV003,P. Esc. Infantiles,ingres,3,65000.00,144773.30
2024,07015AV003,P. Esc. Infantiles,ingres,4,1829000.00,1852886.00
2024,07015AV003,P. Esc. Infantiles,despesa,1,690717.76,658619.66
2024,07015AV003,P. Esc. Infantiles,despesa,2,1226327.96,1107203.50
2024,07015AV003,P. Esc. Infantiles,ingres,5,0,4.01
2024,07015AV003,P. Esc. Infantiles,ingres,7,30000.00,30000.00
2024,07015AV003,P. Esc. Infantiles,despesa,6,57000.00,32784.61
2024,07015AV003,P. Esc. Infantiles,ingres,8,50045.72,0
2024,07042AA000,Pollença,ingres,2,1200040.00,1805664.68
2024,07042AA000,Pollença,despesa,1,11511401.09,9940615.24
2024,07042AA000,Pollença,ingres,1,11692743.57,12411382.38
2024,07042AA000,Pollença,despesa,3,20000.00,8496.40
2024,07042AA000,Pollença,despesa,7,193154.69,846.10
2024,07042AA000,Pollença,despesa,6,13322647.73,700451.30
2024,07042AA000,Pollença,ingres,3,7782599.00,9390270.76
2024,07042AA000,Pollença,ingres,4,5917480.23,7340249.31
2024,07042AA000,Pollença,ingres,7,3681537.04,2651728.51
2024,07042AA000,Pollença,despesa,4,3951559.00,3766966.98
2024,07042AA000,Pollença,ingres,8,10563229.92,0
2024,07042AA000,Pollença,ingres,5,18100.00,348856.70
2024,07042AA000,Pollença,despesa,2,11856967.25,10538762.87
2024,07043AA000,Porreres,ingres,7,558685.97,558685.97
2024,07043AA000,Porreres,despesa,4,330111.52,279787.52
2024,07043AA000,Porreres,despesa,1,2145663.33,1645483.74
2024,07043AA000,Porreres,ingres,1,1951481.60,1988619.92
2024,07043AA000,Porreres,ingres,5,35000.00,20636.61
2024,07043AA000,Porreres,despesa,6,2330420.33,934370.53
2024,07043AA000,Porreres,ingres,3,350188.37,467355.27
2024,07043AA000,Porreres,ingres,8,1851061.57,0
2024,07043AA000,Porreres,despesa,3,15000.00,7271.61
2024,07043AA000,Porreres,despesa,2,3042825.61,2656100.73
2024,07043AA000,Porreres,ingres,2,376021.90,477428.19
2024,07043AA000,Porreres,ingres,4,2741581.38,3306316.06
2024,07056AA000,Santa María del Camí,ingres,9,1432569.63,1082569.63
2024,07056AA000,Santa María del Camí,ingres,4,4541612.35,4184090.42
2024,07056AA000,Santa María del Camí,ingres,2,490000.00,439009.98
2024,07056AA000,Santa María del Camí,ingres,7,149999.93,149999.93
2024,07056AA000,Santa María del Camí,despesa,3,19250.00,0
2024,07056AA000,Santa María del Camí,ingres,8,1219564.59,0
2024,07056AA000,Santa María del Camí,despesa,2,3561995.87,3367283.11
2024,07056AA000,Santa María del Camí,despesa,4,1173852.56,888221.06
2024,07056AA000,Santa María del Camí,ingres,3,2919003.02,1721800.06
2024,07056AA000,Santa María del Camí,despesa,6,3677454.37,610478.67
2024,07056AA000,Santa María del Camí,despesa,1,5518034.88,4445483.40
2024,07056AA000,Santa María del Camí,ingres,1,3197833.16,3586209.56
2024,07056AA000,Santa María del Camí,ingres,5,5.00,0
2024,07001DD000,Consejo Insular de Ibiza,despesa,1,44438918.01,42279729.72
2024,07001DD000,Consejo Insular de Ibiza,ingres,3,7761257.83,9632298.10
2024,07001DD000,Consejo Insular de Ibiza,despesa,3,337990.85,233114.73
2024,07001DD000,Consejo Insular de Ibiza,ingres,9,200000.00,105753.15
2024,07001DD000,Consejo Insular de Ibiza,despesa,9,190000.00,177546.96
2024,07001DD000,Consejo Insular de Ibiza,ingres,7,19830156.20,16975451.28
2024,07001DD000,Consejo Insular de Ibiza,despesa,8,350000.00,153631.10
2024,07001DD000,Consejo Insular de Ibiza,ingres,8,60462172.87,125590.28
2024,07001DD000,Consejo Insular de Ibiza,despesa,4,43883892.78,32369582.64
2024,07001DD000,Consejo Insular de Ibiza,despesa,6,28474658.94,9989470.55
2024,07001DD000,Consejo Insular de Ibiza,ingres,1,3916318.40,4142317.73
2024,07001DD000,Consejo Insular de Ibiza,ingres,4,109885499.34,113288760.00
2024,07001DD000,Consejo Insular de Ibiza,ingres,5,3560000.00,3808459.44
2024,07001DD000,Consejo Insular de Ibiza,despesa,5,40179.12,0
2024,07001DD000,Consejo Insular de Ibiza,despesa,7,54563703.06,38378392.25
2024,07001DD000,Consejo Insular de Ibiza,ingres,2,4506279.00,3873298.58
2024,07001DD000,Consejo Insular de Ibiza,despesa,2,37842340.88,23090534.99
2024,07001DV003,P. Esc. Turismo,despesa,3,800.00,41.32
2024,07001DV003,P. Esc. Turismo,despesa,1,554951.65,552742.04
2024,07001DV003,P. Esc. Turismo,despesa,2,124468.04,123011.98
2024,07001DV003,P. Esc. Turismo,despesa,6,25000.00,11527.97
2024,07001DV003,P. Esc. Turismo,ingres,4,633000.00,668657.40
2024,07001DV003,P. Esc. Turismo,despesa,4,30000.00,25926.46
2024,07001DV003,P. Esc. Turismo,ingres,3,107000.00,42233.63
2024,07001DV003,P. Esc. Turismo,despesa,5,4780.31,0
2024,07002DD000,Consejo Insular de Mallorca,despesa,8,1100000.00,75438.84
2024,07002DD000,Consejo Insular de Mallorca,ingres,8,180747769.43,75437.84
2024,07002DD000,Consejo Insular de Mallorca,despesa,2,93013881.15,66999358.51
2024,07002DD000,Consejo Insular de Mallorca,despesa,3,1568100.15,823622.71
2024,07002DD000,Consejo Insular de Mallorca,ingres,6,0,11660.31
2024,07002DD000,Consejo Insular de Mallorca,despesa,4,341669010.45,333557969.11
2024,07002DD000,Consejo Insular de Mallorca,despesa,7,109702330.21,46601313.32
2024,07002DD000,Consejo Insular de Mallorca,ingres,7,86823819.25,79536892.75
2024,07002DD000,Consejo Insular de Mallorca,ingres,2,20980930.00,22531269.81
2024,07002DD000,Consejo Insular de Mallorca,despesa,1,103923086.95,95887905.79
2024,07002DD000,Consejo Insular de Mallorca,despesa,6,183104787.19,47627499.50
2024,07002DD000,Consejo Insular de Mallorca,ingres,3,22971875.01,30640197.62
2024,07002DD000,Consejo Insular de Mallorca,ingres,5,9193557.36,12550499.44
2024,07002DD000,Consejo Insular de Mallorca,ingres,9,12125000.00,0
2024,07002DD000,Consejo Insular de Mallorca,ingres,1,19277670.00,25882394.82
2024,07002DD000,Consejo Insular de Mallorca,ingres,4,481960575.05,498599501.50
2024,07002DV001,Inst. l'Esport Hipic,despesa,1,1253383.57,1078445.42
2024,07002DV001,Inst. l'Esport Hipic,despesa,2,1225771.28,979592.44
2024,07002DV001,Inst. l'Esport Hipic,despesa,3,12000.00,0
2024,07002DV001,Inst. l'Esport Hipic,despesa,6,2588445.84,246662.88
2024,07002DV001,Inst. l'Esport Hipic,despesa,4,1255745.15,1240965.14
2024,07002DV001,Inst. l'Esport Hipic,despesa,8,5000.00,0
2024,07002DV001,Inst. l'Esport Hipic,ingres,3,282900.00,304115.53
2024,07002DV001,Inst. l'Esport Hipic,ingres,8,2119445.84,0
2024,07002DV001,Inst. l'Esport Hipic,ingres,7,474000.00,0
2024,07002DV001,Inst. l'Esport Hipic,ingres,4,3200000.00,2450044.31
2024,07002DV001,Inst. l'Esport Hipic,ingres,5,264000.00,266896.78
2024,07002DO001,Agència  Protecció Legalitat Urbanística i Territorial de Mallorca,despesa,1,3210624.27,2508529.68
2024,07002DO001,Agència  Protecció Legalitat Urbanística i Territorial de Mallorca,ingres,8,6000.00,0
2024,07002DO001,Agència  Protecció Legalitat Urbanística i Territorial de Mallorca,despesa,2,383420.31,338862.68
2024,07002DO001,Agència  Protecció Legalitat Urbanística i Territorial de Mallorca,ingres,3,2848595.10,4681281.91
2024,07002DO001,Agència  Protecció Legalitat Urbanística i Territorial de Mallorca,ingres,4,870000.00,870000.00
2024,07002DO001,Agència  Protecció Legalitat Urbanística i Territorial de Mallorca,despesa,6,117550.52,30146.85
2024,07002DO001,Agència  Protecció Legalitat Urbanística i Territorial de Mallorca,despesa,3,7000.00,0
2024,07002DO001,Agència  Protecció Legalitat Urbanística i Territorial de Mallorca,ingres,5,0,1061.24
2024,07002DO001,Agència  Protecció Legalitat Urbanística i Territorial de Mallorca,despesa,8,6000.00,0
2024,07002DV003,Inst.  Mallorquí d'Afers Socials,ingres,5,61274.60,228406.86
2024,07002DV003,Inst.  Mallorquí d'Afers Socials,despesa,2,167698056.64,157922079.15
2024,07002DV003,Inst.  Mallorquí d'Afers Socials,despesa,1,110137047.14,109018069.03
2024,07002DV003,Inst.  Mallorquí d'Afers Socials,despesa,7,4238527.34,577974.98
2024,07002DV003,Inst.  Mallorquí d'Afers Socials,ingres,4,291607432.52,284185104.34
2024,07002DV003,Inst.  Mallorquí d'Afers Socials,ingres,8,22698311.91,57427.72
2024,07002DV003,Inst.  Mallorquí d'Afers Socials,despesa,3,55000.00,6390.98
2024,07002DV003,Inst.  Mallorquí d'Afers Socials,despesa,8,120000.00,57427.72
2024,07002DV003,Inst.  Mallorquí d'Afers Socials,despesa,6,25991193.60,1568010.82
2024,07002DV003,Inst.  Mallorquí d'Afers Socials,ingres,7,9956291.33,2871783.92
2024,07002DV003,Inst.  Mallorquí d'Afers Socials,despesa,4,25426397.69,21147030.52
2024,07002DV003,Inst.  Mallorquí d'Afers Socials,ingres,3,9342912.05,8536928.45
2024,07010AE001,Palmanyola,ingres,5,24500.00,23798.56
2024,07010AE001,Palmanyola,despesa,4,148500.00,148500.00
2024,07010AE001,Palmanyola,ingres,7,480000.00,480000.00
2024,07010AE001,Palmanyola,despesa,6,650632.23,83530.02
2024,07010AE001,Palmanyola,despesa,1,335912.32,268444.32
2024,07010AE001,Palmanyola,ingres,3,34625.00,43508.08
2024,07010AE001,Palmanyola,ingres,4,1133373.94,1104826.89
2024,07010AE001,Palmanyola,ingres,8,9448.76,0
2024,07010AE001,Palmanyola,despesa,2,546903.15,517571.32
2024,07041AA000,Petra,despesa,7,6.00,0
2024,07041AA000,Petra,ingres,8,1364849.89,0
2024,07041AA000,Petra,ingres,7,3320111.17,2876102.06
2024,07041AA000,Petra,ingres,1,823942.00,964053.45
2024,07041AA000,Petra,despesa,4,229403.34,202460.33
2024,07041AA000,Petra,ingres,6,6.00,0
2024,07041AA000,Petra,despesa,2,1522729.58,1430921.45
2024,07041AA000,Petra,ingres,2,121004.00,137895.47
2024,07041AA000,Petra,ingres,3,607722.87,484233.19
2024,07041AA000,Petra,despesa,5,20000.00,0
2024,07041AA000,Petra,despesa,6,5113245.12,845193.54
2024,07041AA000,Petra,ingres,4,1195682.03,1237275.46
2024,07041AA000,Petra,ingres,5,433416.00,22250.00
2024,07041AA000,Petra,despesa,1,972090.83,888663.57
2024,07041AA000,Petra,despesa,3,9259.09,9243.14
2024,07061AA000,Sóller,ingres,8,5684121.51,0
2024,07061AA000,Sóller,ingres,1,9347530.44,8118664.78
2024,07061AA000,Sóller,ingres,7,4981638.17,3011793.84
2024,07061AA000,Sóller,ingres,2,892825.19,663370.77
2024,07061AA000,Sóller,ingres,3,6331438.24,5277710.41
2024,07061AA000,Sóller,ingres,4,5381240.28,6070640.13
2024,07061AA000,Sóller,despesa,4,949478.69,215031.45
2024,07061AA000,Sóller,despesa,1,9431111.37,7532848.98
2024,07061AA000,Sóller,despesa,3,325050.05,130900.29
2024,07061AA000,Sóller,despesa,7,1028366.50,645240.75
2024,07061AA000,Sóller,despesa,6,9434819.77,2688079.50
2024,07061AA000,Sóller,despesa,9,714665.50,328867.00
2024,07061AA000,Sóller,ingres,5,270526.08,383689.01
2024,07061AA000,Sóller,despesa,2,11005828.03,7662480.55
2024,07063AA000,Valldemossa,ingres,8,3358943.22,0
2024,07063AA000,Valldemossa,ingres,3,1881647.34,1998620.91
2024,07063AA000,Valldemossa,ingres,2,100000.00,170551.93
2024,07063AA000,Valldemossa,despesa,9,1004138.64,1004138.64
2024,07063AA000,Valldemossa,despesa,1,2339033.06,2043622.89
2024,07063AA000,Valldemossa,despesa,2,2649084.70,1655984.20
2024,07063AA000,Valldemossa,ingres,1,1733366.83,1615717.31
2024,07063AA000,Valldemossa,ingres,4,798321.13,1055904.05
2024,07063AA000,Valldemossa,despesa,3,19523.53,18665.34
2024,07063AA000,Valldemossa,despesa,4,122310.00,41054.88
2024,07063AA000,Valldemossa,despesa,6,2801671.47,989328.35
2024,07063AA000,Valldemossa,ingres,5,130000.00,82482.92
2024,07063AA000,Valldemossa,ingres,7,933482.88,607041.13
2024,07040AV002,P. M. d'Escoles d'Infants,despesa,3,1000.00,0
2024,07040AV002,P. M. d'Escoles d'Infants,despesa,6,8159380.47,425527.76
2024,07040AV002,P. M. d'Escoles d'Infants,despesa,1,3908000.00,3902581.16
2024,07040AV002,P. M. d'Escoles d'Infants,ingres,3,390000.00,222506.07
2024,07040AV002,P. M. d'Escoles d'Infants,despesa,8,6200.00,0
2024,07040AV002,P. M. d'Escoles d'Infants,despesa,2,5190758.08,4836397.92
2024,07040AV002,P. M. d'Escoles d'Infants,despesa,4,430000.00,212323.50
2024,07040AV002,P. M. d'Escoles d'Infants,ingres,4,9135958.08,8788424.47
2024,07040AV002,P. M. d'Escoles d'Infants,ingres,7,8119380.47,403352.89
2024,07040AV002,P. M. d'Escoles d'Infants,ingres,8,50000.00,1099.92
2024,07003DV002,Consell Economic i Social,despesa,2,13250.00,0
2024,07003DV002,Consell Economic i Social,ingres,4,29250.00,16000.00
2024,07003DV002,Consell Economic i Social,despesa,4,16000.00,16000.00
2024,07002MM000,Mc. Pla de Mallorca,ingres,8,4990198.69,0
2024,07002MM000,Mc. Pla de Mallorca,despesa,2,10213541.69,7497191.13
2024,07002MM000,Mc. Pla de Mallorca,ingres,7,130217.58,120465.00
2024,07002MM000,Mc. Pla de Mallorca,ingres,5,29500.00,260939.59
2024,07002MM000,Mc. Pla de Mallorca,ingres,4,8226282.43,6555049.45
2024,07002MM000,Mc. Pla de Mallorca,despesa,1,1323315.89,1274608.84
2024,07002MM000,Mc. Pla de Mallorca,despesa,6,79794.00,57136.19
2024,07002MM000,Mc. Pla de Mallorca,ingres,3,1704210.68,1345961.01
2024,07002MM000,Mc. Pla de Mallorca,despesa,3,30000.00,2759.82
2024,07002MM000,Mc. Pla de Mallorca,despesa,4,3433757.80,3367251.67
2024,07003MM000,Mc. Migjorn de Mallorca,ingres,8,628701.05,0
2024,07003MM000,Mc. Migjorn de Mallorca,despesa,2,1020222.00,865974.16
2024,07003MM000,Mc. Migjorn de Mallorca,despesa,4,600.00,360.00
2024,07003MM000,Mc. Migjorn de Mallorca,ingres,4,31492.03,49492.03
2024,07003MM000,Mc. Migjorn de Mallorca,despesa,6,863601.41,162236.69
2024,07003MM000,Mc. Migjorn de Mallorca,ingres,5,50000.00,82232.84
2024,07003MM000,Mc. Migjorn de Mallorca,despesa,1,967511.77,847468.67
2024,07003MM000,Mc. Migjorn de Mallorca,ingres,7,27171.62,27171.62
2024,07003MM000,Mc. Migjorn de Mallorca,ingres,3,2117070.48,2434355.50
2024,07003MM000,Mc. Migjorn de Mallorca,despesa,3,2500.00,1866.58
2024,07014AA000,Capdepera,despesa,1,9412214.35,7874528.08
2024,07014AA000,Capdepera,despesa,4,435150.00,367037.35
2024,07014AA000,Capdepera,despesa,2,15136865.44,14227841.32
2024,07014AA000,Capdepera,ingres,5,1866605.48,2253444.63
2024,07014AA000,Capdepera,despesa,3,28000.00,8949.78
2024,07014AA000,Capdepera,ingres,3,7826417.72,8472527.47
2024,07014AA000,Capdepera,ingres,4,3787989.49,5057298.15
2024,07014AA000,Capdepera,despesa,6,11483353.48,4388967.98
2024,07014AA000,Capdepera,ingres,8,10910970.58,0
2024,07014AA000,Capdepera,ingres,1,10900000.00,11599224.86
2024,07014AA000,Capdepera,ingres,2,750000.00,996750.54
2024,07014AA000,Capdepera,ingres,7,453600.00,7747.37
2024,07016AA000,Consell,ingres,1,1223911.66,1272659.53
2024,07016AA000,Consell,despesa,1,1733755.27,1553079.67
2024,07016AA000,Consell,ingres,8,2475825.72,0
2024,07016AA000,Consell,despesa,3,16050.00,12259.62
2024,07016AA000,Consell,ingres,3,1378266.18,1540494.46
2024,07016AA000,Consell,despesa,2,1890272.38,1846493.96
2024,07016AA000,Consell,despesa,4,533329.61,505675.57
2024,07016AA000,Consell,despesa,6,4692797.02,2668174.21
2024,07016AA000,Consell,ingres,2,240000.00,333439.43
2024,07016AA000,Consell,ingres,7,1758771.14,154105.54
2024,07016AA000,Consell,ingres,4,1699055.58,1924776.03
2024,07016AA000,Consell,ingres,5,90374.00,101078.73
2024,07026AV001,P. M. Deportes,despesa,8,18300.00,18300.00
2024,07026AV001,P. M. Deportes,despesa,2,864011.13,860141.48
2024,07026AV001,P. M. Deportes,ingres,5,0,98
2024,07026AV001,P. M. Deportes,despesa,6,60046.00,60045.38
2024,07026AV001,P. M. Deportes,ingres,7,40000.00,40000.00
2024,07026AV001,P. M. Deportes,ingres,8,18300.00,18300.00
2024,07026AV001,P. M. Deportes,despesa,3,4000.00,3967.72
2024,07026AV001,P. M. Deportes,ingres,4,2948270.00,2687785.67
2024,07026AV001,P. M. Deportes,despesa,4,731607.00,707425.68
2024,07026AV001,P. M. Deportes,ingres,3,345000.00,355403.61
2024,07026AV001,P. M. Deportes,despesa,1,1673605.87,1451610.00
2024,07028AA000,Lloret de Vistalegre,despesa,3,4000.00,1541.23
2024,07028AA000,Lloret de Vistalegre,despesa,2,783612.09,618837.19
2024,07028AA000,Lloret de Vistalegre,ingres,7,1831207.67,1831200.94
2024,07028AA000,Lloret de Vistalegre,ingres,5,6695.44,6695.64
2024,07028AA000,Lloret de Vistalegre,ingres,3,98834.36,117571.33
2024,07028AA000,Lloret de Vistalegre,despesa,6,2539241.56,244625.24
2024,07028AA000,Lloret de Vistalegre,despesa,4,34725.00,27765.86
2024,07028AA000,Lloret de Vistalegre,ingres,2,73100.00,62864.46
2024,07028AA000,Lloret de Vistalegre,ingres,4,950426.35,1028398.85
2024,07028AA000,Lloret de Vistalegre,despesa,1,759131.49,675224.92
2024,07028AA000,Lloret de Vistalegre,ingres,1,424000.00,426205.57
2024,07028AA000,Lloret de Vistalegre,ingres,8,764394.17,0
2024,07031AV002,P. Molí d'En Gaspar,despesa,3,1.00,1.00
2024,07031AV002,P. Molí d'En Gaspar,ingres,4,1.00,1.00
2024,07032AA000,Maó,ingres,3,6898270.00,6167127.72
2024,07032AA000,Maó,despesa,2,14583823.49,12376384.21
2024,07032AA000,Maó,ingres,2,875520.00,622219.53
2024,07032AA000,Maó,ingres,7,9497729.32,1693080.24
2024,07032AA000,Maó,despesa,1,18957264.32,17213078.71
2024,07032AA000,Maó,ingres,1,18526979.00,17753594.52
2024,07032AA000,Maó,ingres,9,392615.00,392615.00
2024,07032AA000,Maó,despesa,3,120980.00,91717.28
2024,07032AA000,Maó,despesa,4,6000899.76,4828862.75
2024,07032AA000,Maó,ingres,4,15356210.60,16751924.78
2024,07032AA000,Maó,ingres,5,376200.00,601522.61
2024,07032AA000,Maó,despesa,5,81000.00,0
2024,07032AA000,Maó,ingres,8,9392043.68,39440.47
2024,07032AA000,Maó,despesa,6,18784136.79,7094626.46
2024,07032AA000,Maó,despesa,7,1520523.24,245610.45
2024,07032AA000,Maó,despesa,8,60000.00,39440.47
2024,07032AA000,Maó,despesa,9,1206940.00,1206940.00
2024,07046AA000,Sant Antoni de Portmany,ingres,1,13960000.00,14415988.14
2024,07046AA000,Sant Antoni de Portmany,despesa,6,23658737.61,10262309.68
2024,07046AA000,Sant Antoni de Portmany,despesa,1,11497343.62,10381786.67
2024,07046AA000,Sant Antoni de Portmany,ingres,7,3839195.32,6239315.55
2024,07046AA000,Sant Antoni de Portmany,despesa,2,25103234.55,22281764.04
2024,07046AA000,Sant Antoni de Portmany,ingres,3,10485700.00,10794760.93
2024,07046AA000,Sant Antoni de Portmany,ingres,4,9624646.24,11391709.92
2024,07046AA000,Sant Antoni de Portmany,despesa,4,3438910.48,3242659.99
2024,07046AA000,Sant Antoni de Portmany,despesa,7,1481934.57,178676.64
2024,07046AA000,Sant Antoni de Portmany,ingres,2,2300000.00,2928820.25
2024,07046AA000,Sant Antoni de Portmany,despesa,3,32000.00,19558.52
2024,07046AA000,Sant Antoni de Portmany,ingres,5,800000.00,1206078.00
2024,07055AA000,Santa Margalida,ingres,5,914663.00,1505380.16
2024,07055AA000,Santa Margalida,despesa,6,27783014.77,6310394.27
2024,07055AA000,Santa Margalida,despesa,3,1150.00,1092.20
2024,07055AA000,Santa Margalida,ingres,2,230000.00,527989.86
2024,07055AA000,Santa Margalida,ingres,8,20646022.22,0
2024,07055AA000,Santa Margalida,despesa,4,592800.00,305699.82
2024,07055AA000,Santa Margalida,ingres,3,4560771.91,6378006.21
2024,07055AA000,Santa Margalida,ingres,7,6397747.00,2673890.08
2024,07055AA000,Santa Margalida,despesa,1,6771589.69,5858264.03
2024,07055AA000,Santa Margalida,ingres,1,6930100.00,7085894.75
2024,07055AA000,Santa Margalida,despesa,2,9112743.59,8290220.39
2024,07055AA000,Santa Margalida,ingres,4,4331993.92,4770595.98
2024,07055AA000,Santa Margalida,ingres,6,250000.00,0
2024,07040AA000,Palma,ingres,2,32121192.61,34050561.10
2024,07040AA000,Palma,ingres,3,122690023.08,123553566.51
2024,07040AA000,Palma,ingres,5,11138278.05,5655630.21
2024,07040AA000,Palma,ingres,4,138557291.81,134458861.83
2024,07040AA000,Palma,despesa,9,21731939.04,21731938.79
2024,07040AA000,Palma,ingres,1,189500233.12,200528642.92
2024,07040AA000,Palma,ingres,7,17073243.03,17335173.02
2024,07040AA000,Palma,despesa,4,122053599.85,108193592.78
2024,07040AA000,Palma,despesa,1,188205534.90,172222305.48
2024,07040AA000,Palma,despesa,7,34012670.25,13567624.90
2024,07040AA000,Palma,despesa,2,154060268.11,131262237.97
2024,07040AA000,Palma,despesa,3,9625339.66,8075581.73
2024,07040AA000,Palma,despesa,6,129505769.24,38715780.79
2024,07040AA000,Palma,ingres,8,97031232.56,3182400.83
2024,07040AA000,Palma,despesa,5,536866.76,0
2024,07040AA000,Palma,ingres,9,52868493.55,38748641.61
2024,07040AA000,Palma,despesa,8,1248000.00,1218703.05
2024,07040AV004,P. M. l'Habitatge,despesa,2,445894.38,415969.33
2024,07040AV004,P. M. l'Habitatge,despesa,7,1271583.10,451259.93
2024,07040AV004,P. M. l'Habitatge,ingres,3,121007.00,146124.54
2024,07040AV004,P. M. l'Habitatge,despesa,6,1049998.35,172513.93
2024,07040AV004,P. M. l'Habitatge,despesa,8,10000.00,5000.00
2024,07040AV004,P. M. l'Habitatge,despesa,1,1977593.24,1817037.30
2024,07040AV004,P. M. l'Habitatge,ingres,4,1360480.62,1089667.23
2024,07040AV004,P. M. l'Habitatge,ingres,7,2321581.45,623773.86
2024,07040AV004,P. M. l'Habitatge,despesa,3,1500.00,226.13
2024,07040AV004,P. M. l'Habitatge,despesa,4,6500.00,6486.04
2024,07040AV004,P. M. l'Habitatge,ingres,5,950000.00,1040098.32
2024,07040AV004,P. M. l'Habitatge,ingres,8,10000.00,4680.07
2024,07040AV006,Instituto Municipal Innovación  (IMI),despesa,1,4960275.03,2306157.96
2024,07040AV006,Instituto Municipal Innovación  (IMI),ingres,3,2893.00,764.06
2024,07040AV006,Instituto Municipal Innovación  (IMI),despesa,6,450503.13,171668.06
2024,07040AV006,Instituto Municipal Innovación  (IMI),ingres,4,5862553.74,2747579.18
2024,07040AV006,Instituto Municipal Innovación  (IMI),despesa,2,941435.21,427680.13
2024,07040AV006,Instituto Municipal Innovación  (IMI),despesa,3,1100.00,15.00
2024,07040AV006,Instituto Municipal Innovación  (IMI),despesa,8,60000.00,12000.00
2024,07040AV006,Instituto Municipal Innovación  (IMI),ingres,7,487866.63,171668.06
2024,07040AV006,Instituto Municipal Innovación  (IMI),ingres,8,60000.00,13999.39
2024,07062AA000,Son Servera,ingres,1,8186280.22,8476768.13
2024,07062AA000,Son Servera,despesa,3,30000.00,27223.99
2024,07062AA000,Son Servera,despesa,4,413365.43,366930.17
2024,07062AA000,Son Servera,despesa,5,143885.53,0
2024,07062AA000,Son Servera,despesa,2,9140038.06,8839515.09
2024,07062AA000,Son Servera,despesa,8,60000.00,27000.00
2024,07062AA000,Son Servera,ingres,3,3880369.82,4044958.97
2024,07062AA000,Son Servera,ingres,4,3622084.34,4274113.59
2024,07062AA000,Son Servera,ingres,5,774313.23,718005.78
2024,07062AA000,Son Servera,ingres,7,1100835.30,945057.49
2024,07062AA000,Son Servera,despesa,1,7227245.04,6301915.46
2024,07062AA000,Son Servera,ingres,2,338377.41,413325.33
2024,07062AA000,Son Servera,despesa,6,5287571.27,146228.95
2024,07062AA000,Son Servera,ingres,8,4488845.01,27000.00
2024,07062AA000,Son Servera,despesa,9,89000.00,0
2024,07003AA000,Alcúdia,ingres,1,17213800.00,17658246.35
2024,07003AA000,Alcúdia,despesa,1,14364979.56,12243330.60
2024,07003AA000,Alcúdia,despesa,6,53149632.21,6689569.98
2024,07003AA000,Alcúdia,ingres,3,6740823.00,8298517.39
2024,07003AA000,Alcúdia,ingres,4,7473599.59,8537924.84
2024,07003AA000,Alcúdia,despesa,2,22111423.81,19325370.73
2024,07003AA000,Alcúdia,despesa,3,62768.35,26465.74
2024,07003AA000,Alcúdia,despesa,4,3009730.39,2475924.05
2024,07003AA000,Alcúdia,ingres,8,51761638.55,0
2024,07003AA000,Alcúdia,ingres,2,600000.00,1397766.23
2024,07003AA000,Alcúdia,ingres,7,4989500.17,4849728.46
2024,07003AA000,Alcúdia,despesa,7,1939431.99,1381539.71
2024,07003AA000,Alcúdia,ingres,5,5858605.00,5626320.13
2024,07039AA000,Muro,despesa,4,321970.00,279301.39
2024,07039AA000,Muro,despesa,7,8393.78,6217.50
2024,07039AA000,Muro,ingres,5,1556594.04,1642121.42
2024,07039AA000,Muro,ingres,2,700000.00,325522.76
2024,07039AA000,Muro,despesa,1,5315468.91,5141674.54
2024,07039AA000,Muro,despesa,2,9314353.84,8806478.07
2024,07039AA000,Muro,ingres,3,5950902.54,6267133.05
2024,07039AA000,Muro,ingres,4,2776928.81,3117788.59
2024,07039AA000,Muro,ingres,1,4872533.96,4809154.86
2024,07039AA000,Muro,despesa,3,5375.81,3704.12
2024,07039AA000,Muro,despesa,6,4665256.07,1995216.49
2024,07039AA000,Muro,ingres,7,3773859.06,5441988.28
2024,07033AV002,P. l'Escola M. de Mallorqui,ingres,4,85200.00,85200.00
2024,07033AV002,P. l'Escola M. de Mallorqui,ingres,3,25500.00,33769.00
2024,07033AV002,P. l'Escola M. de Mallorqui,despesa,6,4510.88,4510.88
2024,07033AV002,P. l'Escola M. de Mallorqui,despesa,3,31.00,0
2024,07033AV002,P. l'Escola M. de Mallorqui,ingres,7,4500.00,0
2024,07033AV002,P. l'Escola M. de Mallorqui,despesa,2,106158.12,98616.64
2024,07047AA000,Sencelles,despesa,3,4620.00,3665.10
2024,07047AA000,Sencelles,despesa,6,3659416.45,1716355.57
2024,07047AA000,Sencelles,ingres,2,323200.00,607994.76
2024,07047AA000,Sencelles,ingres,5,27700.00,11953.19
2024,07047AA000,Sencelles,ingres,8,1601036.99,0
2024,07047AA000,Sencelles,ingres,1,1141800.00,1135624.33
2024,07047AA000,Sencelles,despesa,4,809688.11,285172.47
2024,07047AA000,Sencelles,ingres,4,2244699.39,2372688.82
2024,07047AA000,Sencelles,ingres,7,2086979.84,2077344.05
2024,07047AA000,Sencelles,despesa,1,1689080.33,1688724.32
2024,07047AA000,Sencelles,despesa,9,79600.00,79410.66
2024,07047AA000,Sencelles,despesa,2,1847731.77,1847381.55
2024,07047AA000,Sencelles,ingres,3,664720.44,289490.56
2024,07901AA000,Ariany,despesa,4,156070.00,155043.25
2024,07901AA000,Ariany,despesa,2,618229.25,616610.26
2024,07901AA000,Ariany,ingres,8,550091.40,0
2024,07901AA000,Ariany,ingres,3,179411.00,226881.24
2024,07901AA000,Ariany,despesa,1,344289.29,344097.58
2024,07901AA000,Ariany,ingres,1,402165.93,390529.81
2024,07901AA000,Ariany,ingres,7,2708485.27,2708395.27
2024,07901AA000,Ariany,ingres,2,60000.00,111523.40
2024,07901AA000,Ariany,despesa,6,3297105.44,256900.62
2024,07901AA000,Ariany,ingres,4,520530.38,535273.06
2024,07901AA000,Ariany,ingres,5,20.00,0
2024,07901AA000,Ariany,despesa,3,5010.00,4548.84
2024,07011AO002,Oficina Municipal de Tributos de Calvià,despesa,3,1000.00,617.13
2024,07011AO002,Oficina Municipal de Tributos de Calvià,despesa,6,6837.04,6835.29
2024,07011AO002,Oficina Municipal de Tributos de Calvià,ingres,7,3000.00,0
2024,07011AO002,Oficina Municipal de Tributos de Calvià,despesa,2,614956.14,508653.90
2024,07011AO002,Oficina Municipal de Tributos de Calvià,ingres,3,125783.18,120866.07
2024,07011AO002,Oficina Municipal de Tributos de Calvià,despesa,8,10000.00,0
2024,07011AO002,Oficina Municipal de Tributos de Calvià,ingres,8,10000.00,0
2024,07011AO002,Oficina Municipal de Tributos de Calvià,despesa,1,1440666.00,1358770.62
2024,07011AO002,Oficina Municipal de Tributos de Calvià,ingres,4,1934676.00,1887384.32
2024,07008AA000,Binissalem,despesa,2,4631756.76,4517007.51
2024,07008AA000,Binissalem,ingres,1,3100074.77,3205760.06
2024,07008AA000,Binissalem,ingres,7,263801.69,0
2024,07008AA000,Binissalem,despesa,1,3422304.96,3167383.92
2024,07008AA000,Binissalem,despesa,4,1051079.52,655747.55
2024,07008AA000,Binissalem,ingres,5,226120.00,67068.14
2024,07008AA000,Binissalem,ingres,2,355000.00,299527.75
2024,07008AA000,Binissalem,ingres,3,1588542.21,1416055.52
2024,07008AA000,Binissalem,despesa,6,1284760.98,1254519.76
2024,07008AA000,Binissalem,ingres,4,6135967.58,6879297.84
2024,07008AA000,Binissalem,ingres,8,1494459.95,0
2024,07015AA000,Ciutadella de Menorca,despesa,3,334546.44,257983.40
2024,07015AA000,Ciutadella de Menorca,ingres,3,10167731.86,12190086.55
2024,07015AA000,Ciutadella de Menorca,despesa,9,257596.62,257596.62
2024,07015AA000,Ciutadella de Menorca,ingres,7,9946893.01,3314952.87
2024,07015AA000,Ciutadella de Menorca,despesa,6,20518044.29,3466857.21
2024,07015AA000,Ciutadella de Menorca,ingres,1,15624000.00,15942323.10
2024,07015AA000,Ciutadella de Menorca,despesa,2,18377343.31,14393577.14
2024,07015AA000,Ciutadella de Menorca,ingres,2,1203300.00,1730455.58
2024,07015AA000,Ciutadella de Menorca,ingres,4,11604373.23,13700879.77
2024,07015AA000,Ciutadella de Menorca,ingres,8,14344245.83,0
2024,07015AA000,Ciutadella de Menorca,despesa,7,253021.51,158015.96
2024,07015AA000,Ciutadella de Menorca,ingres,5,989527.64,1470656.31
2024,07015AA000,Ciutadella de Menorca,despesa,5,101094.56,0
2024,07015AA000,Ciutadella de Menorca,despesa,1,15239225.62,13391299.65
2024,07015AA000,Ciutadella de Menorca,despesa,4,8799199.22,7062473.95
2024,07015AV002,Hospital Municipal,despesa,1,3056400.11,2882817.04
2024,07015AV002,Hospital Municipal,ingres,3,685975.39,832628.78
2024,07015AV002,Hospital Municipal,ingres,8,517835.06,0
2024,07015AV002,Hospital Municipal,despesa,2,938396.52,699853.97
2024,07015AV002,Hospital Municipal,despesa,6,113000.00,14431.40
2024,07015AV002,Hospital Municipal,ingres,4,2903986.18,2762170.70
2024,07023AA000,Ferreries,ingres,8,1151746.56,16682.92
2024,07023AA000,Ferreries,ingres,1,2431470.18,2545098.90
2024,07023AA000,Ferreries,despesa,2,4479557.07,4068726.30
2024,07023AA000,Ferreries,despesa,3,19000.00,3985.46
2024,07023AA000,Ferreries,despesa,4,550144.91,356540.83
2024,07023AA000,Ferreries,despesa,8,40000.00,16682.92
2024,07023AA000,Ferreries,despesa,5,110.08,0
2024,07023AA000,Ferreries,despesa,6,2403263.42,660276.09
2024,07023AA000,Ferreries,ingres,2,134612.00,68388.60
2024,07023AA000,Ferreries,ingres,3,1187379.75,1265434.73
2024,07023AA000,Ferreries,despesa,1,2775064.44,2566125.97
2024,07023AA000,Ferreries,ingres,5,1403329.82,1685537.91
2024,07023AA000,Ferreries,ingres,4,2818114.59,3295035.34
2024,07023AA000,Ferreries,ingres,7,1140487.02,234744.38
2024,07051AA000,Sant Llorenç des Cardassar,despesa,3,144497.92,138699.18
2024,07051AA000,Sant Llorenç des Cardassar,despesa,2,6748262.06,5715722.51
2024,07051AA000,Sant Llorenç des Cardassar,ingres,3,4963590.00,6166371.86
2024,07051AA000,Sant Llorenç des Cardassar,ingres,7,6557128.83,3659849.28
2024,07051AA000,Sant Llorenç des Cardassar,despesa,8,10000.00,10000.00
2024,07051AA000,Sant Llorenç des Cardassar,despesa,6,21657840.57,11215627.25
2024,07051AA000,Sant Llorenç des Cardassar,ingres,4,3939962.03,4262585.91
2024,07051AA000,Sant Llorenç des Cardassar,ingres,8,17538559.37,10000.00
2024,07051AA000,Sant Llorenç des Cardassar,despesa,1,7110447.26,6738224.18
2024,07051AA000,Sant Llorenç des Cardassar,despesa,4,7050008.80,5352305.80
2024,07051AA000,Sant Llorenç des Cardassar,despesa,9,445000.00,427134.47
2024,07051AA000,Sant Llorenç des Cardassar,ingres,2,903000.00,841477.55
2024,07051AA000,Sant Llorenç des Cardassar,despesa,7,2033183.62,1991469.03
2024,07051AA000,Sant Llorenç des Cardassar,ingres,1,10190000.00,10183279.93
2024,07051AA000,Sant Llorenç des Cardassar,ingres,5,1107000.00,1156650.86
2024,07052AA000,Sant Lluís,ingres,8,6475299.96,24101.91
2024,07052AA000,Sant Lluís,ingres,4,3504036.80,3569691.37
2024,07052AA000,Sant Lluís,despesa,2,6200700.21,4113157.77
2024,07052AA000,Sant Lluís,despesa,4,1025733.73,562253.82
2024,07052AA000,Sant Lluís,ingres,3,3507998.60,2466498.65
2024,07052AA000,Sant Lluís,ingres,5,404937.00,538772.61
2024,07052AA000,Sant Lluís,despesa,5,6681.89,0
2024,07052AA000,Sant Lluís,ingres,1,6189859.56,6500702.77
2024,07052AA000,Sant Lluís,despesa,6,9337980.21,2194895.47
2024,07052AA000,Sant Lluís,ingres,7,4626316.10,1899203.04
2024,07052AA000,Sant Lluís,despesa,1,6021176.20,5537889.54
2024,07052AA000,Sant Lluís,ingres,2,450000.00,460090.56
2024,07052AA000,Sant Lluís,despesa,3,198764.12,198425.81
2024,07052AA000,Sant Lluís,despesa,7,221026.22,152500.00
2024,07052AA000,Sant Lluís,despesa,8,35000.00,24101.91
2024,07052AA000,Sant Lluís,despesa,9,2111385.44,2111385.44
2024,07054AA000,Santa Eulària des Riu,despesa,6,55301898.88,14699929.56
2024,07054AA000,Santa Eulària des Riu,ingres,5,3288620.66,2140931.94
2024,07054AA000,Santa Eulària des Riu,ingres,1,20706756.72,19899597.81
2024,07054AA000,Santa Eulària des Riu,despesa,7,257549.65,98437.53
2024,07054AA000,Santa Eulària des Riu,ingres,7,26927891.15,26807841.15
2024,07054AA000,Santa Eulària des Riu,despesa,1,15594730.40,13875312.19
2024,07054AA000,Santa Eulària des Riu,despesa,3,126010.00,106031.74
2024,07054AA000,Santa Eulària des Riu,ingres,3,20280448.34,19690496.02
2024,07054AA000,Santa Eulària des Riu,despesa,4,6093544.97,4209558.30
2024,07054AA000,Santa Eulària des Riu,ingres,2,8726451.85,8726149.73
2024,07054AA000,Santa Eulària des Riu,ingres,8,26200173.40,382178.94
2024,07054AA000,Santa Eulària des Riu,ingres,6,20.00,0
2024,07054AA000,Santa Eulària des Riu,ingres,9,20.00,0
2024,07054AA000,Santa Eulària des Riu,despesa,2,35901961.32,29261750.65
2024,07054AA000,Santa Eulària des Riu,despesa,8,15020.00,12000.00
2024,07054AA000,Santa Eulària des Riu,ingres,4,15551775.92,15433154.43
2024,07056AV001,P. Res. Pers. Majors. Cas Metge Rei,despesa,6,75000.00,30854.83
2024,07056AV001,P. Res. Pers. Majors. Cas Metge Rei,ingres,3,549399.00,573199.43
2024,07056AV001,P. Res. Pers. Majors. Cas Metge Rei,ingres,4,584780.97,677712.76
2024,07056AV001,P. Res. Pers. Majors. Cas Metge Rei,ingres,5,10.00,0
2024,07056AV001,P. Res. Pers. Majors. Cas Metge Rei,despesa,1,794658.84,793560.73
2024,07056AV001,P. Res. Pers. Majors. Cas Metge Rei,despesa,2,264331.13,263613.22
2024,07056AV001,P. Res. Pers. Majors. Cas Metge Rei,despesa,3,200.00,46
2024,07057AA000,Santanyí,ingres,4,4888619.88,5291084.59
2024,07057AA000,Santanyí,despesa,4,3499109.77,3210992.46
2024,07057AA000,Santanyí,despesa,2,13316723.96,11699080.31
2024,07057AA000,Santanyí,despesa,6,15756079.74,3532581.60
2024,07057AA000,Santanyí,ingres,3,6057997.84,6808398.51
2024,07057AA000,Santanyí,ingres,8,18247521.11,0
2024,07057AA000,Santanyí,ingres,1,11277971.74,11520498.43
2024,07057AA000,Santanyí,ingres,2,1330000.00,1863436.42
2024,07057AA000,Santanyí,despesa,1,10416966.27,9193769.82
2024,07057AA000,Santanyí,despesa,3,5800.00,3614.35
2024,07057AA000,Santanyí,ingres,5,1319651.54,1645708.32
2024,07057AA000,Santanyí,despesa,7,135965.13,120965.13
2024,07057AA000,Santanyí,ingres,7,8882.76,330536.03
2024,07902AA000,Migjorn Gran (Es),despesa,3,5500.00,2696.13
2024,07902AA000,Migjorn Gran (Es),ingres,4,1130669.25,1213310.44
2024,07902AA000,Migjorn Gran (Es),ingres,8,2074096.47,0
2024,07902AA000,Migjorn Gran (Es),ingres,2,90700.00,33160.38
2024,07902AA000,Migjorn Gran (Es),despesa,7,600.00,0
2024,07902AA000,Migjorn Gran (Es),ingres,9,0,0
2024,07902AA000,Migjorn Gran (Es),despesa,6,3584409.08,734469.15
2024,07902AA000,Migjorn Gran (Es),despesa,8,1000.00,700.00
2024,07902AA000,Migjorn Gran (Es),ingres,5,180100.00,128029.54
2024,07902AA000,Migjorn Gran (Es),despesa,2,2189486.51,1888958.39
2024,07902AA000,Migjorn Gran (Es),despesa,4,454704.32,399886.87
2024,07902AA000,Migjorn Gran (Es),ingres,3,1379105.83,1697518.21
2024,07902AA000,Migjorn Gran (Es),ingres,7,1798951.90,1886201.46
2024,07902AA000,Migjorn Gran (Es),ingres,1,1065000.00,1113524.43
2024,07902AA000,Migjorn Gran (Es),despesa,1,1482923.54,1151160.64
2024,07003DD000,Consejo Insular de Menorca,ingres,4,92419483.55,95208305.63
2024,07003DD000,Consejo Insular de Menorca,despesa,6,54098972.30,9134439.28
2024,07003DD000,Consejo Insular de Menorca,ingres,9,30470000.00,0
2024,07003DD000,Consejo Insular de Menorca,despesa,2,22310941.29,15920210.15
2024,07003DD000,Consejo Insular de Menorca,ingres,1,1636174.32,2194830.57
2024,07003DD000,Consejo Insular de Menorca,despesa,1,30088759.42,27917996.79
2024,07003DD000,Consejo Insular de Menorca,ingres,2,2194552.28,2318725.71
2024,07003DD000,Consejo Insular de Menorca,ingres,3,3560200.85,3759394.23
2024,07003DD000,Consejo Insular de Menorca,ingres,6,175000.00,804438.83
2024,07003DD000,Consejo Insular de Menorca,ingres,7,30205807.51,24487523.82
2024,07003DD000,Consejo Insular de Menorca,ingres,5,31100.00,1759872.61
2024,07003DD000,Consejo Insular de Menorca,ingres,8,63676504.29,113692.78
2024,07003DD000,Consejo Insular de Menorca,despesa,7,67424037.68,18488388.67
2024,07003DD000,Consejo Insular de Menorca,despesa,8,275000.00,116500.00
2024,07003DD000,Consejo Insular de Menorca,despesa,5,480000.00,0
2024,07003DD000,Consejo Insular de Menorca,despesa,3,95000.00,11903.44
2024,07003DD000,Consejo Insular de Menorca,despesa,4,49596112.11,36394347.13
2024,07010AA000,Bunyola,despesa,9,353763.00,353271.91
2024,07010AA000,Bunyola,ingres,3,1598126.34,1592172.61
2024,07010AA000,Bunyola,ingres,5,61800.00,49995.16
2024,07010AA000,Bunyola,despesa,1,2557999.50,2240767.04
2024,07010AA000,Bunyola,ingres,4,2570871.95,2808476.52
2024,07010AA000,Bunyola,despesa,3,48500.00,23481.84
2024,07010AA000,Bunyola,despesa,4,958537.08,892493.82
2024,07010AA000,Bunyola,despesa,2,4215184.88,3653463.57
2024,07010AA000,Bunyola,despesa,6,3008593.09,1827631.27
2024,07010AA000,Bunyola,ingres,2,934274.22,634839.35
2024,07010AA000,Bunyola,ingres,8,2390933.47,0
2024,07010AA000,Bunyola,ingres,7,1142475.82,1306386.07
2024,07010AA000,Bunyola,ingres,1,2519824.72,2732407.86
2024,07010AA000,Bunyola,despesa,5,75728.97,0
2024,07012AA000,Campanet,despesa,2,1752299.22,1581739.44
2024,07012AA000,Campanet,ingres,4,1394007.75,1535259.25
2024,07012AA000,Campanet,ingres,8,1151692.07,0
2024,07012AA000,Campanet,ingres,1,912826.88,1232155.91
2024,07012AA000,Campanet,despesa,3,8600.00,8548.53
2024,07012AA000,Campanet,ingres,3,967511.93,990654.91
2024,07012AA000,Campanet,despesa,1,1748841.40,1437928.74
2024,07012AA000,Campanet,despesa,6,2194108.04,659904.22
2024,07012AA000,Campanet,ingres,7,1641340.63,1571940.63
2024,07012AA000,Campanet,ingres,5,6010.00,3524.86
2024,07012AA000,Campanet,despesa,4,504741.14,376025.80
2024,07012AA000,Campanet,ingres,2,135200.54,142384.16
2024,07014AO001,F. Castell de Capdepera,ingres,4,2000.00,3545.28
2024,07014AO001,F. Castell de Capdepera,despesa,6,20000.00,4235.00
2024,07014AO001,F. Castell de Capdepera,ingres,8,6949.16,0
2024,07014AO001,F. Castell de Capdepera,ingres,3,220000.00,345160.40
2024,07014AO001,F. Castell de Capdepera,despesa,2,84175.18,61160.17
2024,07014AO001,F. Castell de Capdepera,despesa,1,117773.98,102347.34
2024,07014AO001,F. Castell de Capdepera,despesa,3,7000.00,6447.58
2024,07035AA000,Maria de la Salut,despesa,4,117373.09,100343.76
2024,07035AA000,Maria de la Salut,ingres,2,115000.00,103514.48
2024,07035AA000,Maria de la Salut,ingres,4,1118803.34,1695343.71
2024,07035AA000,Maria de la Salut,ingres,8,1020449.35,0
2024,07035AA000,Maria de la Salut,despesa,1,1005030.40,911777.57
2024,07035AA000,Maria de la Salut,despesa,6,4282693.87,1241372.84
2024,07035AA000,Maria de la Salut,ingres,3,343685.00,392328.71
2024,07035AA000,Maria de la Salut,despesa,2,1303109.15,945173.56
2024,07035AA000,Maria de la Salut,ingres,5,15924.72,43609.30
2024,07035AA000,Maria de la Salut,ingres,7,3494577.99,3474008.53
2024,07035AA000,Maria de la Salut,despesa,3,5000.00,3880.16
2024,07035AA000,Maria de la Salut,ingres,1,646699.41,668970.02
2024,07041AO001,F. Escuela Municipal de Música de Petra,despesa,1,71898.83,71866.01
2024,07041AO001,F. Escuela Municipal de Música de Petra,despesa,3,821.81,413.05
2024,07041AO001,F. Escuela Municipal de Música de Petra,ingres,3,41765.75,38232.45
2024,07041AO001,F. Escuela Municipal de Música de Petra,ingres,8,7367.09,0
2024,07041AO001,F. Escuela Municipal de Música de Petra,ingres,4,26000.00,33804.44
2024,07041AO001,F. Escuela Municipal de Música de Petra,despesa,2,2412.20,971.96
2024,07041AO002,Fundación Teatro y Acción Socio-Cultural de Petra,despesa,1,41652.00,35640.57
2024,07041AO002,Fundación Teatro y Acción Socio-Cultural de Petra,ingres,3,14206.00,35569.98
2024,07041AO002,Fundación Teatro y Acción Socio-Cultural de Petra,ingres,8,3777.81,0
2024,07041AO002,Fundación Teatro y Acción Socio-Cultural de Petra,despesa,2,32831.81,32694.74
2024,07041AO002,Fundación Teatro y Acción Socio-Cultural de Petra,ingres,4,56500.00,56500.00
2024,07001AA000,Alaró,despesa,3,8439.37,8439.37
2024,07001AA000,Alaró,despesa,4,562733.86,535363.82
2024,07001AA000,Alaró,ingres,6,5000.00,0
2024,07001AA000,Alaró,despesa,2,1675932.24,1668548.89
2024,07001AA000,Alaró,ingres,7,1884028.06,784515.50
2024,07001AA000,Alaró,ingres,4,2770443.31,2722422.80
2024,07001AA000,Alaró,despesa,6,3292057.66,1500242.01
2024,07001AA000,Alaró,despesa,7,6100.00,6000.00
2024,07001AA000,Alaró,ingres,2,351100.00,367449.03
2024,07001AA000,Alaró,ingres,1,1876000.00,2214657.96
2024,07001AA000,Alaró,despesa,9,402609.69,402609.69
2024,07001AA000,Alaró,despesa,1,3253293.78,3252456.52
2024,07001AA000,Alaró,ingres,3,880650.00,1043319.57
2024,07001AA000,Alaró,ingres,5,97855.60,113823.14
2024,07001AA000,Alaró,ingres,8,1336089.63,0
2024,07003DV001,Inst. Menorquín de Estudios,despesa,2,679878.49,441253.73
2024,07003DV001,Inst. Menorquín de Estudios,despesa,6,7000.00,6960.71
2024,07003DV001,Inst. Menorquín de Estudios,ingres,4,1567083.54,1309585.51
2024,07003DV001,Inst. Menorquín de Estudios,despesa,5,7860.41,0
2024,07003DV001,Inst. Menorquín de Estudios,despesa,1,888744.64,686648.29
2024,07003DV001,Inst. Menorquín de Estudios,despesa,4,600.00,568.75
2024,07003DV001,Inst. Menorquín de Estudios,despesa,7,82000.00,39635.92
2024,07003DV001,Inst. Menorquín de Estudios,ingres,3,100000.00,85724.01
2024,07003DV001,Inst. Menorquín de Estudios,despesa,8,1000.00,0
2024,07022AV001,Ctro. Cultural,despesa,6,60000.00,0
2024,07022AV001,Ctro. Cultural,despesa,2,261500.00,260281.90
2024,07022AV001,Ctro. Cultural,despesa,3,1000.00,125.00
2024,07022AV001,Ctro. Cultural,ingres,8,325000.00,0
2024,07022AV001,Ctro. Cultural,despesa,4,7500.00,6000.00
2024,07022AV001,Ctro. Cultural,ingres,3,0,1
2024,07022AV001,Ctro. Cultural,ingres,4,5000.00,5000.00
2016,07006AA000,Artà,despesa,7,1.00,0
2016,07006AA000,Artà,despesa,1,3875068.68,3818053.90
2016,07006AA000,Artà,despesa,2,3815169.54,3591590.79
2016,07006AA000,Artà,despesa,9,1005592.32,1005557.61
2016,07006AA000,Artà,despesa,3,52238.17,32591.66
2016,07006AA000,Artà,despesa,4,457276.56,452377.51
2016,07006AA000,Artà,ingres,1,4609400.00,5088984.06
2016,07006AA000,Artà,ingres,7,0,-500000.00
2016,07006AA000,Artà,ingres,8,1383895.72,0
2016,07006AA000,Artà,ingres,2,101600.00,157157.27
2016,07006AA000,Artà,ingres,4,1816141.04,2299767.55
2016,07006AA000,Artà,ingres,3,3234316.61,3880837.12
2016,07006AA000,Artà,despesa,6,1952807.10,1782800.97
2016,07006AA000,Artà,ingres,5,12800.00,49361.24
2016,07013AA000,Campos,ingres,8,2927760.08,0
2016,07013AA000,Campos,despesa,3,8000.00,1579.19
2016,07013AA000,Campos,despesa,6,3709434.34,1940504.58
2016,07013AA000,Campos,ingres,3,3685150.34,4070889.09
2016,07013AA000,Campos,ingres,5,1303500.00,1706899.68
2016,07013AA000,Campos,despesa,2,7220931.16,6263254.56
2016,07013AA000,Campos,ingres,7,26502.00,26502.00
2016,07013AA000,Campos,despesa,4,118141.66,96640.52
2016,07013AA000,Campos,ingres,4,2834337.59,2734089.62
2016,07013AA000,Campos,despesa,1,4028886.06,3814641.25
2016,07013AA000,Campos,ingres,2,269860.00,512764.81
2016,07013AA000,Campos,despesa,7,146116.79,100005.02
2016,07013AA000,Campos,ingres,1,4184400.00,5247688.70
2016,07040AV004,P. M. l'Habitatge,ingres,8,93000.00,0
2016,07040AV004,P. M. l'Habitatge,despesa,2,646586.23,486624.97
2016,07040AV004,P. M. l'Habitatge,ingres,3,113076.92,119298.49
2016,07040AV004,P. M. l'Habitatge,despesa,7,390674.71,0
2016,07040AV004,P. M. l'Habitatge,despesa,6,524990.00,56338.64
2016,07040AV004,P. M. l'Habitatge,despesa,8,93000.00,0
2016,07040AV004,P. M. l'Habitatge,despesa,1,1541490.69,1352487.70
2016,07040AV004,P. M. l'Habitatge,ingres,4,1755220.29,1107671.91
2016,07040AV004,P. M. l'Habitatge,ingres,7,4434451.71,3657248.83
2016,07040AV004,P. M. l'Habitatge,despesa,3,25220.29,5978.29
2016,07040AV004,P. M. l'Habitatge,despesa,4,325000.00,275608.24
2016,07040AV004,P. M. l'Habitatge,despesa,9,3518787.00,3518786.39
2016,07040AV004,P. M. l'Habitatge,ingres,5,670000.00,846509.04
2016,07040AV013,Inst. Coordinaciò d'Obres Viaries,despesa,6,2000.00,0
2016,07040AV013,Inst. Coordinaciò d'Obres Viaries,ingres,7,2000.00,0
2016,07040AV013,Inst. Coordinaciò d'Obres Viaries,despesa,1,355436.11,347093.03
2016,07040AV013,Inst. Coordinaciò d'Obres Viaries,ingres,5,600.00,76.22
2016,07040AV013,Inst. Coordinaciò d'Obres Viaries,despesa,2,17336.31,17234.54
2016,07040AV013,Inst. Coordinaciò d'Obres Viaries,ingres,4,372172.42,364000.01
2016,07039AA000,Muro,despesa,5,88739.32,0
2016,07039AA000,Muro,despesa,3,3000.00,389.06
2016,07039AA000,Muro,despesa,6,2235261.42,1849270.51
2016,07039AA000,Muro,ingres,7,0,58500.00
2016,07039AA000,Muro,despesa,4,399400.00,341189.54
2016,07039AA000,Muro,despesa,7,619101.65,26442.50
2016,07039AA000,Muro,ingres,8,1089957.78,0
2016,07039AA000,Muro,ingres,5,1689582.00,1577203.72
2016,07039AA000,Muro,ingres,2,375000.00,170437.07
2016,07039AA000,Muro,despesa,1,3622480.49,3474115.34
2016,07039AA000,Muro,despesa,2,6730130.72,6568823.52
2016,07039AA000,Muro,ingres,3,3912132.01,3537222.80
2016,07039AA000,Muro,ingres,4,1893871.67,1986844.47
2016,07039AA000,Muro,ingres,1,4737570.13,4486345.07
2016,07056AV001,P. Res. Pers. Majors. Cas Metge Rei,despesa,3,200.00,0
2016,07056AV001,P. Res. Pers. Majors. Cas Metge Rei,despesa,6,24712.68,24712.68
2016,07056AV001,P. Res. Pers. Majors. Cas Metge Rei,ingres,3,445200.00,508393.73
2016,07056AV001,P. Res. Pers. Majors. Cas Metge Rei,ingres,4,175000.00,153228.05
2016,07056AV001,P. Res. Pers. Majors. Cas Metge Rei,ingres,5,130.00,21.34
2016,07056AV001,P. Res. Pers. Majors. Cas Metge Rei,despesa,1,430995.04,429754.03
2016,07056AV001,P. Res. Pers. Majors. Cas Metge Rei,despesa,2,164422.28,161201.33
2016,07003DD000,Consejo Insular de Menorca,despesa,5,200000.00,0
2016,07003DD000,Consejo Insular de Menorca,despesa,3,938668.26,734427.84
2016,07003DD000,Consejo Insular de Menorca,despesa,4,18427340.43,15517743.12
2016,07003DD000,Consejo Insular de Menorca,despesa,9,11363835.00,11321418.07
2016,07003DD000,Consejo Insular de Menorca,ingres,4,53868865.58,51594916.91
2016,07003DD000,Consejo Insular de Menorca,despesa,6,29542727.27,4298133.36
2016,07003DD000,Consejo Insular de Menorca,despesa,2,10271237.42,8611019.31
2016,07003DD000,Consejo Insular de Menorca,ingres,1,1016591.92,942663.06
2016,07003DD000,Consejo Insular de Menorca,despesa,1,20221624.95,18138056.49
2016,07003DD000,Consejo Insular de Menorca,ingres,2,1707053.82,1157722.74
2016,07003DD000,Consejo Insular de Menorca,ingres,3,1562371.03,2653700.40
2016,07003DD000,Consejo Insular de Menorca,ingres,6,0,273399.60
2016,07003DD000,Consejo Insular de Menorca,ingres,7,20261076.96,9173420.66
2016,07003DD000,Consejo Insular de Menorca,ingres,5,288080.68,417679.79
2016,07003DD000,Consejo Insular de Menorca,ingres,8,20264952.81,170225.50
2016,07003DD000,Consejo Insular de Menorca,despesa,7,7728559.47,4036159.77
2016,07003DD000,Consejo Insular de Menorca,despesa,8,275000.00,112499.00
2016,07004AA000,Algaida,despesa,6,509404.12,357307.41
2016,07004AA000,Algaida,ingres,1,1535950.13,1497018.52
2016,07004AA000,Algaida,ingres,2,79110.91,321185.82
2016,07004AA000,Algaida,despesa,2,1729429.82,1709396.72
2016,07004AA000,Algaida,ingres,5,28796.90,28229.21
2016,07004AA000,Algaida,ingres,4,1141089.21,1106508.69
2016,07004AA000,Algaida,ingres,7,107745.28,128245.38
2016,07004AA000,Algaida,despesa,3,9968.05,8694.93
2016,07004AA000,Algaida,ingres,3,1038538.82,924998.09
2016,07004AA000,Algaida,despesa,4,164389.40,152600.16
2016,07004AA000,Algaida,despesa,9,114025.55,114025.55
2016,07004AA000,Algaida,despesa,1,1402761.85,1295974.50
2016,07004AA000,Algaida,despesa,7,1252.46,1252.46
2016,07009AA000,Búger,despesa,1,411374.94,387611.05
2016,07009AA000,Búger,ingres,1,342500.00,364734.97
2016,07009AA000,Búger,ingres,2,40000.00,73295.39
2016,07009AA000,Búger,ingres,4,440154.94,455250.99
2016,07009AA000,Búger,ingres,7,507775.90,507775.90
2016,07009AA000,Búger,ingres,8,77469.24,0
2016,07009AA000,Búger,despesa,9,49400.00,49342.13
2016,07009AA000,Búger,ingres,5,5200.00,4152.88
2016,07009AA000,Búger,despesa,3,10500.00,9607.87
2016,07009AA000,Búger,ingres,3,288800.00,269182.54
2016,07009AA000,Búger,despesa,2,402770.19,374313.45
2016,07009AA000,Búger,despesa,4,122900.00,112319.29
2016,07009AA000,Búger,despesa,6,636569.99,127796.11
2016,07012AA000,Campanet,despesa,4,277259.31,258218.11
2016,07012AA000,Campanet,ingres,2,31000.00,52592.07
2016,07012AA000,Campanet,despesa,2,912939.82,871337.15
2016,07012AA000,Campanet,ingres,4,798383.72,837474.65
2016,07012AA000,Campanet,ingres,8,693650.50,0
2016,07012AA000,Campanet,ingres,1,708234.25,1028186.35
2016,07012AA000,Campanet,despesa,3,4690.71,4501.45
2016,07012AA000,Campanet,despesa,9,607196.69,607196.56
2016,07012AA000,Campanet,ingres,3,719650.76,796186.55
2016,07012AA000,Campanet,despesa,1,902875.19,879978.51
2016,07012AA000,Campanet,despesa,6,915192.17,343301.91
2016,07012AA000,Campanet,ingres,7,663034.66,132026.92
2016,07012AA000,Campanet,ingres,5,6200.00,10673.23
2016,07014AA000,Capdepera,ingres,2,490000.00,1404144.30
2016,07014AA000,Capdepera,ingres,7,0,-634629.33
2016,07014AA000,Capdepera,despesa,1,5203322.55,5117281.76
2016,07014AA000,Capdepera,despesa,4,3998007.05,3970377.97
2016,07014AA000,Capdepera,despesa,2,5153479.04,4851919.18
2016,07014AA000,Capdepera,despesa,9,2166575.24,2121491.91
2016,07014AA000,Capdepera,ingres,5,1062077.12,1456143.90
2016,07014AA000,Capdepera,despesa,3,34106.27,30954.12
2016,07014AA000,Capdepera,ingres,3,14822730.46,5075649.02
2016,07014AA000,Capdepera,ingres,4,3395522.29,2808746.52
2016,07014AA000,Capdepera,despesa,6,13489426.63,1784902.52
2016,07014AA000,Capdepera,ingres,8,2750316.61,0
2016,07014AA000,Capdepera,ingres,1,8161780.00,8822767.10
2016,07014AA000,Capdepera,despesa,7,400000.00,400000.00
2016,07016AA000,Consell,ingres,5,29563.17,35010.90
2016,07016AA000,Consell,ingres,1,1051197.22,1203744.82
2016,07016AA000,Consell,despesa,1,1084535.28,1067559.85
2016,07016AA000,Consell,ingres,8,695508.78,0
2016,07016AA000,Consell,despesa,3,6250.00,4724.19
2016,07016AA000,Consell,despesa,9,545469.23,545469.22
2016,07016AA000,Consell,ingres,3,1086562.27,1302018.30
2016,07016AA000,Consell,despesa,2,1211525.27,1204050.49
2016,07016AA000,Consell,despesa,4,286782.93,283107.18
2016,07016AA000,Consell,despesa,6,815854.67,804633.04
2016,07016AA000,Consell,ingres,2,40000.00,117059.18
2016,07016AA000,Consell,ingres,7,100000.00,115863.57
2016,07016AA000,Consell,despesa,7,38000.00,37920.00
2016,07016AA000,Consell,ingres,4,985585.94,1173100.29
2016,07019AA000,Escorca,ingres,1,272900.00,346956.66
2016,07019AA000,Escorca,ingres,3,351148.00,294400.47
2016,07019AA000,Escorca,ingres,2,35006.00,10083.65
2016,07019AA000,Escorca,despesa,9,81000.00,76804.05
2016,07019AA000,Escorca,ingres,5,15300.00,15210.62
2016,07019AA000,Escorca,despesa,2,339149.00,331407.69
2016,07019AA000,Escorca,despesa,4,38114.00,37215.06
2016,07019AA000,Escorca,despesa,3,25344.00,23358.74
2016,07019AA000,Escorca,ingres,7,173302.00,171405.52
2016,07019AA000,Escorca,ingres,4,345214.00,319550.60
2016,07019AA000,Escorca,despesa,1,432557.00,432555.74
2016,07019AA000,Escorca,despesa,6,276706.00,276705.42
2016,07026AA000,Eivissa,ingres,7,1600010.00,1070019.32
2016,07026AA000,Eivissa,despesa,6,9755248.55,3458367.61
2016,07026AA000,Eivissa,despesa,8,4118299.67,4118299.67
2016,07026AA000,Eivissa,despesa,3,1342127.41,1237006.95
2016,07026AA000,Eivissa,ingres,9,3722982.68,3722982.68
2016,07026AA000,Eivissa,despesa,7,2035721.32,2028280.47
2016,07026AA000,Eivissa,ingres,1,23903000.00,24637123.46
2016,07026AA000,Eivissa,despesa,5,297400.00,0
2016,07026AA000,Eivissa,despesa,1,17152353.63,16105584.99
2016,07026AA000,Eivissa,despesa,4,5489000.78,5197265.81
2016,07026AA000,Eivissa,ingres,3,14134720.18,17669150.00
2016,07026AA000,Eivissa,ingres,4,13232236.03,12375252.92
2016,07026AA000,Eivissa,ingres,6,44840.56,412169.25
2016,07026AA000,Eivissa,despesa,2,22464814.79,21019711.12
2016,07026AA000,Eivissa,ingres,2,500000.00,888324.36
2016,07026AA000,Eivissa,ingres,5,954020.00,1164161.28
2016,07026AA000,Eivissa,ingres,8,8569448.53,278617.58
2016,07026AA000,Eivissa,despesa,9,4006291.83,3955139.66
2016,07026AV001,P. M. Deportes,despesa,1,1137154.25,1132401.03
2016,07026AV001,P. M. Deportes,despesa,8,4900.00,4900.00
2016,07026AV001,P. M. Deportes,despesa,2,706398.95,705707.56
2016,07026AV001,P. M. Deportes,despesa,6,10510.00,10508.46
2016,07026AV001,P. M. Deportes,ingres,7,5000.00,10508.46
2016,07026AV001,P. M. Deportes,ingres,8,4900.00,4900.00
2016,07026AV001,P. M. Deportes,despesa,3,4000.00,1874.69
2016,07026AV001,P. M. Deportes,ingres,4,1752990.00,1716310.67
2016,07026AV001,P. M. Deportes,despesa,4,330000.00,303312.82
2016,07026AV001,P. M. Deportes,ingres,3,430073.20,445343.61
2016,07026AV003,Museo de Arte Contemporáneo,ingres,7,13000.00,10300.00
2016,07026AV003,Museo de Arte Contemporáneo,despesa,1,175156.24,164167.27
2016,07026AV003,Museo de Arte Contemporáneo,despesa,2,106733.76,93317.44
2016,07026AV003,Museo de Arte Contemporáneo,despesa,3,100.00,48.00
2016,07026AV003,Museo de Arte Contemporáneo,despesa,6,13000.00,10300.00
2016,07026AV003,Museo de Arte Contemporáneo,despesa,8,10.00,0
2016,07026AV003,Museo de Arte Contemporáneo,ingres,4,281990.00,257532.71
2016,07026AV003,Museo de Arte Contemporáneo,ingres,8,10.00,0
2016,07026AV002,P. M. Música,ingres,7,4500.00,1425.66
2016,07026AV002,P. M. Música,ingres,4,633980.00,586619.08
2016,07026AV002,P. M. Música,ingres,5,0,3.13
2016,07026AV002,P. M. Música,ingres,8,10.00,0
2016,07026AV002,P. M. Música,ingres,3,47510.00,67965.76
2016,07026AV002,P. M. Música,despesa,4,2000.00,2000.00
2016,07026AV002,P. M. Música,despesa,3,700.00,635.18
2016,07026AV002,P. M. Música,despesa,6,4500.00,1425.66
2016,07026AV002,P. M. Música,despesa,8,10.00,0
2016,07026AV002,P. M. Música,despesa,1,357590.00,334932.84
2016,07026AV002,P. M. Música,despesa,2,321200.00,317019.95
2016,07031AA000,Llucmajor,despesa,1,15324270.21,13985060.27
2016,07031AA000,Llucmajor,despesa,7,253350.86,231350.86
2016,07031AA000,Llucmajor,ingres,1,17220000.00,20333096.50
2016,07031AA000,Llucmajor,despesa,2,13240601.20,11147208.75
2016,07031AA000,Llucmajor,despesa,8,55000.00,22316.41
2016,07031AA000,Llucmajor,ingres,2,960000.00,941276.52
2016,07031AA000,Llucmajor,ingres,5,927700.00,593735.37
2016,07031AA000,Llucmajor,despesa,3,1006899.14,777219.97
2016,07031AA000,Llucmajor,ingres,8,5424153.92,25593.70
2016,07031AA000,Llucmajor,despesa,4,2385651.80,2289192.18
2016,07031AA000,Llucmajor,despesa,6,3211359.17,951598.15
2016,07031AA000,Llucmajor,despesa,9,7143630.24,6706042.94
2016,07031AA000,Llucmajor,ingres,3,10024810.21,11680252.53
2016,07031AA000,Llucmajor,ingres,4,8219453.06,7815149.74
2016,07031AA000,Llucmajor,despesa,5,155354.57,0
2016,07031AV001,P. Res. Personas Mayores,despesa,3,1000.00,321.33
2016,07031AV001,P. Res. Personas Mayores,ingres,8,6000.00,0
2016,07031AV001,P. Res. Personas Mayores,despesa,2,173600.00,164173.68
2016,07031AV001,P. Res. Personas Mayores,ingres,5,100.00,64.69
2016,07031AV001,P. Res. Personas Mayores,despesa,8,6000.00,0
2016,07031AV001,P. Res. Personas Mayores,despesa,1,683913.50,663267.26
2016,07031AV001,P. Res. Personas Mayores,despesa,6,106000.00,54090.80
2016,07031AV001,P. Res. Personas Mayores,ingres,3,360100.00,333386.86
2016,07031AV001,P. Res. Personas Mayores,ingres,4,604313.50,604313.50
2016,07031AV002,P. Molí d'En Gaspar,ingres,4,57100.00,57100.00
2016,07031AV002,P. Molí d'En Gaspar,despesa,4,57000.00,57000.00
2016,07031AV002,P. Molí d'En Gaspar,despesa,3,200.00,84.30
2016,07031AV002,P. Molí d'En Gaspar,ingres,5,100.00,0
2016,07032AA000,Maó,despesa,6,6512899.30,2938398.26
2016,07032AA000,Maó,despesa,7,1431500.00,444375.98
2016,07032AA000,Maó,despesa,8,1680045.00,1657285.59
2016,07032AA000,Maó,despesa,9,3085358.00,1202708.02
2016,07032AA000,Maó,ingres,3,6178625.00,4041746.84
2016,07032AA000,Maó,despesa,2,13024558.37,9468386.30
2016,07032AA000,Maó,ingres,2,170000.00,167965.97
2016,07032AA000,Maó,ingres,7,532866.89,1314079.46
2016,07032AA000,Maó,despesa,1,13161817.09,12510445.83
2016,07032AA000,Maó,ingres,1,17385000.00,18752050.15
2016,07032AA000,Maó,ingres,9,2500000.00,0
2016,07032AA000,Maó,despesa,3,436415.00,196120.28
2016,07032AA000,Maó,despesa,4,3862559.67,2565608.33
2016,07032AA000,Maó,ingres,4,11917841.28,9618293.04
2016,07032AA000,Maó,ingres,5,249000.00,403189.42
2016,07032AA000,Maó,despesa,5,152480.27,0
2016,07032AA000,Maó,ingres,8,6939539.53,1657197.57
2016,07035AA000,Maria de la Salut,despesa,3,4835.00,3818.24
2016,07035AA000,Maria de la Salut,ingres,1,653091.07,630471.19
2016,07035AA000,Maria de la Salut,despesa,9,79039.64,56789.47
2016,07035AA000,Maria de la Salut,despesa,4,65425.16,54094.43
2016,07035AA000,Maria de la Salut,ingres,2,25000.00,25326.93
2016,07035AA000,Maria de la Salut,ingres,4,559772.28,593649.07
2016,07035AA000,Maria de la Salut,ingres,8,220370.02,0
2016,07035AA000,Maria de la Salut,despesa,1,652619.23,624937.38
2016,07035AA000,Maria de la Salut,despesa,6,780358.47,271055.33
2016,07035AA000,Maria de la Salut,ingres,3,270685.00,304999.56
2016,07035AA000,Maria de la Salut,despesa,2,690440.00,683087.82
2016,07035AA000,Maria de la Salut,ingres,5,9854.72,11129.26
2016,07035AA000,Maria de la Salut,ingres,7,556678.09,554314.08
2016,07036AA000,Marratxí,ingres,5,289180.00,256938.26
2016,07036AA000,Marratxí,ingres,4,7882888.91,8078726.64
2016,07036AA000,Marratxí,despesa,6,7690323.33,757491.03
2016,07036AA000,Marratxí,despesa,8,73359.99,64359.99
2016,07036AA000,Marratxí,ingres,8,2000763.28,67359.99
2016,07036AA000,Marratxí,despesa,1,9853107.64,9274848.53
2016,07036AA000,Marratxí,despesa,3,184896.02,104280.10
2016,07036AA000,Marratxí,ingres,2,300000.00,698864.72
2016,07036AA000,Marratxí,ingres,6,3454606.59,0
2016,07036AA000,Marratxí,despesa,4,8393657.49,8084232.47
2016,07036AA000,Marratxí,despesa,9,1261000.00,1210161.92
2016,07036AA000,Marratxí,ingres,7,4000.00,15116.52
2016,07036AA000,Marratxí,despesa,2,6424571.66,4181371.83
2016,07036AA000,Marratxí,ingres,1,13591033.31,14771181.84
2016,07036AA000,Marratxí,ingres,3,6358444.04,7251660.79
2016,07037AA000,Mercadal (Es),despesa,4,1414157.72,1252312.00
2016,07037AA000,Mercadal (Es),ingres,6,268772.62,268772.62
2016,07037AA000,Mercadal (Es),ingres,1,4965500.00,5895010.17
2016,07037AA000,Mercadal (Es),ingres,3,1938700.00,1872994.72
2016,07037AA000,Mercadal (Es),ingres,5,360500.00,364122.63
2016,07037AA000,Mercadal (Es),despesa,3,60000.00,27442.42
2016,07037AA000,Mercadal (Es),despesa,8,15000.00,3384.44
2016,07037AA000,Mercadal (Es),despesa,7,74163.80,41969.09
2016,07037AA000,Mercadal (Es),ingres,2,92800.00,187934.30
2016,07037AA000,Mercadal (Es),despesa,9,1274400.47,1274399.75
2016,07037AA000,Mercadal (Es),despesa,2,3990782.89,3637403.90
2016,07037AA000,Mercadal (Es),despesa,1,2466711.42,2274134.94
2016,07037AA000,Mercadal (Es),ingres,4,1744401.39,1655746.87
2016,07037AA000,Mercadal (Es),ingres,8,4090842.83,3384.44
2016,07037AA000,Mercadal (Es),ingres,9,333000.00,333000.00
2016,07037AA000,Mercadal (Es),despesa,6,4647484.24,2034223.33
2016,07037AA000,Mercadal (Es),ingres,7,321550.00,193429.99
2016,07046AA000,Sant Antoni de Portmany,despesa,3,704381.68,602467.26
2016,07046AA000,Sant Antoni de Portmany,ingres,5,1000.00,176.45
2016,07046AA000,Sant Antoni de Portmany,ingres,9,1360000.00,0
2016,07046AA000,Sant Antoni de Portmany,ingres,6,10.00,0
2016,07046AA000,Sant Antoni de Portmany,ingres,1,12213892.27,16818948.02
2016,07046AA000,Sant Antoni de Portmany,despesa,6,4486659.99,1472367.73
2016,07046AA000,Sant Antoni de Portmany,despesa,1,7572629.25,6614351.28
2016,07046AA000,Sant Antoni de Portmany,despesa,9,1360000.00,1354126.46
2016,07046AA000,Sant Antoni de Portmany,ingres,7,836417.00,491909.61
2016,07046AA000,Sant Antoni de Portmany,despesa,2,11284563.87,9865386.96
2016,07046AA000,Sant Antoni de Portmany,ingres,3,6467061.00,6559409.86
2016,07046AA000,Sant Antoni de Portmany,ingres,4,5752202.53,5903840.91
2016,07046AA000,Sant Antoni de Portmany,ingres,8,337847.16,0
2016,07046AA000,Sant Antoni de Portmany,despesa,4,1956695.17,1577830.07
2016,07046AA000,Sant Antoni de Portmany,despesa,7,3500.00,3492.72
2016,07046AA000,Sant Antoni de Portmany,ingres,2,400000.00,538913.76
2016,07048AA000,Sant Josep de sa Talaia,despesa,2,13194066.94,12039088.73
2016,07048AA000,Sant Josep de sa Talaia,despesa,3,106201.34,103164.32
2016,07048AA000,Sant Josep de sa Talaia,ingres,7,600000.00,781439.43
2016,07048AA000,Sant Josep de sa Talaia,despesa,9,957058.18,957058.18
2016,07048AA000,Sant Josep de sa Talaia,ingres,3,8191900.00,12144941.10
2016,07048AA000,Sant Josep de sa Talaia,despesa,6,9657273.26,4792327.95
2016,07048AA000,Sant Josep de sa Talaia,despesa,4,1615890.21,1122456.22
2016,07048AA000,Sant Josep de sa Talaia,ingres,1,13096530.00,17889631.24
2016,07048AA000,Sant Josep de sa Talaia,ingres,4,6114032.06,6106471.51
2016,07048AA000,Sant Josep de sa Talaia,despesa,5,52786.59,0
2016,07048AA000,Sant Josep de sa Talaia,ingres,5,3149500.00,5078355.67
2016,07048AA000,Sant Josep de sa Talaia,ingres,8,6542837.10,0
2016,07048AA000,Sant Josep de sa Talaia,despesa,1,8246704.99,7798603.38
2016,07048AA000,Sant Josep de sa Talaia,ingres,2,1000000.00,2519588.73
2016,07050AA000,Sant Joan de Labritja,ingres,2,301067.00,733501.58
2016,07050AA000,Sant Joan de Labritja,despesa,6,3502875.24,1999232.89
2016,07050AA000,Sant Joan de Labritja,ingres,1,2372400.00,2775979.72
2016,07050AA000,Sant Joan de Labritja,despesa,4,349529.00,325786.45
2016,07050AA000,Sant Joan de Labritja,ingres,4,990000.00,1314871.17
2016,07050AA000,Sant Joan de Labritja,ingres,6,50000.00,0
2016,07050AA000,Sant Joan de Labritja,ingres,5,4100.00,4336.43
2016,07050AA000,Sant Joan de Labritja,despesa,1,1449875.00,1339999.79
2016,07050AA000,Sant Joan de Labritja,despesa,9,118000.00,117206.63
2016,07050AA000,Sant Joan de Labritja,ingres,7,1885000.00,900362.52
2016,07050AA000,Sant Joan de Labritja,ingres,8,1169416.24,0
2016,07050AA000,Sant Joan de Labritja,ingres,3,1575433.00,2437289.19
2016,07050AA000,Sant Joan de Labritja,despesa,2,2811547.14,2680074.77
2016,07050AA000,Sant Joan de Labritja,despesa,3,115589.86,109842.03
2016,07061AA000,Sóller,despesa,2,6070313.37,5288838.55
2016,07061AA000,Sóller,ingres,6,204095.20,0
2016,07061AA000,Sóller,ingres,8,558364.45,0
2016,07061AA000,Sóller,ingres,1,6316486.76,6983389.37
2016,07061AA000,Sóller,ingres,7,722083.33,52083.33
2016,07061AA000,Sóller,ingres,2,530889.73,398617.84
2016,07061AA000,Sóller,ingres,3,3707762.27,3727736.41
2016,07061AA000,Sóller,ingres,4,3863545.64,4113525.52
2016,07061AA000,Sóller,despesa,4,569330.00,486613.77
2016,07061AA000,Sóller,despesa,1,5069558.01,4178965.00
2016,07061AA000,Sóller,despesa,3,595740.04,102930.22
2016,07061AA000,Sóller,despesa,7,193000.00,192332.75
2016,07061AA000,Sóller,despesa,6,1734542.98,300249.21
2016,07061AA000,Sóller,despesa,9,1913242.98,1910586.73
2016,07061AA000,Sóller,ingres,5,242500.00,228417.95
2016,07063AA000,Valldemossa,ingres,7,577747.30,33524.17
2016,07063AA000,Valldemossa,ingres,8,440773.46,0
2016,07063AA000,Valldemossa,ingres,3,1149489.82,1437561.10
2016,07063AA000,Valldemossa,ingres,2,200000.00,215662.62
2016,07063AA000,Valldemossa,despesa,9,153168.89,153163.98
2016,07063AA000,Valldemossa,despesa,1,1455607.51,1392005.50
2016,07063AA000,Valldemossa,despesa,2,1787117.02,1495955.05
2016,07063AA000,Valldemossa,ingres,1,1595000.00,2073082.79
2016,07063AA000,Valldemossa,ingres,4,666596.84,952314.30
2016,07063AA000,Valldemossa,despesa,3,14914.04,13679.02
2016,07063AA000,Valldemossa,despesa,4,185080.41,171301.30
2016,07063AA000,Valldemossa,despesa,6,1143019.55,348239.94
2016,07063AA000,Valldemossa,ingres,5,109300.00,140916.56
2016,07064AA000,Castell (Es),ingres,4,1839841.00,1886838.64
2016,07064AA000,Castell (Es),despesa,1,3001938.04,2897033.33
2016,07064AA000,Castell (Es),despesa,6,778705.90,682905.54
2016,07064AA000,Castell (Es),ingres,3,468000.00,627510.89
2016,07064AA000,Castell (Es),ingres,8,633313.18,0
2016,07064AA000,Castell (Es),despesa,2,1647586.61,1636113.75
2016,07064AA000,Castell (Es),ingres,1,3704553.78,4093583.86
2016,07064AA000,Castell (Es),despesa,7,102720.13,97152.46
2016,07064AA000,Castell (Es),despesa,3,88000.00,58968.92
2016,07064AA000,Castell (Es),despesa,9,702260.53,692951.56
2016,07064AA000,Castell (Es),ingres,7,115000.00,160218.82
2016,07064AA000,Castell (Es),despesa,4,499496.75,415769.55
2016,07064AA000,Castell (Es),ingres,2,50000.00,102985.35
2016,07064AA000,Castell (Es),ingres,5,10000.00,11589.38
2016,07005AA000,Andratx,ingres,7,80061.41,21497.43
2016,07005AA000,Andratx,despesa,8,10000.00,10000.00
2016,07005AA000,Andratx,ingres,5,300600.00,409830.12
2016,07005AA000,Andratx,despesa,3,55531.02,2078.05
2016,07005AA000,Andratx,despesa,6,5949230.69,1229429.05
2016,07005AA000,Andratx,despesa,7,64609.85,64609.85
2016,07005AA000,Andratx,despesa,9,467126.86,467126.86
2016,07005AA000,Andratx,despesa,1,7077907.74,6923298.76
2016,07005AA000,Andratx,despesa,2,11966903.17,10391939.82
2016,07005AA000,Andratx,ingres,2,800000.00,1522517.61
2016,07005AA000,Andratx,despesa,4,367980.00,267181.08
2016,07005AA000,Andratx,ingres,1,12405000.00,13518197.65
2016,07005AA000,Andratx,ingres,4,2189921.15,2849971.63
2016,07005AA000,Andratx,despesa,5,100.00,0
2016,07005AA000,Andratx,ingres,3,4889462.13,11947596.99
2016,07005AA000,Andratx,ingres,8,5302034.82,8305.66
2016,07040AA000,Palma,despesa,8,1201503.75,1195614.16
2016,07040AA000,Palma,ingres,2,23096939.97,26443753.11
2016,07040AA000,Palma,ingres,3,93320517.13,97729922.91
2016,07040AA000,Palma,ingres,6,0,262300.00
2016,07040AA000,Palma,ingres,5,4409059.88,4601995.75
2016,07040AA000,Palma,ingres,4,85525314.56,80619917.24
2016,07040AA000,Palma,despesa,9,32655598.65,32322725.16
2016,07040AA000,Palma,ingres,1,177783622.94,183792836.08
2016,07040AA000,Palma,ingres,7,649963.70,738814.50
2016,07040AA000,Palma,despesa,4,83111506.21,77314353.66
2016,07040AA000,Palma,despesa,1,127058050.01,126286783.13
2016,07040AA000,Palma,despesa,7,11785691.36,7800567.51
2016,07040AA000,Palma,despesa,2,114410665.52,104279413.94
2016,07040AA000,Palma,despesa,3,15562267.56,14877214.57
2016,07040AA000,Palma,despesa,6,47144241.22,38616900.70
2016,07040AA000,Palma,ingres,8,42169167.58,6395705.27
2016,07040AA000,Palma,despesa,5,74187.74,0
2016,07040AA000,Palma,ingres,9,6049126.26,3338926.26
2016,07040AV001,Inst. M. l'Esport,ingres,7,3049347.50,1421269.06
2016,07040AV001,Inst. M. l'Esport,ingres,3,4440151.98,4322759.47
2016,07040AV001,Inst. M. l'Esport,despesa,7,369347.50,369347.50
2016,07040AV001,Inst. M. l'Esport,ingres,4,11739280.92,10975752.89
2016,07040AV001,Inst. M. l'Esport,despesa,3,18000.00,3480.72
2016,07040AV001,Inst. M. l'Esport,despesa,6,5974410.95,1051921.56
2016,07040AV001,Inst. M. l'Esport,despesa,4,396706.90,385080.17
2016,07040AV001,Inst. M. l'Esport,ingres,8,2970646.10,35194.76
2016,07040AV001,Inst. M. l'Esport,ingres,5,213151.90,214596.71
2016,07040AV001,Inst. M. l'Esport,despesa,8,100000.00,71950.00
2016,07040AV001,Inst. M. l'Esport,despesa,1,4258227.81,4237953.26
2016,07040AV001,Inst. M. l'Esport,despesa,2,11295885.24,10965433.11
2016,07040AV006,Instituto Municipal Innovación  (IMI),ingres,8,60000.00,46140.00
2016,07040AV006,Instituto Municipal Innovación  (IMI),despesa,1,4497076.88,4157340.88
2016,07040AV006,Instituto Municipal Innovación  (IMI),ingres,3,126875.98,80342.54
2016,07040AV006,Instituto Municipal Innovación  (IMI),despesa,6,831053.31,663959.53
2016,07040AV006,Instituto Municipal Innovación  (IMI),ingres,5,50.00,7
2016,07040AV006,Instituto Municipal Innovación  (IMI),ingres,4,11571688.75,9858921.82
2016,07040AV006,Instituto Municipal Innovación  (IMI),despesa,2,7199382.47,1262038.44
2016,07040AV006,Instituto Municipal Innovación  (IMI),despesa,3,2155.38,2155.38
2016,07040AV006,Instituto Municipal Innovación  (IMI),despesa,8,60000.00,46140.00
2016,07040AV006,Instituto Municipal Innovación  (IMI),ingres,7,831053.31,663959.53
2016,07040AV007,P. Mpal. de Reallotjament i Reinserció Social,ingres,3,0,1802.87
2016,07040AV007,P. Mpal. de Reallotjament i Reinserció Social,despesa,4,78500.00,77044.70
2016,07040AV007,P. Mpal. de Reallotjament i Reinserció Social,despesa,7,19383.03,0
2016,07040AV007,P. Mpal. de Reallotjament i Reinserció Social,ingres,8,117675.04,0
2016,07040AV007,P. Mpal. de Reallotjament i Reinserció Social,despesa,1,363700.00,361642.60
2016,07040AV007,P. Mpal. de Reallotjament i Reinserció Social,ingres,5,9000.00,7015.68
2016,07040AV007,P. Mpal. de Reallotjament i Reinserció Social,despesa,2,77500.00,31784.37
2016,07040AV007,P. Mpal. de Reallotjament i Reinserció Social,ingres,7,21500.00,359.00
2016,07040AV007,P. Mpal. de Reallotjament i Reinserció Social,despesa,6,119792.01,359.00
2016,07040AV007,P. Mpal. de Reallotjament i Reinserció Social,ingres,4,510700.00,459939.97
2016,07003AA000,Alcúdia,ingres,5,1928212.00,2070752.43
2016,07003AA000,Alcúdia,ingres,1,17864901.00,18481489.12
2016,07003AA000,Alcúdia,despesa,1,7558692.50,6936725.84
2016,07003AA000,Alcúdia,despesa,6,11629796.16,2741582.15
2016,07003AA000,Alcúdia,ingres,3,9369460.00,10937637.37
2016,07003AA000,Alcúdia,ingres,4,4248518.35,4584720.61
2016,07003AA000,Alcúdia,despesa,2,11214766.14,10799521.63
2016,07003AA000,Alcúdia,despesa,3,114000.00,97722.94
2016,07003AA000,Alcúdia,despesa,4,5695961.07,5578169.56
2016,07003AA000,Alcúdia,ingres,8,5168428.32,0
2016,07003AA000,Alcúdia,ingres,2,350000.00,776229.65
2016,07003AA000,Alcúdia,ingres,7,2795640.56,516315.86
2016,07003AA000,Alcúdia,despesa,7,246165.13,237812.73
2016,07003AV002,F. Esc. M. Música,despesa,1,71269.86,70029.38
2016,07003AV002,F. Esc. M. Música,ingres,7,6510.00,6186.50
2016,07003AV002,F. Esc. M. Música,despesa,2,264276.14,256424.54
2016,07003AV002,F. Esc. M. Música,despesa,3,30.00,0
2016,07003AV002,F. Esc. M. Música,ingres,4,262566.00,252342.06
2016,07003AV002,F. Esc. M. Música,despesa,6,6510.00,6186.50
2016,07003AV002,F. Esc. M. Música,ingres,5,10.00,0
2016,07003AV002,F. Esc. M. Música,ingres,3,73000.00,74111.86
2016,07049AA000,Sant Joan,despesa,3,8700.00,7975.82
2016,07049AA000,Sant Joan,despesa,4,284275.00,238165.22
2016,07049AA000,Sant Joan,despesa,6,185319.39,185165.47
2016,07049AA000,Sant Joan,ingres,7,100040.00,97942.89
2016,07049AA000,Sant Joan,ingres,8,54796.91,0
2016,07049AA000,Sant Joan,despesa,2,578216.52,552922.01
2016,07049AA000,Sant Joan,ingres,3,393230.00,482173.83
2016,07049AA000,Sant Joan,ingres,4,455799.00,504715.12
2016,07049AA000,Sant Joan,despesa,1,579455.00,530147.28
2016,07049AA000,Sant Joan,despesa,9,99600.00,98986.78
2016,07049AA000,Sant Joan,ingres,1,648500.00,939546.13
2016,07049AA000,Sant Joan,ingres,2,50000.00,76052.52
2016,07049AA000,Sant Joan,ingres,5,33200.00,35799.33
2016,07011AO001,"Inst. M. de Educación y Bibliotecas, IMEB -Calvià",despesa,2,1814659.36,1607896.80
2016,07011AO001,"Inst. M. de Educación y Bibliotecas, IMEB -Calvià",despesa,4,186198.00,168482.00
2016,07011AO001,"Inst. M. de Educación y Bibliotecas, IMEB -Calvià",ingres,5,5100.00,1723.69
2016,07011AO001,"Inst. M. de Educación y Bibliotecas, IMEB -Calvià",despesa,8,22000.00,1250.00
2016,07011AO001,"Inst. M. de Educación y Bibliotecas, IMEB -Calvià",ingres,4,5037525.83,5037525.82
2016,07011AO001,"Inst. M. de Educación y Bibliotecas, IMEB -Calvià",despesa,1,4396168.47,4307028.19
2016,07011AO001,"Inst. M. de Educación y Bibliotecas, IMEB -Calvià",despesa,6,236000.00,229099.85
2016,07011AO001,"Inst. M. de Educación y Bibliotecas, IMEB -Calvià",ingres,7,83000.00,83000.00
2016,07011AO001,"Inst. M. de Educación y Bibliotecas, IMEB -Calvià",ingres,3,1351000.00,1235472.68
2016,07011AO001,"Inst. M. de Educación y Bibliotecas, IMEB -Calvià",ingres,8,178400.00,1250.00
2016,07002AA000,Alaior,ingres,8,2681189.02,6074.71
2016,07002AA000,Alaior,ingres,5,601500.00,608821.77
2016,07002AA000,Alaior,ingres,1,5302254.61,5643963.98
2016,07002AA000,Alaior,despesa,8,10000.00,6074.71
2016,07002AA000,Alaior,despesa,2,4322690.36,4138570.31
2016,07002AA000,Alaior,despesa,6,2320014.85,934362.14
2016,07002AA000,Alaior,despesa,7,81100.00,81026.47
2016,07002AA000,Alaior,ingres,9,2997723.10,2997723.10
2016,07002AA000,Alaior,despesa,3,590650.40,587680.64
2016,07002AA000,Alaior,despesa,4,515994.13,391401.98
2016,07002AA000,Alaior,ingres,2,178304.87,249416.72
2016,07002AA000,Alaior,ingres,4,2581242.31,2600984.68
2016,07002AA000,Alaior,despesa,5,94777.54,0
2016,07002AA000,Alaior,ingres,7,474144.84,203894.08
2016,07002AA000,Alaior,despesa,1,4040005.16,3942128.31
2016,07002AA000,Alaior,despesa,9,4845157.62,4431560.76
2016,07002AA000,Alaior,ingres,3,2004031.31,2268199.00
2016,07011AA000,Calvià,ingres,1,50950000.00,54536933.75
2016,07011AA000,Calvià,despesa,4,24589423.42,24383490.76
2016,07011AA000,Calvià,despesa,2,17697182.58,14354212.26
2016,07011AA000,Calvià,despesa,7,5369699.73,5262616.61
2016,07011AA000,Calvià,ingres,5,4820100.00,4232212.55
2016,07011AA000,Calvià,ingres,6,0,322909.25
2016,07011AA000,Calvià,ingres,3,8026571.83,8558226.05
2016,07011AA000,Calvià,despesa,9,4300000.00,4295521.84
2016,07011AA000,Calvià,ingres,4,20814022.86,26269896.08
2016,07011AA000,Calvià,ingres,8,6846633.78,218045.00
2016,07011AA000,Calvià,ingres,7,0,0
2016,07011AA000,Calvià,despesa,8,240000.00,223581.00
2016,07011AA000,Calvià,despesa,6,9427495.97,3603050.76
2016,07011AA000,Calvià,ingres,2,2681600.00,8146775.94
2016,07011AA000,Calvià,despesa,1,31532126.77,31525409.62
2016,07011AA000,Calvià,despesa,3,1010000.00,614301.58
2016,07033AA000,Manacor,ingres,3,8475962.32,11093425.74
2016,07033AA000,Manacor,despesa,9,1.00,0
2016,07033AA000,Manacor,ingres,1,16780235.34,19928695.82
2016,07033AA000,Manacor,ingres,7,64809.20,37680.02
2016,07033AA000,Manacor,despesa,3,55000.00,11119.14
2016,07033AA000,Manacor,ingres,2,204356.28,205497.28
2016,07033AA000,Manacor,ingres,4,7024201.76,9305976.22
2016,07033AA000,Manacor,despesa,7,717481.52,547481.08
2016,07033AA000,Manacor,despesa,4,1453472.06,1368652.43
2016,07033AA000,Manacor,despesa,6,5034580.78,2838238.82
2016,07033AA000,Manacor,ingres,5,277005.60,295070.97
2016,07033AA000,Manacor,despesa,1,13401683.14,12949133.82
2016,07033AA000,Manacor,despesa,5,436063.97,0
2016,07033AA000,Manacor,despesa,8,60000.00,59999.64
2016,07033AA000,Manacor,ingres,8,3794912.58,60419.06
2016,07033AA000,Manacor,despesa,2,15463200.61,13692051.66
2016,07901AA000,Ariany,despesa,3,500.00,485.50
2016,07901AA000,Ariany,despesa,4,108950.00,91580.15
2016,07901AA000,Ariany,despesa,2,331113.60,326069.96
2016,07901AA000,Ariany,ingres,8,106628.02,0
2016,07901AA000,Ariany,ingres,3,153721.47,174017.67
2016,07901AA000,Ariany,despesa,1,197280.41,183912.40
2016,07901AA000,Ariany,ingres,1,231492.64,314892.54
2016,07901AA000,Ariany,ingres,7,116285.83,16285.83
2016,07901AA000,Ariany,ingres,2,17000.00,22183.25
2016,07901AA000,Ariany,despesa,6,229279.97,121913.85
2016,07901AA000,Ariany,ingres,4,283412.46,290999.62
2016,07901AA000,Ariany,ingres,5,20.00,474.91
2016,07027AV001,Llar d'infants d'Inca,despesa,2,96330.00,80392.17
2016,07027AV001,Llar d'infants d'Inca,despesa,1,640697.50,589856.95
2016,07027AV001,Llar d'infants d'Inca,ingres,3,251000.00,268058.95
2016,07027AV001,Llar d'infants d'Inca,ingres,8,10.00,0
2016,07027AV001,Llar d'infants d'Inca,ingres,4,486817.50,440000.00
2016,07027AV001,Llar d'infants d'Inca,despesa,8,10.00,0
2016,07027AV001,Llar d'infants d'Inca,ingres,5,3710.00,6186.34
2016,07027AV001,Llar d'infants d'Inca,despesa,6,4500.00,459.00
2016,07027AV005,Música Antoni Torrandell,ingres,3,83069.46,81460.04
2016,07027AV005,Música Antoni Torrandell,ingres,4,285454.86,212731.00
2016,07027AV005,Música Antoni Torrandell,despesa,1,117325.86,98623.26
2016,07027AV005,Música Antoni Torrandell,despesa,6,2000.00,881.52
2016,07027AV005,Música Antoni Torrandell,ingres,5,10.00,0
2016,07027AV005,Música Antoni Torrandell,despesa,2,249208.46,194686.88
2016,07007AA000,Banyalbufar,despesa,2,521400.00,513051.74
2016,07007AA000,Banyalbufar,ingres,7,98626.90,98502.94
2016,07007AA000,Banyalbufar,ingres,1,347000.00,372560.53
2016,07007AA000,Banyalbufar,ingres,2,40000.00,58918.17
2016,07007AA000,Banyalbufar,ingres,4,361600.00,348966.96
2016,07007AA000,Banyalbufar,despesa,3,16505.00,13952.35
2016,07007AA000,Banyalbufar,ingres,3,226000.00,310920.39
2016,07007AA000,Banyalbufar,despesa,4,24546.00,18417.13
2016,07007AA000,Banyalbufar,ingres,5,64000.00,35084.08
2016,07007AA000,Banyalbufar,despesa,1,396959.00,318555.83
2016,07007AA000,Banyalbufar,despesa,6,145126.90,98001.20
2016,07007AA000,Banyalbufar,despesa,9,32690.00,32483.98
2016,07022AV001,Ctro. Cultural,ingres,4,115300.00,115300.00
2016,07022AV001,Ctro. Cultural,despesa,2,115230.00,80756.90
2016,07022AV001,Ctro. Cultural,despesa,3,70.00,48.00
2016,07022AV001,Ctro. Cultural,ingres,3,0,11337.40
2016,07024AA000,Formentera,ingres,2,340000.00,531128.06
2016,07024AA000,Formentera,ingres,4,10871000.00,11224741.94
2016,07024AA000,Formentera,ingres,7,1724931.20,1725211.24
2016,07024AA000,Formentera,ingres,1,6035000.00,6976179.76
2016,07024AA000,Formentera,despesa,7,137000.00,31993.44
2016,07024AA000,Formentera,ingres,5,36000.00,974.35
2016,07024AA000,Formentera,despesa,4,1403000.00,1399218.53
2016,07024AA000,Formentera,despesa,6,3060931.20,2508089.15
2016,07024AA000,Formentera,despesa,2,11362000.00,11209368.32
2016,07024AA000,Formentera,despesa,1,8516900.00,8516605.05
2016,07024AA000,Formentera,ingres,3,5822000.00,7381326.61
2016,07024AA000,Formentera,despesa,3,349100.00,348751.36
2016,07053AA000,Santa Eugènia,ingres,5,18758.00,21607.68
2016,07053AA000,Santa Eugènia,ingres,1,527836.35,527023.16
2016,07053AA000,Santa Eugènia,ingres,7,580139.55,558339.55
2016,07053AA000,Santa Eugènia,despesa,1,523760.95,489055.78
2016,07053AA000,Santa Eugènia,despesa,2,671804.85,599196.21
2016,07053AA000,Santa Eugènia,despesa,9,35144.08,35144.08
2016,07053AA000,Santa Eugènia,despesa,3,1900.00,1009.15
2016,07053AA000,Santa Eugènia,ingres,4,470253.95,440383.44
2016,07053AA000,Santa Eugènia,despesa,4,207827.87,206213.67
2016,07053AA000,Santa Eugènia,ingres,2,60000.00,66505.26
2016,07053AA000,Santa Eugènia,ingres,3,367815.58,387845.56
2016,07053AA000,Santa Eugènia,ingres,8,175404.08,0
2016,07053AA000,Santa Eugènia,despesa,6,759769.76,229740.99
2016,07001AA000,Alaró,despesa,1,1915600.00,1806444.13
2016,07001AA000,Alaró,ingres,3,827400.00,1012012.99
2016,07001AA000,Alaró,ingres,5,38400.00,60808.17
2016,07001AA000,Alaró,ingres,8,767657.39,0
2016,07001AA000,Alaró,despesa,3,40000.00,39082.63
2016,07001AA000,Alaró,despesa,4,449500.00,387481.88
2016,07001AA000,Alaró,despesa,2,1234600.00,1049133.44
2016,07001AA000,Alaró,ingres,7,72300.00,72273.99
2016,07001AA000,Alaró,ingres,4,1289600.00,1393965.88
2016,07001AA000,Alaró,despesa,6,879314.17,481822.92
2016,07001AA000,Alaró,despesa,7,53600.00,52475.01
2016,07001AA000,Alaró,ingres,2,91100.00,132787.91
2016,07001AA000,Alaró,ingres,1,2058900.00,1844027.77
2016,07001AA000,Alaró,despesa,9,534243.22,534138.20
2016,07015AA000,Ciutadella de Menorca,despesa,4,4282348.21,3169228.13
2016,07015AA000,Ciutadella de Menorca,despesa,3,644208.85,642732.94
2016,07015AA000,Ciutadella de Menorca,ingres,3,8543436.32,8943355.37
2016,07015AA000,Ciutadella de Menorca,despesa,9,2506713.97,2468694.11
2016,07015AA000,Ciutadella de Menorca,ingres,7,94369.09,92828.70
2016,07015AA000,Ciutadella de Menorca,despesa,6,8005349.96,3255892.21
2016,07015AA000,Ciutadella de Menorca,ingres,1,14555332.61,14730569.06
2016,07015AA000,Ciutadella de Menorca,ingres,6,149576.16,0
2016,07015AA000,Ciutadella de Menorca,despesa,2,11235038.32,9785910.99
2016,07015AA000,Ciutadella de Menorca,ingres,2,453400.00,589026.19
2016,07015AA000,Ciutadella de Menorca,ingres,4,7704510.57,8500536.80
2016,07015AA000,Ciutadella de Menorca,ingres,8,6613970.10,0
2016,07015AA000,Ciutadella de Menorca,despesa,7,715382.56,602099.80
2016,07015AA000,Ciutadella de Menorca,ingres,5,629760.81,589831.29
2016,07015AA000,Ciutadella de Menorca,despesa,1,11355313.79,10741309.96
2016,07015AV002,Hospital Municipal,ingres,4,1778000.00,1779933.65
2016,07015AV002,Hospital Municipal,ingres,5,89000.00,90016.80
2016,07015AV002,Hospital Municipal,despesa,1,2061100.00,2054154.95
2016,07015AV002,Hospital Municipal,despesa,4,10700.00,10608.00
2016,07015AV002,Hospital Municipal,ingres,3,743000.00,770565.43
2016,07015AV002,Hospital Municipal,despesa,2,538200.00,532839.57
2016,07015AV002,Hospital Municipal,despesa,6,0,0
2016,07023AA000,Ferreries,ingres,7,136338.00,127596.91
2016,07023AA000,Ferreries,ingres,8,552104.21,39445.44
2016,07023AA000,Ferreries,despesa,7,35313.26,21567.63
2016,07023AA000,Ferreries,ingres,1,2093000.00,2126501.78
2016,07023AA000,Ferreries,despesa,2,1993529.67,1896613.14
2016,07023AA000,Ferreries,despesa,3,172177.02,41292.24
2016,07023AA000,Ferreries,despesa,4,729173.92,691145.93
2016,07023AA000,Ferreries,despesa,8,49445.44,39445.44
2016,07023AA000,Ferreries,despesa,9,531273.94,530567.92
2016,07023AA000,Ferreries,despesa,6,352788.39,143305.72
2016,07023AA000,Ferreries,ingres,2,50000.00,86595.48
2016,07023AA000,Ferreries,ingres,3,596802.00,633415.04
2016,07023AA000,Ferreries,despesa,1,1994266.01,1928530.37
2016,07023AA000,Ferreries,ingres,5,775500.00,724792.82
2016,07023AA000,Ferreries,ingres,4,1654223.44,1741056.27
2016,07042AO002,Institut Municipal Radio Pollença,ingres,3,1500.00,2140.80
2016,07042AO002,Institut Municipal Radio Pollença,despesa,4,1000.00,1000.00
2016,07042AO002,Institut Municipal Radio Pollença,despesa,1,82616.00,82182.31
2016,07042AO002,Institut Municipal Radio Pollença,despesa,2,21456.71,21251.22
2016,07042AO002,Institut Municipal Radio Pollença,despesa,6,8210.00,8057.60
2016,07042AO002,Institut Municipal Radio Pollença,ingres,4,111782.71,111782.71
2016,07043AA000,Porreres,ingres,4,1289642.99,1367734.31
2016,07043AA000,Porreres,ingres,7,26222.40,45942.00
2016,07043AA000,Porreres,despesa,4,459535.90,452833.25
2016,07043AA000,Porreres,despesa,7,53904.39,53830.73
2016,07043AA000,Porreres,despesa,1,1042220.34,1034544.60
2016,07043AA000,Porreres,ingres,1,1765379.37,1866476.50
2016,07043AA000,Porreres,ingres,5,18210.00,18050.04
2016,07043AA000,Porreres,despesa,6,88708.96,88688.11
2016,07043AA000,Porreres,despesa,9,312530.00,312243.68
2016,07043AA000,Porreres,ingres,3,266163.39,340090.88
2016,07043AA000,Porreres,ingres,8,35000.00,0
2016,07043AA000,Porreres,despesa,3,39064.18,23348.24
2016,07043AA000,Porreres,despesa,2,1455654.38,1446034.96
2016,07043AA000,Porreres,ingres,2,51000.00,315879.91
2016,07051AA000,Sant Llorenç des Cardassar,despesa,7,2979694.66,2297238.81
2016,07051AA000,Sant Llorenç des Cardassar,ingres,1,8670000.00,9520940.38
2016,07051AA000,Sant Llorenç des Cardassar,ingres,5,556000.00,557626.26
2016,07051AA000,Sant Llorenç des Cardassar,despesa,3,1185.09,1062.62
2016,07051AA000,Sant Llorenç des Cardassar,despesa,2,4504430.15,3395122.33
2016,07051AA000,Sant Llorenç des Cardassar,ingres,3,3992500.00,4683887.24
2016,07051AA000,Sant Llorenç des Cardassar,ingres,7,1000.00,243008.29
2016,07051AA000,Sant Llorenç des Cardassar,despesa,8,10000.00,0
2016,07051AA000,Sant Llorenç des Cardassar,despesa,6,2325017.14,1868379.79
2016,07051AA000,Sant Llorenç des Cardassar,ingres,4,1927000.00,2139900.82
2016,07051AA000,Sant Llorenç des Cardassar,ingres,8,4257294.16,0
2016,07051AA000,Sant Llorenç des Cardassar,despesa,1,4417568.03,3987680.65
2016,07051AA000,Sant Llorenç des Cardassar,despesa,4,5617899.09,4655468.66
2016,07051AA000,Sant Llorenç des Cardassar,ingres,2,452000.00,656813.27
2016,07052AA000,Sant Lluís,despesa,9,537300.00,471174.98
2016,07052AA000,Sant Lluís,ingres,8,1829700.42,0
2016,07052AA000,Sant Lluís,ingres,9,447000.00,0
2016,07052AA000,Sant Lluís,ingres,4,2188966.60,2161660.16
2016,07052AA000,Sant Lluís,despesa,2,3927030.21,3578858.73
2016,07052AA000,Sant Lluís,despesa,4,873989.24,817303.10
2016,07052AA000,Sant Lluís,ingres,3,2273436.00,2558320.36
2016,07052AA000,Sant Lluís,ingres,5,382500.00,391283.88
2016,07052AA000,Sant Lluís,despesa,5,60000.00,0
2016,07052AA000,Sant Lluís,ingres,1,5224800.00,5943113.34
2016,07052AA000,Sant Lluís,ingres,6,452900.00,0
2016,07052AA000,Sant Lluís,despesa,6,3281814.72,1434530.06
2016,07052AA000,Sant Lluís,ingres,7,455193.84,321152.47
2016,07052AA000,Sant Lluís,despesa,1,4691392.69,4391965.31
2016,07052AA000,Sant Lluís,ingres,2,250000.00,303954.00
2016,07052AA000,Sant Lluís,despesa,3,105910.00,83172.99
2016,07052AA000,Sant Lluís,despesa,7,27060.00,24856.98
2016,07054AA000,Santa Eulalia del Río,despesa,2,20206241.43,18453896.43
2016,07054AA000,Santa Eulalia del Río,despesa,8,15010.00,15000.00
2016,07054AA000,Santa Eulalia del Río,despesa,9,1768353.48,1768209.26
2016,07054AA000,Santa Eulalia del Río,ingres,4,8442528.30,8726489.81
2016,07054AA000,Santa Eulalia del Río,despesa,6,16090021.35,5678760.55
2016,07054AA000,Santa Eulalia del Río,ingres,5,1047556.81,481643.03
2016,07054AA000,Santa Eulalia del Río,ingres,1,16170010.00,18867533.27
2016,07054AA000,Santa Eulalia del Río,despesa,7,467510.00,40000.00
2016,07054AA000,Santa Eulalia del Río,ingres,7,2482074.72,2727848.51
2016,07054AA000,Santa Eulalia del Río,despesa,1,8962591.42,8530824.68
2016,07054AA000,Santa Eulalia del Río,despesa,3,142541.91,112222.75
2016,07054AA000,Santa Eulalia del Río,ingres,3,9173300.70,11296251.12
2016,07054AA000,Santa Eulalia del Río,despesa,4,2790133.87,1795832.72
2016,07054AA000,Santa Eulalia del Río,ingres,2,1775260.00,3029869.40
2016,07054AA000,Santa Eulalia del Río,ingres,6,319637.75,319617.75
2016,07054AA000,Santa Eulalia del Río,ingres,8,11204719.18,27728.55
2016,07054AA000,Santa Eulalia del Río,despesa,5,172704.00,0
2016,07054AA000,Santa Eulalia del Río,ingres,9,20.00,0
2016,07001DV003,P. Esc. Turismo,ingres,3,79900.00,164889.98
2016,07001DV003,P. Esc. Turismo,despesa,5,10000.00,0
2016,07001DV003,P. Esc. Turismo,ingres,5,100.00,0
2016,07001DV003,P. Esc. Turismo,despesa,1,421953.73,410613.64
2016,07001DV003,P. Esc. Turismo,despesa,2,98445.12,72877.61
2016,07001DV003,P. Esc. Turismo,despesa,6,19601.15,19601.15
2016,07001DV003,P. Esc. Turismo,ingres,4,500000.00,379385.71
2016,07001DV003,P. Esc. Turismo,despesa,4,30000.00,29385.71
2016,07002DD000,Consejo Insular de Mallorca,ingres,4,251658553.94,246227716.48
2016,07002DD000,Consejo Insular de Mallorca,despesa,8,100000.00,82507.98
2016,07002DD000,Consejo Insular de Mallorca,despesa,5,300000.00,0
2016,07002DD000,Consejo Insular de Mallorca,ingres,8,159353756.36,82507.98
2016,07002DD000,Consejo Insular de Mallorca,despesa,2,39152485.24,25424794.03
2016,07002DD000,Consejo Insular de Mallorca,despesa,3,2777817.31,1350225.01
2016,07002DD000,Consejo Insular de Mallorca,despesa,4,162944126.51,157585513.37
2016,07002DD000,Consejo Insular de Mallorca,despesa,7,51386694.93,5520613.54
2016,07002DD000,Consejo Insular de Mallorca,despesa,9,33930502.80,33930458.41
2016,07002DD000,Consejo Insular de Mallorca,ingres,7,84967750.90,57706062.95
2016,07002DD000,Consejo Insular de Mallorca,ingres,2,14664921.41,11146857.82
2016,07002DD000,Consejo Insular de Mallorca,despesa,1,60600076.76,56840234.66
2016,07002DD000,Consejo Insular de Mallorca,despesa,6,178446042.39,30620729.72
2016,07002DD000,Consejo Insular de Mallorca,ingres,3,3005939.67,5502539.23
2016,07002DD000,Consejo Insular de Mallorca,ingres,5,3452296.61,3452104.74
2016,07002DD000,Consejo Insular de Mallorca,ingres,1,12534527.05,13927151.74
2016,07002DV001,Inst. l'Esport Hipic,ingres,4,2250000.00,2250000.00
2016,07002DV001,Inst. l'Esport Hipic,ingres,5,402166.68,455310.69
2016,07002DV001,Inst. l'Esport Hipic,despesa,1,1097388.19,1018142.49
2016,07002DV001,Inst. l'Esport Hipic,despesa,2,1201998.49,721334.23
2016,07002DV001,Inst. l'Esport Hipic,despesa,7,40042.26,40042.26
2016,07002DV001,Inst. l'Esport Hipic,despesa,3,13000.00,538.03
2016,07002DV001,Inst. l'Esport Hipic,despesa,6,671091.33,98030.80
2016,07002DV001,Inst. l'Esport Hipic,despesa,4,1283000.00,1108821.06
2016,07002DV001,Inst. l'Esport Hipic,despesa,8,10000.00,0
2016,07002DV001,Inst. l'Esport Hipic,ingres,3,324220.00,279531.76
2016,07002DV001,Inst. l'Esport Hipic,ingres,8,1340133.59,0
2016,07002DV003,Inst.  Mallorquí d'Afers Socials,despesa,4,24372445.17,23048150.51
2016,07002DV003,Inst.  Mallorquí d'Afers Socials,ingres,3,5046044.02,5595892.12
2016,07002DV003,Inst.  Mallorquí d'Afers Socials,ingres,5,29940.22,30073.96
2016,07002DV003,Inst.  Mallorquí d'Afers Socials,despesa,2,80942036.56,74259931.97
2016,07002DV003,Inst.  Mallorquí d'Afers Socials,despesa,1,53365997.78,52407825.34
2016,07002DV003,Inst.  Mallorquí d'Afers Socials,despesa,7,10946437.46,10576001.15
2016,07002DV003,Inst.  Mallorquí d'Afers Socials,ingres,4,155911773.33,154801796.98
2016,07002DV003,Inst.  Mallorquí d'Afers Socials,ingres,8,15484847.56,106105.08
2016,07002DV003,Inst.  Mallorquí d'Afers Socials,despesa,3,208500.00,198547.57
2016,07002DV003,Inst.  Mallorquí d'Afers Socials,despesa,8,115000.00,100676.76
2016,07002DV003,Inst.  Mallorquí d'Afers Socials,despesa,6,6784688.16,921250.64
2016,07002DV003,Inst.  Mallorquí d'Afers Socials,ingres,7,262500.00,262500.00
2016,07010AE001,Palmanyola,despesa,2,291620.20,287661.43
2016,07010AE001,Palmanyola,despesa,9,7090.00,6951.08
2016,07010AE001,Palmanyola,ingres,5,6550.00,9070.18
2016,07010AE001,Palmanyola,despesa,3,3413.59,297.75
2016,07010AE001,Palmanyola,ingres,7,339999.70,98010.00
2016,07010AE001,Palmanyola,despesa,6,339999.70,98010.00
2016,07010AE001,Palmanyola,despesa,1,288924.24,273570.29
2016,07010AE001,Palmanyola,ingres,3,23800.00,29665.71
2016,07010AE001,Palmanyola,ingres,4,560698.03,541269.00
2016,07002MM000,Mc. Pla de Mallorca,despesa,3,163436.06,34864.02
2016,07002MM000,Mc. Pla de Mallorca,despesa,4,176078.69,170683.82
2016,07002MM000,Mc. Pla de Mallorca,despesa,2,4883766.96,4343400.86
2016,07002MM000,Mc. Pla de Mallorca,ingres,7,60382.00,81982.01
2016,07002MM000,Mc. Pla de Mallorca,ingres,5,100.00,3984.06
2016,07002MM000,Mc. Pla de Mallorca,ingres,4,5579900.56,6264021.73
2016,07002MM000,Mc. Pla de Mallorca,despesa,1,513428.45,493921.83
2016,07002MM000,Mc. Pla de Mallorca,despesa,6,22465.38,20339.24
2016,07002MM000,Mc. Pla de Mallorca,despesa,9,624439.24,212766.91
2016,07002MM000,Mc. Pla de Mallorca,ingres,3,743232.22,542012.30
2016,07001MM000,Mc. Es Raiguer,despesa,6,6482.02,6033.46
2016,07001MM000,Mc. Es Raiguer,despesa,4,3000.25,3000.00
2016,07001MM000,Mc. Es Raiguer,ingres,5,100.00,91.93
2016,07001MM000,Mc. Es Raiguer,despesa,3,250.00,66.76
2016,07001MM000,Mc. Es Raiguer,despesa,2,2745645.18,2251869.29
2016,07001MM000,Mc. Es Raiguer,ingres,3,583446.57,551282.49
2016,07001MM000,Mc. Es Raiguer,despesa,1,551358.46,548396.66
2016,07001MM000,Mc. Es Raiguer,ingres,4,2723189.34,2402707.75
2016,07003MM000,Mc. Migjorn de Mallorca,despesa,3,3066.70,1981.83
2016,07003MM000,Mc. Migjorn de Mallorca,ingres,8,566.70,0
2016,07003MM000,Mc. Migjorn de Mallorca,despesa,2,586600.00,419333.54
2016,07003MM000,Mc. Migjorn de Mallorca,despesa,4,4600.00,3048.72
2016,07003MM000,Mc. Migjorn de Mallorca,despesa,6,40000.00,15305.67
2016,07003MM000,Mc. Migjorn de Mallorca,ingres,5,10000.00,8625.69
2016,07003MM000,Mc. Migjorn de Mallorca,despesa,1,670562.80,507079.33
2016,07003MM000,Mc. Migjorn de Mallorca,ingres,3,1294262.80,1364956.64
2016,07028AA000,Lloret de Vistalegre,ingres,8,164400.84,0
2016,07028AA000,Lloret de Vistalegre,despesa,3,100.00,95.84
2016,07028AA000,Lloret de Vistalegre,despesa,2,406086.66,384170.68
2016,07028AA000,Lloret de Vistalegre,despesa,9,38000.00,36823.80
2016,07028AA000,Lloret de Vistalegre,ingres,7,414337.66,174372.63
2016,07028AA000,Lloret de Vistalegre,ingres,5,27050.00,13984.00
2016,07028AA000,Lloret de Vistalegre,ingres,3,66974.80,71547.53
2016,07028AA000,Lloret de Vistalegre,despesa,6,499815.81,258568.47
2016,07028AA000,Lloret de Vistalegre,despesa,4,22320.00,20386.61
2016,07028AA000,Lloret de Vistalegre,ingres,2,25050.00,15652.60
2016,07028AA000,Lloret de Vistalegre,ingres,4,350657.45,402537.41
2016,07028AA000,Lloret de Vistalegre,despesa,1,436648.28,415151.19
2016,07028AA000,Lloret de Vistalegre,ingres,1,354500.00,400635.03
2016,07033AV002,P. l'Escola M. de Mallorqui,ingres,5,6.01,0
2016,07033AV002,P. l'Escola M. de Mallorqui,ingres,4,61781.54,62081.54
2016,07033AV002,P. l'Escola M. de Mallorqui,ingres,3,10000.00,16163.50
2016,07033AV002,P. l'Escola M. de Mallorqui,despesa,6,6000.00,5135.45
2016,07033AV002,P. l'Escola M. de Mallorqui,ingres,7,0,3000.00
2016,07033AV002,P. l'Escola M. de Mallorqui,despesa,3,30.05,0
2016,07033AV002,P. l'Escola M. de Mallorqui,despesa,2,65757.50,61669.68
2016,07033AV003,P. M. d'Esports,ingres,8,59500.00,0
2016,07033AV003,P. M. d'Esports,despesa,6,152000.00,150411.66
2016,07033AV003,P. M. d'Esports,despesa,4,107155.00,106991.59
2016,07033AV003,P. M. d'Esports,ingres,5,31038.01,37483.39
2016,07033AV003,P. M. d'Esports,despesa,2,312643.00,283593.00
2016,07033AV003,P. M. d'Esports,ingres,4,350514.99,350514.99
2016,07033AV003,P. M. d'Esports,ingres,3,8745.00,11743.53
2016,07033AV003,P. M. d'Esports,ingres,7,122000.00,122000.00
2016,07008AA000,Binissalem,ingres,8,657127.75,0
2016,07008AA000,Binissalem,despesa,2,2247256.90,1843057.97
2016,07008AA000,Binissalem,ingres,1,2392000.00,2327144.56
2016,07008AA000,Binissalem,despesa,9,971609.41,740458.58
2016,07008AA000,Binissalem,ingres,7,495000.00,65000.00
2016,07008AA000,Binissalem,despesa,1,2066320.00,2066311.61
2016,07008AA000,Binissalem,despesa,4,720250.00,587868.06
2016,07008AA000,Binissalem,ingres,5,30000.00,3600.00
2016,07008AA000,Binissalem,ingres,6,60000.00,0
2016,07008AA000,Binissalem,ingres,2,180000.00,237443.38
2016,07008AA000,Binissalem,ingres,3,1504800.00,1316354.21
2016,07008AA000,Binissalem,despesa,6,1116126.44,697991.54
2016,07008AA000,Binissalem,despesa,5,10000.00,0
2016,07008AA000,Binissalem,despesa,3,180100.00,157669.58
2016,07008AA000,Binissalem,ingres,4,2028000.00,1823045.31
2016,07018AA000,Deyá,ingres,8,131222.19,0
2016,07018AA000,Deyá,despesa,1,596310.29,527715.06
2016,07018AA000,Deyá,despesa,2,1044608.00,1018638.28
2016,07018AA000,Deyá,ingres,4,462921.60,473511.84
2016,07018AA000,Deyá,ingres,3,486251.00,534393.70
2016,07018AA000,Deyá,ingres,5,10000.00,10048.13
2016,07018AA000,Deyá,ingres,7,675404.18,646249.81
2016,07018AA000,Deyá,despesa,3,260.00,257.04
2016,07018AA000,Deyá,ingres,1,986000.00,1153389.89
2016,07018AA000,Deyá,despesa,4,102247.00,97872.11
2016,07018AA000,Deyá,despesa,6,832718.23,238693.85
2016,07018AA000,Deyá,ingres,2,60000.00,143034.07
2016,07015AV003,P. Esc. Infantiles,ingres,8,18735.45,0
2016,07015AV003,P. Esc. Infantiles,ingres,3,180000.00,190828.25
2016,07015AV003,P. Esc. Infantiles,despesa,4,8315.65,8315.65
2016,07015AV003,P. Esc. Infantiles,ingres,4,684500.00,690141.29
2016,07015AV003,P. Esc. Infantiles,despesa,1,418872.98,409893.05
2016,07015AV003,P. Esc. Infantiles,despesa,2,437311.37,435028.48
2016,07015AV003,P. Esc. Infantiles,ingres,5,0,21.81
2016,07015AV003,P. Esc. Infantiles,despesa,6,18735.45,18735.45
2016,07020AA000,Esporles,ingres,2,60000.00,28329.85
2016,07020AA000,Esporles,ingres,6,1.00,0
2016,07020AA000,Esporles,despesa,4,595532.91,591194.77
2016,07020AA000,Esporles,ingres,4,1408182.39,1467734.05
2016,07020AA000,Esporles,despesa,3,21000.00,17557.59
2016,07020AA000,Esporles,despesa,9,245000.00,243015.88
2016,07020AA000,Esporles,despesa,2,1616267.14,1611780.70
2016,07020AA000,Esporles,ingres,5,1101.00,1575.47
2016,07020AA000,Esporles,despesa,1,1655612.06,1652758.02
2016,07020AA000,Esporles,ingres,1,1631870.39,1862982.24
2016,07020AA000,Esporles,ingres,8,77993.20,0
2016,07020AA000,Esporles,despesa,6,805014.62,212882.60
2016,07020AA000,Esporles,despesa,7,81600.00,81512.42
2016,07020AA000,Esporles,ingres,3,1178680.16,1231268.96
2016,07020AA000,Esporles,ingres,7,662198.59,96265.88
2016,07029AA000,Lloseta,ingres,3,1064536.25,1105966.91
2016,07029AA000,Lloseta,despesa,1,2277648.82,2261190.23
2016,07029AA000,Lloseta,despesa,5,24284.41,0
2016,07029AA000,Lloseta,despesa,3,16022.66,14711.47
2016,07029AA000,Lloseta,despesa,6,353336.40,280927.51
2016,07029AA000,Lloseta,ingres,1,2237608.25,2504198.74
2016,07029AA000,Lloseta,ingres,7,66343.55,66343.55
2016,07029AA000,Lloseta,ingres,4,1473562.78,1543121.58
2016,07029AA000,Lloseta,ingres,5,23470.00,27329.07
2016,07029AA000,Lloseta,despesa,4,567103.28,561273.05
2016,07029AA000,Lloseta,despesa,9,177279.60,177279.60
2016,07029AA000,Lloseta,ingres,2,100000.00,83075.58
2016,07029AA000,Lloseta,ingres,9,126810.11,0
2016,07029AA000,Lloseta,despesa,2,1676655.77,1660879.74
2016,07030AA000,Llubí,despesa,9,25365.00,25365.00
2016,07030AA000,Llubí,despesa,3,11950.00,8146.50
2016,07030AA000,Llubí,ingres,3,204481.86,171010.69
2016,07030AA000,Llubí,ingres,7,272106.06,18608.71
2016,07030AA000,Llubí,ingres,8,208160.14,0
2016,07030AA000,Llubí,ingres,5,28300.00,17231.81
2016,07030AA000,Llubí,despesa,6,755202.37,433714.54
2016,07030AA000,Llubí,ingres,1,835729.00,1240888.44
2016,07030AA000,Llubí,ingres,2,30000.00,22705.55
2016,07030AA000,Llubí,ingres,4,621639.40,583324.64
2016,07030AA000,Llubí,despesa,7,450.00,0
2016,07030AA000,Llubí,despesa,1,634303.40,613930.56
2016,07030AA000,Llubí,despesa,4,71773.00,59220.36
2016,07030AA000,Llubí,despesa,2,701372.69,668635.94
2016,07036AO001,Institut Municipal Comunicació,despesa,2,162920.00,123734.71
2016,07036AO001,Institut Municipal Comunicació,ingres,4,162920.00,162920.00
2016,07058AA000,Selva,despesa,3,3871.07,1773.35
2016,07058AA000,Selva,despesa,6,291523.76,289066.86
2016,07058AA000,Selva,ingres,1,1477500.00,1785048.08
2016,07058AA000,Selva,ingres,4,852584.58,1087242.02
2016,07058AA000,Selva,despesa,2,882351.90,878344.18
2016,07058AA000,Selva,ingres,7,143172.99,143162.99
2016,07058AA000,Selva,despesa,1,1235484.73,1226719.06
2016,07058AA000,Selva,despesa,4,484819.88,479335.14
2016,07058AA000,Selva,ingres,2,200010.00,383007.88
2016,07058AA000,Selva,ingres,3,578758.64,813657.83
2016,07058AA000,Selva,ingres,5,53878.75,52149.61
2016,07040AV009,Inst. M. Form. Ocupacional i Feina,despesa,4,124949.91,26949.44
2016,07040AV009,Inst. M. Form. Ocupacional i Feina,despesa,2,1056004.64,642305.96
2016,07040AV009,Inst. M. Form. Ocupacional i Feina,ingres,5,28300.00,46900.74
2016,07040AV009,Inst. M. Form. Ocupacional i Feina,ingres,8,305169.81,19800.00
2016,07040AV009,Inst. M. Form. Ocupacional i Feina,ingres,3,14000.00,8820.42
2016,07040AV009,Inst. M. Form. Ocupacional i Feina,ingres,7,66740.00,66740.00
2016,07040AV009,Inst. M. Form. Ocupacional i Feina,despesa,1,6239969.75,4295241.90
2016,07040AV009,Inst. M. Form. Ocupacional i Feina,despesa,8,20000.00,19800.00
2016,07040AV009,Inst. M. Form. Ocupacional i Feina,ingres,4,7127019.65,5793471.82
2016,07040AV009,Inst. M. Form. Ocupacional i Feina,despesa,3,1565.16,0
2016,07040AV009,Inst. M. Form. Ocupacional i Feina,despesa,6,46240.00,37987.35
2016,07040AV009,Inst. M. Form. Ocupacional i Feina,despesa,7,52500.00,52036.82
2016,07003AV001,P. M. D'Esports,ingres,4,682630.00,623699.76
2016,07003AV001,P. M. D'Esports,ingres,5,5420.00,3405.00
2016,07003AV001,P. M. D'Esports,ingres,7,34530.00,45844.19
2016,07003AV001,P. M. D'Esports,ingres,3,179200.00,160520.97
2016,07003AV001,P. M. D'Esports,despesa,6,47530.00,45844.19
2016,07003AV001,P. M. D'Esports,despesa,4,60000.00,48388.49
2016,07003AV001,P. M. D'Esports,despesa,1,288305.00,274535.01
2016,07003AV001,P. M. D'Esports,despesa,2,505945.00,464702.23
2016,07003AV003,Emisora Alcúdia Radio,despesa,2,21817.95,21722.74
2016,07003AV003,Emisora Alcúdia Radio,ingres,7,1800.00,1122.05
2016,07003AV003,Emisora Alcúdia Radio,ingres,3,10.00,1040.00
2016,07003AV003,Emisora Alcúdia Radio,despesa,1,148084.96,147381.65
2016,07003AV003,Emisora Alcúdia Radio,despesa,3,50.00,0
2016,07003AV003,Emisora Alcúdia Radio,despesa,6,1122.05,1122.05
2016,07003AV003,Emisora Alcúdia Radio,ingres,5,10.00,4.38
2016,07003AV003,Emisora Alcúdia Radio,ingres,4,169254.96,168060.01
2016,07059AA000,Salines (Ses),despesa,2,2875129.56,2624320.36
2016,07059AA000,Salines (Ses),despesa,1,2325290.19,2010510.26
2016,07059AA000,Salines (Ses),despesa,4,385014.89,286067.52
2016,07059AA000,Salines (Ses),ingres,2,130000.00,198354.78
2016,07059AA000,Salines (Ses),ingres,8,1648945.01,0
2016,07059AA000,Salines (Ses),despesa,9,74587.51,74587.51
2016,07059AA000,Salines (Ses),ingres,4,1107929.57,1243161.35
2016,07059AA000,Salines (Ses),ingres,9,1380000.00,1380000.00
2016,07059AA000,Salines (Ses),despesa,6,3442921.77,1769360.27
2016,07059AA000,Salines (Ses),ingres,1,2991800.00,2967792.78
2016,07059AA000,Salines (Ses),despesa,3,560088.69,8311.31
2016,07059AA000,Salines (Ses),despesa,7,40000.00,40000.00
2016,07059AA000,Salines (Ses),ingres,3,1709995.30,1432186.62
2016,07059AA000,Salines (Ses),ingres,7,509562.73,500562.73
2016,07059AA000,Salines (Ses),ingres,5,224800.00,312682.41
2016,07033AO001,Institut Públic del Teatre Municipal,ingres,4,210521.00,127021.00
2016,07033AO001,Institut Públic del Teatre Municipal,ingres,5,0,32.10
2016,07033AO001,Institut Públic del Teatre Municipal,despesa,6,139000.00,27705.65
2016,07033AO001,Institut Públic del Teatre Municipal,ingres,3,215622.31,215632.79
2016,07033AO001,Institut Públic del Teatre Municipal,despesa,2,426143.31,425252.32
2016,07033AO001,Institut Públic del Teatre Municipal,ingres,7,139000.00,139000.00
2016,07033AO002,Institució Pública Antoni M. Alcover,ingres,4,69000.00,114000.00
2016,07033AO002,Institució Pública Antoni M. Alcover,ingres,5,0,51.89
2016,07033AO002,Institució Pública Antoni M. Alcover,despesa,2,66510.00,63528.41
2016,07033AO002,Institució Pública Antoni M. Alcover,despesa,6,7490.00,7465.44
2016,07033AO002,Institució Pública Antoni M. Alcover,ingres,7,5000.00,5000.00
2016,07044AA000,Pobla (Sa),ingres,1,4367000.00,4534822.94
2016,07044AA000,Pobla (Sa),ingres,7,214700.00,58500.00
2016,07044AA000,Pobla (Sa),ingres,9,2054203.50,2054203.50
2016,07044AA000,Pobla (Sa),ingres,3,3681421.00,3703859.54
2016,07044AA000,Pobla (Sa),ingres,2,175000.00,138722.82
2016,07044AA000,Pobla (Sa),despesa,9,3430283.50,3387293.61
2016,07044AA000,Pobla (Sa),ingres,5,22124.00,13009.91
2016,07044AA000,Pobla (Sa),ingres,6,6.00,0
2016,07044AA000,Pobla (Sa),despesa,3,123934.00,121833.62
2016,07044AA000,Pobla (Sa),despesa,4,307880.00,224058.00
2016,07044AA000,Pobla (Sa),despesa,2,5084039.00,4879067.54
2016,07044AA000,Pobla (Sa),despesa,6,476889.00,239337.49
2016,07044AA000,Pobla (Sa),despesa,1,4030607.86,3844264.89
2016,07044AA000,Pobla (Sa),despesa,7,101229.00,100093.08
2016,07044AA000,Pobla (Sa),ingres,4,3007007.86,2967928.13
2016,07044AA000,Pobla (Sa),ingres,8,33400.00,0
2016,07017AA000,Costitx,despesa,6,175675.96,167210.63
2016,07017AA000,Costitx,despesa,4,14300.00,9168.92
2016,07017AA000,Costitx,ingres,1,338500.00,430397.49
2016,07017AA000,Costitx,despesa,3,3000.00,696.76
2016,07017AA000,Costitx,despesa,9,13000.00,12303.95
2016,07017AA000,Costitx,ingres,5,16000.00,15931.62
2016,07017AA000,Costitx,ingres,7,12000.00,10719.72
2016,07017AA000,Costitx,ingres,8,147875.96,0
2016,07017AA000,Costitx,ingres,3,58600.00,99105.19
2016,07017AA000,Costitx,despesa,2,478260.28,467301.44
2016,07017AA000,Costitx,despesa,1,327000.00,292845.66
2016,07017AA000,Costitx,ingres,4,421260.28,453701.88
2016,07017AA000,Costitx,ingres,2,17000.00,21213.89
2016,07027AA000,Inca,despesa,2,10529317.90,9099098.36
2016,07027AA000,Inca,ingres,8,9282440.03,34600.00
2016,07027AA000,Inca,despesa,4,3033706.77,2581576.19
2016,07027AA000,Inca,ingres,3,7320059.96,7881408.29
2016,07027AA000,Inca,ingres,7,871172.84,866439.37
2016,07027AA000,Inca,ingres,1,9744500.00,9886478.84
2016,07027AA000,Inca,ingres,6,10.00,3146.32
2016,07027AA000,Inca,despesa,9,1328047.21,1329134.31
2016,07027AA000,Inca,ingres,4,7399418.97,7784158.83
2016,07027AA000,Inca,despesa,8,6516508.91,35600.00
2016,07027AA000,Inca,ingres,2,250700.00,168711.19
2016,07027AA000,Inca,despesa,7,10.00,0
2016,07027AA000,Inca,despesa,1,9293578.68,8482290.94
2016,07027AA000,Inca,ingres,5,176210.00,189515.99
2016,07027AA000,Inca,despesa,3,226621.84,98539.11
2016,07027AA000,Inca,despesa,6,4054094.18,548437.21
2016,07022AA000,Felanitx,despesa,3,122150.00,74087.27
2016,07022AA000,Felanitx,despesa,4,911856.72,794694.62
2016,07022AA000,Felanitx,ingres,2,209000.00,482849.22
2016,07022AA000,Felanitx,despesa,6,1882039.69,1410753.26
2016,07022AA000,Felanitx,despesa,9,810000.00,801145.10
2016,07022AA000,Felanitx,despesa,7,251042.96,112384.97
2016,07022AA000,Felanitx,ingres,3,5272480.71,5181274.83
2016,07022AA000,Felanitx,ingres,4,4249536.75,3875305.54
2016,07022AA000,Felanitx,ingres,5,334150.00,347443.78
2016,07022AA000,Felanitx,ingres,8,882785.11,0
2016,07022AA000,Felanitx,ingres,7,31211.80,118214.81
2016,07022AA000,Felanitx,despesa,1,6823524.00,6123152.03
2016,07022AA000,Felanitx,despesa,2,7565551.00,6621093.44
2016,07022AA000,Felanitx,ingres,1,7387000.00,7622420.16
2016,07038AA000,Montuïri,ingres,4,676600.00,628570.88
2016,07038AA000,Montuïri,ingres,5,100.00,33.86
2016,07038AA000,Montuïri,ingres,7,1100849.45,1002124.58
2016,07038AA000,Montuïri,despesa,4,435371.51,428346.60
2016,07038AA000,Montuïri,ingres,3,490700.00,478094.41
2016,07038AA000,Montuïri,despesa,2,689806.54,580911.39
2016,07038AA000,Montuïri,despesa,9,474412.88,474412.88
2016,07038AA000,Montuïri,ingres,2,120000.00,218223.58
2016,07038AA000,Montuïri,despesa,1,810157.39,806853.64
2016,07038AA000,Montuïri,despesa,3,312470.83,312470.83
2016,07038AA000,Montuïri,ingres,1,1196500.00,973229.39
2016,07038AA000,Montuïri,ingres,9,366239.36,849311.77
2016,07038AA000,Montuïri,despesa,6,1228769.66,1202969.26
2016,07042AA000,Pollença,ingres,2,600050.00,1214693.83
2016,07042AA000,Pollença,despesa,1,7306240.01,7001481.03
2016,07042AA000,Pollença,ingres,1,9945000.00,10895095.11
2016,07042AA000,Pollença,despesa,3,263020.00,157958.98
2016,07042AA000,Pollença,despesa,6,5419761.67,1698273.95
2016,07042AA000,Pollença,despesa,9,448000.00,447958.05
2016,07042AA000,Pollença,ingres,3,6613120.00,10008131.01
2016,07042AA000,Pollença,ingres,4,3804936.91,4485363.31
2016,07042AA000,Pollença,ingres,7,169578.95,185280.39
2016,07042AA000,Pollença,despesa,4,4695774.88,4599908.52
2016,07042AA000,Pollença,ingres,6,0,123.00
2016,07042AA000,Pollença,ingres,8,5028982.79,0
2016,07042AA000,Pollença,ingres,5,62500.00,103732.93
2016,07042AA000,Pollença,despesa,2,7799993.84,7250431.01
2016,07042AA000,Pollença,despesa,8,100.00,100.00
2016,07001DD000,Consejo Insular de Ibiza,despesa,1,28037693.46,26657751.36
2016,07001DD000,Consejo Insular de Ibiza,ingres,3,5578561.83,7293559.36
2016,07001DD000,Consejo Insular de Ibiza,despesa,3,70350.58,59617.37
2016,07001DD000,Consejo Insular de Ibiza,ingres,9,300000.00,-313340.43
2016,07001DD000,Consejo Insular de Ibiza,despesa,9,685703.32,439093.55
2016,07001DD000,Consejo Insular de Ibiza,ingres,7,38269720.63,8717551.27
2016,07001DD000,Consejo Insular de Ibiza,despesa,8,400000.00,213674.63
2016,07001DD000,Consejo Insular de Ibiza,ingres,8,16179317.81,251836.52
2016,07001DD000,Consejo Insular de Ibiza,despesa,4,11801727.74,6464222.66
2016,07001DD000,Consejo Insular de Ibiza,despesa,6,53405744.84,13834617.98
2016,07001DD000,Consejo Insular de Ibiza,ingres,1,1932620.00,2010928.82
2016,07001DD000,Consejo Insular de Ibiza,ingres,4,57202061.90,54521161.47
2016,07001DD000,Consejo Insular de Ibiza,ingres,5,641860.00,304493.84
2016,07001DD000,Consejo Insular de Ibiza,despesa,5,192035.80,0
2016,07001DD000,Consejo Insular de Ibiza,despesa,7,9614601.38,5233844.25
2016,07001DD000,Consejo Insular de Ibiza,ingres,2,2765570.00,2814818.54
2016,07001DD000,Consejo Insular de Ibiza,despesa,2,18661855.05,10625484.97
2016,07002DO001,Agència  Protecció Legalitat Urbanística i Territorial de Mallorca,despesa,1,1134354.68,1054947.92
2016,07002DO001,Agència  Protecció Legalitat Urbanística i Territorial de Mallorca,ingres,8,153331.69,2993.14
2016,07002DO001,Agència  Protecció Legalitat Urbanística i Territorial de Mallorca,despesa,7,147331.69,147331.69
2016,07002DO001,Agència  Protecció Legalitat Urbanística i Territorial de Mallorca,despesa,2,204982.48,40063.77
2016,07002DO001,Agència  Protecció Legalitat Urbanística i Territorial de Mallorca,ingres,3,768500.00,2125951.07
2016,07002DO001,Agència  Protecció Legalitat Urbanística i Territorial de Mallorca,ingres,4,615000.00,615000.00
2016,07002DO001,Agència  Protecció Legalitat Urbanística i Territorial de Mallorca,despesa,6,44162.84,21516.39
2016,07002DO001,Agència  Protecció Legalitat Urbanística i Territorial de Mallorca,despesa,8,6000.00,2993.14
2016,07002DO001,Agència  Protecció Legalitat Urbanística i Territorial de Mallorca,ingres,5,0,44.32
2016,07003DV002,Consell Economic i Social,despesa,2,15250.00,0
2016,07003DV002,Consell Economic i Social,ingres,4,20450.00,5200.00
2016,07003DV002,Consell Economic i Social,despesa,4,5200.00,5200.00
2016,07055AA000,Santa Margalida,ingres,5,692861.00,1089882.00
2016,07055AA000,Santa Margalida,despesa,6,2568964.07,802412.29
2016,07055AA000,Santa Margalida,despesa,3,1895.50,1875.50
2016,07055AA000,Santa Margalida,ingres,2,120000.00,554155.53
2016,07055AA000,Santa Margalida,ingres,8,1140657.63,0
2016,07055AA000,Santa Margalida,despesa,4,342728.77,278459.30
2016,07055AA000,Santa Margalida,ingres,3,3415086.16,4136492.61
2016,07055AA000,Santa Margalida,ingres,7,52724.15,60118.67
2016,07055AA000,Santa Margalida,despesa,1,4971101.81,4340654.38
2016,07055AA000,Santa Margalida,despesa,7,28923.35,28923.35
2016,07055AA000,Santa Margalida,ingres,1,6318500.00,6998108.91
2016,07055AA000,Santa Margalida,despesa,2,6400040.54,6041175.41
2016,07055AA000,Santa Margalida,ingres,4,2573825.10,2774746.59
2016,07040AV002,P. M. d'Escoles d'Infants,despesa,6,113237.93,48868.05
2016,07040AV002,P. M. d'Escoles d'Infants,despesa,1,3169229.07,3034816.99
2016,07040AV002,P. M. d'Escoles d'Infants,despesa,8,11000.00,8500.00
2016,07040AV002,P. M. d'Escoles d'Infants,ingres,3,784205.47,1072052.96
2016,07040AV002,P. M. d'Escoles d'Infants,despesa,2,3594946.40,3235371.55
2016,07040AV002,P. M. d'Escoles d'Infants,despesa,4,270050.00,225162.75
2016,07040AV002,P. M. d'Escoles d'Infants,ingres,4,6250000.00,5437972.18
2016,07040AV002,P. M. d'Escoles d'Infants,ingres,7,113237.93,48868.05
2016,07040AV002,P. M. d'Escoles d'Infants,ingres,8,11000.00,8500.00
2016,07040AV002,P. M. d'Escoles d'Infants,ingres,5,20.00,57.15
2016,07062AA000,Son Servera,ingres,1,8161000.00,8766183.38
2016,07062AA000,Son Servera,despesa,3,148652.56,74605.26
2016,07062AA000,Son Servera,despesa,4,530871.86,512708.97
2016,07062AA000,Son Servera,despesa,2,6638168.46,6385818.31
2016,07062AA000,Son Servera,despesa,8,74000.00,73100.00
2016,07062AA000,Son Servera,ingres,3,3905330.00,3842358.30
2016,07062AA000,Son Servera,ingres,4,2674823.46,2663469.87
2016,07062AA000,Son Servera,ingres,5,454087.83,549443.13
2016,07062AA000,Son Servera,despesa,7,488635.07,469761.34
2016,07062AA000,Son Servera,ingres,7,193785.65,76166.99
2016,07062AA000,Son Servera,despesa,1,5324443.13,4868158.80
2016,07062AA000,Son Servera,ingres,2,265000.00,697299.85
2016,07062AA000,Son Servera,despesa,6,3104870.61,714174.55
2016,07062AA000,Son Servera,despesa,9,3413774.34,1566034.06
2016,07062AA000,Son Servera,ingres,8,4069389.09,73100.00
2016,07047AA000,Sencelles,despesa,3,13783.97,8921.03
2016,07047AA000,Sencelles,despesa,6,256597.87,230411.77
2016,07047AA000,Sencelles,ingres,2,80250.00,28758.76
2016,07047AA000,Sencelles,ingres,5,81312.00,45927.95
2016,07047AA000,Sencelles,ingres,8,275392.16,0
2016,07047AA000,Sencelles,ingres,1,966130.00,1319329.28
2016,07047AA000,Sencelles,despesa,4,579600.00,527420.33
2016,07047AA000,Sencelles,ingres,4,702163.31,695360.09
2016,07047AA000,Sencelles,ingres,7,67165.06,67165.06
2016,07047AA000,Sencelles,despesa,1,883205.31,779263.47
2016,07047AA000,Sencelles,despesa,9,285592.00,270006.26
2016,07047AA000,Sencelles,despesa,2,881383.38,828536.43
2016,07047AA000,Sencelles,ingres,3,727750.00,846914.85
2016,07024AV001,P. M. Turismo,despesa,1,179500.00,179240.08
2016,07024AV001,P. M. Turismo,despesa,2,330000.00,329968.60
2016,07024AV001,P. M. Turismo,despesa,3,500.00,345.05
2016,07024AV001,P. M. Turismo,ingres,4,510000.00,510000.00
2016,07056AA000,Santa María del Camí,ingres,4,1601307.57,1835607.13
2016,07056AA000,Santa María del Camí,ingres,2,116799.20,219200.10
2016,07056AA000,Santa María del Camí,despesa,3,855.32,781.66
2016,07056AA000,Santa María del Camí,ingres,8,687335.54,0
2016,07056AA000,Santa María del Camí,ingres,7,0,0
2016,07056AA000,Santa María del Camí,despesa,2,1926915.33,1874936.84
2016,07056AA000,Santa María del Camí,despesa,4,573912.34,459384.14
2016,07056AA000,Santa María del Camí,ingres,3,1543812.93,1811735.43
2016,07056AA000,Santa María del Camí,despesa,6,1317184.10,592616.57
2016,07056AA000,Santa María del Camí,despesa,9,15259.72,15255.35
2016,07056AA000,Santa María del Camí,despesa,1,2127068.80,1918308.25
2016,07056AA000,Santa María del Camí,ingres,1,2011840.37,2514829.75
2016,07056AA000,Santa María del Camí,ingres,5,100.00,425.10
2016,07057AA000,Santanyí,ingres,4,2758790.31,2973471.14
2016,07057AA000,Santanyí,despesa,4,1955011.80,1923530.90
2016,07057AA000,Santanyí,despesa,9,421853.00,421852.66
2016,07057AA000,Santanyí,despesa,2,8682022.10,8429185.74
2016,07057AA000,Santanyí,despesa,6,3741145.23,2995943.93
2016,07057AA000,Santanyí,ingres,3,4463300.00,5834539.92
2016,07057AA000,Santanyí,ingres,8,1378921.82,0
2016,07057AA000,Santanyí,ingres,1,11545400.00,13133902.75
2016,07057AA000,Santanyí,ingres,2,502000.00,1394360.35
2016,07057AA000,Santanyí,despesa,1,6238680.00,5909564.39
2016,07057AA000,Santanyí,despesa,3,62000.00,31124.84
2016,07057AA000,Santanyí,ingres,5,744700.00,727961.72
2016,07057AA000,Santanyí,despesa,7,292400.00,281611.99
2016,07003DV001,Inst. Menorquín de Estudios,ingres,5,0,48
2016,07003DV001,Inst. Menorquín de Estudios,despesa,2,278338.33,275540.94
2016,07003DV001,Inst. Menorquín de Estudios,despesa,6,5300.00,5047.87
2016,07003DV001,Inst. Menorquín de Estudios,ingres,4,515335.00,485860.06
2016,07003DV001,Inst. Menorquín de Estudios,despesa,1,302086.67,282166.49
2016,07003DV001,Inst. Menorquín de Estudios,despesa,4,21500.00,10867.75
2016,07003DV001,Inst. Menorquín de Estudios,ingres,3,91890.00,106412.85
2016,07027AV003,Inst. M. d'Activitat Física Inca,ingres,8,69003.56,0
2016,07027AV003,Inst. M. d'Activitat Física Inca,despesa,7,89010.00,89010.00
2016,07027AV003,Inst. M. d'Activitat Física Inca,despesa,2,872919.10,838593.96
2016,07027AV003,Inst. M. d'Activitat Física Inca,ingres,4,1013825.19,800000.00
2016,07027AV003,Inst. M. d'Activitat Física Inca,ingres,5,210.00,472.20
2016,07027AV003,Inst. M. d'Activitat Física Inca,despesa,1,219467.03,212047.80
2016,07027AV003,Inst. M. d'Activitat Física Inca,despesa,8,10.00,0
2016,07027AV003,Inst. M. d'Activitat Física Inca,ingres,7,10.00,0
2016,07027AV003,Inst. M. d'Activitat Física Inca,despesa,4,197732.62,34176.49
2016,07027AV003,Inst. M. d'Activitat Física Inca,ingres,3,361000.00,386863.13
2016,07027AV003,Inst. M. d'Activitat Física Inca,despesa,6,64910.00,0
2016,07065AA000,Vilafranc de Bonany,ingres,8,175850.41,0
2016,07065AA000,Vilafranc de Bonany,despesa,3,22000.00,18114.87
2016,07065AA000,Vilafranc de Bonany,despesa,6,760065.90,249421.78
2016,07065AA000,Vilafranc de Bonany,ingres,2,10000.00,28136.72
2016,07065AA000,Vilafranc de Bonany,ingres,5,1500.00,496.26
2016,07065AA000,Vilafranc de Bonany,despesa,9,219226.49,159347.99
2016,07065AA000,Vilafranc de Bonany,ingres,1,873482.02,861480.73
2016,07065AA000,Vilafranc de Bonany,ingres,3,392416.83,392224.78
2016,07065AA000,Vilafranc de Bonany,ingres,7,74016.10,71438.86
2016,07065AA000,Vilafranc de Bonany,despesa,5,3000.00,0
2016,07065AA000,Vilafranc de Bonany,despesa,7,10000.00,0
2016,07065AA000,Vilafranc de Bonany,despesa,1,406920.46,340850.77
2016,07065AA000,Vilafranc de Bonany,despesa,2,751173.90,717514.98
2016,07065AA000,Vilafranc de Bonany,despesa,4,652899.61,633253.14
2016,07065AA000,Vilafranc de Bonany,ingres,4,811082.49,823255.24
2016,07010AA000,Bunyola,despesa,9,722982.35,522982.34
2016,07010AA000,Bunyola,ingres,3,1335920.24,1318874.22
2016,07010AA000,Bunyola,ingres,5,1833.21,2601.92
2016,07010AA000,Bunyola,despesa,1,1498620.05,1410111.83
2016,07010AA000,Bunyola,ingres,4,1640546.65,1632297.36
2016,07010AA000,Bunyola,despesa,3,217000.00,49161.58
2016,07010AA000,Bunyola,despesa,4,502276.94,494886.77
2016,07010AA000,Bunyola,despesa,2,2940665.89,2861027.62
2016,07010AA000,Bunyola,despesa,6,679464.73,623529.27
2016,07010AA000,Bunyola,ingres,2,366723.13,342802.06
2016,07010AA000,Bunyola,ingres,8,281781.60,0
2016,07010AA000,Bunyola,ingres,7,181831.51,144831.51
2016,07010AA000,Bunyola,ingres,1,2752373.62,3372789.11
2016,07020AV001,"P. M. Cultura, Deporte y Tiempo libre",ingres,4,40000.00,40000.00
2016,07020AV001,"P. M. Cultura, Deporte y Tiempo libre",despesa,1,2168.85,2168.85
2016,07020AV001,"P. M. Cultura, Deporte y Tiempo libre",despesa,4,37831.15,37269.38
2016,07042AO003,Residencia Social,despesa,1,541657.49,528028.84
2016,07042AO003,Residencia Social,ingres,5,0,10.00
2016,07042AO003,Residencia Social,despesa,2,228807.00,225403.76
2016,07042AO003,Residencia Social,ingres,8,25000.00,0
2016,07042AO003,Residencia Social,despesa,3,20.00,0
2016,07042AO003,Residencia Social,despesa,6,6350.00,4988.69
2016,07042AO003,Residencia Social,ingres,3,301374.49,320195.63
2016,07042AO003,Residencia Social,ingres,4,450460.00,449274.30
2016,07008AV001,P. M. d'Esports,despesa,4,1.00,1.00
2016,07008AV001,P. M. d'Esports,ingres,4,1.00,1.00
2016,07027AV002,Res. Ancianos M. Mir,despesa,1,1095359.21,1095359.21
2016,07027AV002,Res. Ancianos M. Mir,ingres,4,965966.92,654814.12
2016,07027AV002,Res. Ancianos M. Mir,despesa,2,209832.17,207576.78
2016,07027AV002,Res. Ancianos M. Mir,despesa,6,2485.54,2485.54
2016,07027AV002,Res. Ancianos M. Mir,ingres,3,338820.00,278115.72
2016,07027AV002,Res. Ancianos M. Mir,ingres,8,10.00,0
2016,07027AV002,Res. Ancianos M. Mir,ingres,5,2890.00,2762.20
2016,07027AV002,Res. Ancianos M. Mir,despesa,8,10.00,0
2016,07020AV002,P. d'Escoles Municipals,despesa,1,409325.00,404194.42
2016,07020AV002,P. d'Escoles Municipals,ingres,4,474096.57,472871.15
2016,07020AV002,P. d'Escoles Municipals,despesa,2,64771.57,63569.05
2017,07006AA000,Artà,despesa,6,2811185.71,1903550.32
2017,07006AA000,Artà,ingres,5,21700.00,28892.08
2017,07006AA000,Artà,despesa,7,1.00,0
2017,07006AA000,Artà,despesa,1,4249027.25,4146834.90
2017,07006AA000,Artà,despesa,2,4055980.80,3894480.81
2017,07006AA000,Artà,despesa,9,672275.44,612541.64
2017,07006AA000,Artà,despesa,3,215445.60,210117.06
2017,07006AA000,Artà,despesa,4,365628.23,352271.52
2017,07006AA000,Artà,ingres,1,4854740.00,5372742.18
2017,07006AA000,Artà,ingres,7,0,0
2017,07006AA000,Artà,ingres,8,882268.76,0
2017,07006AA000,Artà,ingres,2,301600.00,531591.74
2017,07006AA000,Artà,ingres,4,2654285.27,3031686.60
2017,07006AA000,Artà,ingres,3,3654950.00,3749519.09
2017,07008AA000,Binissalem,ingres,4,1894000.00,1831331.22
2017,07008AA000,Binissalem,ingres,8,381769.44,0
2017,07008AA000,Binissalem,despesa,2,2322382.74,2103073.04
2017,07008AA000,Binissalem,ingres,1,2490000.00,3178145.86
2017,07008AA000,Binissalem,despesa,9,734000.00,732315.10
2017,07008AA000,Binissalem,ingres,7,1056289.51,703144.86
2017,07008AA000,Binissalem,despesa,1,2363844.00,2252224.44
2017,07008AA000,Binissalem,despesa,4,822260.20,620472.73
2017,07008AA000,Binissalem,ingres,5,13200.00,10000.00
2017,07008AA000,Binissalem,ingres,6,60000.00,0
2017,07008AA000,Binissalem,ingres,2,250000.00,260792.86
2017,07008AA000,Binissalem,ingres,3,1399700.00,1434830.49
2017,07008AA000,Binissalem,despesa,6,1151206.01,922622.84
2017,07008AA000,Binissalem,despesa,5,47000.00,0
2017,07008AA000,Binissalem,despesa,3,90100.00,50699.37
2017,07010AA000,Bunyola,ingres,1,2407670.50,2636895.60
2017,07010AA000,Bunyola,despesa,9,522982.35,522982.34
2017,07010AA000,Bunyola,ingres,3,1235876.63,1388705.14
2017,07010AA000,Bunyola,ingres,5,1819.38,1594.81
2017,07010AA000,Bunyola,despesa,1,1527234.83,1444187.65
2017,07010AA000,Bunyola,ingres,4,1761719.55,1947802.11
2017,07010AA000,Bunyola,despesa,3,73000.00,52174.54
2017,07010AA000,Bunyola,despesa,4,526040.01,509131.14
2017,07010AA000,Bunyola,despesa,2,2531450.29,2380702.20
2017,07010AA000,Bunyola,despesa,6,1327175.52,1018299.78
2017,07010AA000,Bunyola,ingres,2,300130.73,719889.53
2017,07010AA000,Bunyola,ingres,8,148636.39,0
2017,07010AA000,Bunyola,ingres,7,652029.82,431701.32
2017,07013AA000,Campos,despesa,7,652700.79,100000.00
2017,07013AA000,Campos,ingres,1,4220400.00,5244482.82
2017,07013AA000,Campos,ingres,8,3723534.44,0
2017,07013AA000,Campos,despesa,3,6000.00,2018.31
2017,07013AA000,Campos,despesa,6,4574510.13,1988520.83
2017,07013AA000,Campos,ingres,3,3591200.00,4129978.22
2017,07013AA000,Campos,ingres,5,1304500.00,785596.52
2017,07013AA000,Campos,despesa,2,7488054.96,6259829.99
2017,07013AA000,Campos,ingres,7,1023058.60,523058.60
2017,07013AA000,Campos,despesa,4,104648.90,91083.08
2017,07013AA000,Campos,ingres,4,2880844.85,3554856.36
2017,07013AA000,Campos,despesa,1,4187823.11,3894684.39
2017,07013AA000,Campos,ingres,2,270200.00,1033631.33
2017,07026AV001,P. M. Deportes,ingres,3,422075.56,450340.67
2017,07026AV001,P. M. Deportes,despesa,1,1089789.49,1083904.36
2017,07026AV001,P. M. Deportes,despesa,8,35598.13,35598.13
2017,07026AV001,P. M. Deportes,despesa,2,789099.07,788050.94
2017,07026AV001,P. M. Deportes,despesa,6,10177.00,10176.26
2017,07026AV001,P. M. Deportes,ingres,7,5000.00,5000.00
2017,07026AV001,P. M. Deportes,ingres,8,35598.13,35598.13
2017,07026AV001,P. M. Deportes,despesa,3,4000.00,2054.53
2017,07026AV001,P. M. Deportes,ingres,4,1794990.00,1770800.56
2017,07026AV001,P. M. Deportes,despesa,4,329000.00,328804.57
2017,07026AV002,P. M. Música,despesa,1,371852.00,368704.32
2017,07026AV002,P. M. Música,despesa,2,273938.00,273322.93
2017,07026AV002,P. M. Música,ingres,7,4500.00,2786.00
2017,07026AV002,P. M. Música,ingres,4,580480.00,580462.76
2017,07026AV002,P. M. Música,ingres,5,0,3.64
2017,07026AV002,P. M. Música,ingres,8,10.00,0
2017,07026AV002,P. M. Música,ingres,3,66010.00,72123.60
2017,07026AV002,P. M. Música,despesa,4,0,0
2017,07026AV002,P. M. Música,despesa,3,700.00,624.67
2017,07026AV002,P. M. Música,despesa,6,4500.00,2786.00
2017,07026AV002,P. M. Música,despesa,8,10.00,0
2017,07027AA000,Inca,despesa,3,197057.00,73094.75
2017,07027AA000,Inca,despesa,6,6227798.15,2352224.89
2017,07027AA000,Inca,despesa,2,11912616.67,10272880.26
2017,07027AA000,Inca,ingres,8,14821585.07,35000.00
2017,07027AA000,Inca,despesa,4,3383287.59,2950537.44
2017,07027AA000,Inca,ingres,3,7951443.60,8950225.99
2017,07027AA000,Inca,ingres,7,135878.31,48068.31
2017,07027AA000,Inca,ingres,1,10560250.49,10339249.29
2017,07027AA000,Inca,ingres,6,10.00,1573.16
2017,07027AA000,Inca,despesa,9,3384956.81,3365728.41
2017,07027AA000,Inca,ingres,4,8615682.59,8557561.25
2017,07027AA000,Inca,despesa,7,38520.00,20774.98
2017,07027AA000,Inca,despesa,8,6515808.91,556548.69
2017,07027AA000,Inca,ingres,2,250900.00,216030.40
2017,07027AA000,Inca,despesa,1,10829904.93,9870361.19
2017,07027AA000,Inca,ingres,5,154200.00,236391.74
2017,07028AA000,Lloret de Vistalegre,despesa,1,516022.27,473112.35
2017,07028AA000,Lloret de Vistalegre,ingres,1,416500.00,361967.86
2017,07028AA000,Lloret de Vistalegre,ingres,8,40761.22,0
2017,07028AA000,Lloret de Vistalegre,despesa,2,427297.97,393494.72
2017,07028AA000,Lloret de Vistalegre,despesa,9,37000.00,36871.92
2017,07028AA000,Lloret de Vistalegre,ingres,7,518499.62,536684.44
2017,07028AA000,Lloret de Vistalegre,ingres,5,7150.00,919.93
2017,07028AA000,Lloret de Vistalegre,ingres,3,232684.80,109690.87
2017,07028AA000,Lloret de Vistalegre,despesa,6,567345.80,550926.02
2017,07028AA000,Lloret de Vistalegre,despesa,4,157300.00,16798.10
2017,07028AA000,Lloret de Vistalegre,ingres,2,60050.00,41653.81
2017,07028AA000,Lloret de Vistalegre,ingres,4,429320.40,444764.92
2017,07029AA000,Lloseta,despesa,2,1771969.98,1750918.03
2017,07029AA000,Lloseta,ingres,3,1098745.89,1230845.33
2017,07029AA000,Lloseta,despesa,1,2481116.95,2408333.06
2017,07029AA000,Lloseta,despesa,5,63107.53,0
2017,07029AA000,Lloseta,despesa,7,0,0
2017,07029AA000,Lloseta,despesa,3,13700.00,10244.83
2017,07029AA000,Lloseta,despesa,6,785164.38,710267.88
2017,07029AA000,Lloseta,ingres,1,2379990.64,2206291.59
2017,07029AA000,Lloseta,ingres,7,600447.68,538137.39
2017,07029AA000,Lloseta,ingres,4,1533688.96,1637770.36
2017,07029AA000,Lloseta,ingres,5,23420.00,11785.02
2017,07029AA000,Lloseta,despesa,4,594825.59,574650.73
2017,07029AA000,Lloseta,despesa,9,151784.80,151784.80
2017,07029AA000,Lloseta,ingres,2,83000.00,251715.72
2017,07029AA000,Lloseta,ingres,9,142376.06,142376.06
2017,07031AV001,P. Res. Personas Mayores,ingres,4,825072.42,600000.00
2017,07031AV001,P. Res. Personas Mayores,despesa,3,1000.00,454.16
2017,07031AV001,P. Res. Personas Mayores,ingres,8,6000.00,0
2017,07031AV001,P. Res. Personas Mayores,despesa,2,146335.57,136507.05
2017,07031AV001,P. Res. Personas Mayores,despesa,8,6000.00,0
2017,07031AV001,P. Res. Personas Mayores,ingres,5,100.00,0
2017,07031AV001,P. Res. Personas Mayores,despesa,1,784884.96,718374.09
2017,07031AV001,P. Res. Personas Mayores,despesa,6,239630.13,3500.24
2017,07031AV001,P. Res. Personas Mayores,ingres,3,360100.00,304307.75
2017,07031AV001,P. Res. Personas Mayores,despesa,5,13421.76,0
2017,07031AV002,P. Molí d'En Gaspar,despesa,2,1,1
2017,07031AV002,P. Molí d'En Gaspar,ingres,3,1,1
2017,07032AA000,Maó,ingres,8,6191517.06,50583.94
2017,07032AA000,Maó,despesa,6,7680190.49,3153591.15
2017,07032AA000,Maó,despesa,7,1675917.75,1044221.17
2017,07032AA000,Maó,despesa,8,60000.00,50983.94
2017,07032AA000,Maó,despesa,9,1485359.00,1464890.05
2017,07032AA000,Maó,ingres,3,6648776.26,5005034.51
2017,07032AA000,Maó,despesa,2,13444621.04,9770091.14
2017,07032AA000,Maó,ingres,2,216000.00,233569.57
2017,07032AA000,Maó,ingres,7,976449.00,770581.20
2017,07032AA000,Maó,despesa,1,13561297.88,13307851.25
2017,07032AA000,Maó,ingres,1,17426720.00,17998153.52
2017,07032AA000,Maó,ingres,6,56100.00,62758.10
2017,07032AA000,Maó,ingres,9,2500000.00,0
2017,07032AA000,Maó,despesa,3,342390.00,238063.27
2017,07032AA000,Maó,despesa,4,3759026.70,3343569.41
2017,07032AA000,Maó,ingres,4,9039647.54,8851186.04
2017,07032AA000,Maó,ingres,5,260608.00,213514.11
2017,07032AA000,Maó,despesa,5,25000.00,0
2017,07035AA000,Maria de la Salut,ingres,7,279580.12,39568.06
2017,07035AA000,Maria de la Salut,despesa,3,3600.00,2902.84
2017,07035AA000,Maria de la Salut,ingres,1,648128.31,597477.48
2017,07035AA000,Maria de la Salut,despesa,9,400715.08,57388.61
2017,07035AA000,Maria de la Salut,despesa,4,82026.16,65609.77
2017,07035AA000,Maria de la Salut,ingres,2,25000.00,25153.90
2017,07035AA000,Maria de la Salut,ingres,4,804013.70,854735.68
2017,07035AA000,Maria de la Salut,ingres,8,529918.38,0
2017,07035AA000,Maria de la Salut,despesa,1,633544.39,623366.71
2017,07035AA000,Maria de la Salut,despesa,6,804133.92,525066.29
2017,07035AA000,Maria de la Salut,ingres,3,287190.00,285658.87
2017,07035AA000,Maria de la Salut,ingres,9,320865.44,0
2017,07035AA000,Maria de la Salut,despesa,2,980331.12,703706.47
2017,07035AA000,Maria de la Salut,ingres,5,9654.72,10062.09
2017,07036AA000,Marratxí,ingres,1,14267058.00,15080312.73
2017,07036AA000,Marratxí,ingres,3,6341900.00,7684313.23
2017,07036AA000,Marratxí,ingres,5,254250.00,163147.58
2017,07036AA000,Marratxí,despesa,7,458500.00,458490.52
2017,07036AA000,Marratxí,ingres,4,8126503.51,8573073.51
2017,07036AA000,Marratxí,despesa,6,7401937.58,3014247.55
2017,07036AA000,Marratxí,despesa,8,79099.90,70099.90
2017,07036AA000,Marratxí,ingres,8,4795626.74,70099.90
2017,07036AA000,Marratxí,despesa,1,10356468.00,9839591.05
2017,07036AA000,Marratxí,despesa,3,141850.00,127551.05
2017,07036AA000,Marratxí,ingres,2,400000.00,812393.73
2017,07036AA000,Marratxí,despesa,4,8683448.63,7978955.25
2017,07036AA000,Marratxí,despesa,9,1941297.17,1900581.44
2017,07036AA000,Marratxí,ingres,7,1157822.43,715685.61
2017,07036AA000,Marratxí,despesa,2,6280559.40,4465041.04
2017,07037AA000,Mercadal (Es),despesa,6,5926850.28,2146993.16
2017,07037AA000,Mercadal (Es),ingres,7,778796.24,541700.60
2017,07037AA000,Mercadal (Es),despesa,4,1203378.44,1027248.80
2017,07037AA000,Mercadal (Es),ingres,1,5113500.00,5444284.03
2017,07037AA000,Mercadal (Es),ingres,3,1996600.00,1689975.47
2017,07037AA000,Mercadal (Es),ingres,5,368000.00,377576.11
2017,07037AA000,Mercadal (Es),despesa,3,40080.00,15353.09
2017,07037AA000,Mercadal (Es),despesa,8,18576.49,17013.27
2017,07037AA000,Mercadal (Es),despesa,7,49100.00,17230.19
2017,07037AA000,Mercadal (Es),ingres,2,152800.00,232571.15
2017,07037AA000,Mercadal (Es),despesa,9,451255.00,448712.64
2017,07037AA000,Mercadal (Es),despesa,2,4253419.77,3863001.49
2017,07037AA000,Mercadal (Es),despesa,1,2572487.34,2316464.84
2017,07037AA000,Mercadal (Es),ingres,4,1792952.13,1914945.43
2017,07037AA000,Mercadal (Es),ingres,8,3866498.95,17013.27
2017,07037AA000,Mercadal (Es),ingres,9,446000.00,446000.00
2017,07048AA000,Sant Josep de sa Talaia,ingres,2,1300000.00,2730813.47
2017,07048AA000,Sant Josep de sa Talaia,despesa,2,14728632.67,13386018.76
2017,07048AA000,Sant Josep de sa Talaia,despesa,3,401279.80,390021.67
2017,07048AA000,Sant Josep de sa Talaia,ingres,7,600000.00,299266.83
2017,07048AA000,Sant Josep de sa Talaia,despesa,9,2039259.57,2039259.57
2017,07048AA000,Sant Josep de sa Talaia,ingres,3,6581600.00,9913864.91
2017,07048AA000,Sant Josep de sa Talaia,despesa,6,13928584.36,4452349.48
2017,07048AA000,Sant Josep de sa Talaia,despesa,4,1646724.50,929987.83
2017,07048AA000,Sant Josep de sa Talaia,ingres,1,13000240.00,15638304.87
2017,07048AA000,Sant Josep de sa Talaia,ingres,4,6164944.23,6520407.62
2017,07048AA000,Sant Josep de sa Talaia,despesa,5,7311.97,0
2017,07048AA000,Sant Josep de sa Talaia,ingres,5,4645300.00,4779784.07
2017,07048AA000,Sant Josep de sa Talaia,ingres,8,10753141.73,0
2017,07048AA000,Sant Josep de sa Talaia,despesa,1,8351316.69,7929420.03
2017,07050AA000,Sant Joan de Labritja,despesa,2,3415208.89,3137444.98
2017,07050AA000,Sant Joan de Labritja,despesa,3,6300.00,1611.11
2017,07050AA000,Sant Joan de Labritja,ingres,2,151067.00,1000678.06
2017,07050AA000,Sant Joan de Labritja,despesa,6,3996131.91,1336060.09
2017,07050AA000,Sant Joan de Labritja,ingres,1,2326714.35,4177790.88
2017,07050AA000,Sant Joan de Labritja,despesa,4,494037.00,416945.53
2017,07050AA000,Sant Joan de Labritja,ingres,4,986000.00,1427285.62
2017,07050AA000,Sant Joan de Labritja,ingres,6,1000.00,0
2017,07050AA000,Sant Joan de Labritja,ingres,5,4100.00,25546.23
2017,07050AA000,Sant Joan de Labritja,despesa,1,1376485.35,1289267.22
2017,07050AA000,Sant Joan de Labritja,despesa,9,25500.00,25250.00
2017,07050AA000,Sant Joan de Labritja,ingres,7,2185120.00,661014.81
2017,07050AA000,Sant Joan de Labritja,ingres,8,2220891.80,0
2017,07050AA000,Sant Joan de Labritja,ingres,3,1438770.00,3195194.36
2017,07063AA000,Valldemossa,despesa,3,1575687.83,1575324.35
2017,07063AA000,Valldemossa,despesa,4,240799.38,208575.02
2017,07063AA000,Valldemossa,despesa,6,6574816.31,6232694.38
2017,07063AA000,Valldemossa,ingres,5,139300.00,120408.21
2017,07063AA000,Valldemossa,despesa,5,37051.00,0
2017,07063AA000,Valldemossa,ingres,7,3186648.24,3184309.53
2017,07063AA000,Valldemossa,ingres,8,2140316.00,0
2017,07063AA000,Valldemossa,ingres,3,1381759.33,1418162.39
2017,07063AA000,Valldemossa,ingres,2,225000.00,145539.12
2017,07063AA000,Valldemossa,despesa,9,212600.01,212599.58
2017,07063AA000,Valldemossa,despesa,1,1640952.58,1433773.97
2017,07063AA000,Valldemossa,despesa,2,1928215.05,1508132.39
2017,07063AA000,Valldemossa,ingres,1,1370230.36,1558855.47
2017,07063AA000,Valldemossa,ingres,4,919126.49,884487.41
2017,07063AA000,Valldemossa,ingres,9,2847741.74,2650000.00
2017,07064AA000,Castell (Es),ingres,5,10000.00,5024.64
2017,07064AA000,Castell (Es),ingres,4,1934041.00,2087853.31
2017,07064AA000,Castell (Es),despesa,1,3255451.81,3219272.66
2017,07064AA000,Castell (Es),despesa,6,1051988.85,708231.90
2017,07064AA000,Castell (Es),ingres,3,485600.00,569122.08
2017,07064AA000,Castell (Es),ingres,8,404488.85,0
2017,07064AA000,Castell (Es),despesa,2,1641586.61,1624934.42
2017,07064AA000,Castell (Es),ingres,1,3760294.55,4183851.65
2017,07064AA000,Castell (Es),despesa,7,98510.13,72961.21
2017,07064AA000,Castell (Es),despesa,3,43000.00,28506.87
2017,07064AA000,Castell (Es),despesa,9,275000.00,273723.28
2017,07064AA000,Castell (Es),ingres,7,162000.00,140538.63
2017,07064AA000,Castell (Es),despesa,4,465887.00,424682.44
2017,07064AA000,Castell (Es),ingres,2,75000.00,134562.44
2017,07014AO001,F. Castell de Capdepera,despesa,1,94330.00,72103.02
2017,07014AO001,F. Castell de Capdepera,ingres,7,0,12000.00
2017,07014AO001,F. Castell de Capdepera,ingres,5,1500.00,0
2017,07014AO001,F. Castell de Capdepera,despesa,3,400.00,0
2017,07014AO001,F. Castell de Capdepera,ingres,4,3000.00,2069.75
2017,07014AO001,F. Castell de Capdepera,despesa,6,40260.00,17557.22
2017,07014AO001,F. Castell de Capdepera,despesa,4,7200.00,0
2017,07014AO001,F. Castell de Capdepera,ingres,3,336725.00,294502.80
2017,07014AO001,F. Castell de Capdepera,despesa,2,194600.00,143107.34
2017,07005AA000,Andratx,ingres,3,5316600.00,7302228.51
2017,07005AA000,Andratx,ingres,8,5644761.35,7791.68
2017,07005AA000,Andratx,ingres,7,675622.91,152145.01
2017,07005AA000,Andratx,despesa,8,10000.00,10000.00
2017,07005AA000,Andratx,ingres,5,374600.00,468176.78
2017,07005AA000,Andratx,despesa,3,100500.00,27430.85
2017,07005AA000,Andratx,despesa,6,8272567.48,5359653.00
2017,07005AA000,Andratx,despesa,7,133584.79,109659.95
2017,07005AA000,Andratx,despesa,1,8497071.47,6968185.60
2017,07005AA000,Andratx,despesa,2,11060595.42,8866873.78
2017,07005AA000,Andratx,ingres,2,1100000.00,2069932.69
2017,07005AA000,Andratx,despesa,4,407657.78,309049.77
2017,07005AA000,Andratx,ingres,1,12824000.00,13530464.41
2017,07005AA000,Andratx,ingres,4,2548000.00,2744737.51
2017,07005AA000,Andratx,despesa,5,100.00,0
2017,07040AA000,Palma,ingres,9,28854671.84,28854673.89
2017,07040AA000,Palma,despesa,8,10200000.00,10052185.48
2017,07040AA000,Palma,ingres,2,20614914.82,23837741.31
2017,07040AA000,Palma,ingres,3,93342354.45,115117537.29
2017,07040AA000,Palma,ingres,6,0,11897.31
2017,07040AA000,Palma,ingres,5,13554900.00,13933371.78
2017,07040AA000,Palma,ingres,4,85870659.53,85491367.41
2017,07040AA000,Palma,despesa,9,27752660.50,26993278.97
2017,07040AA000,Palma,ingres,1,185532876.52,187403701.58
2017,07040AA000,Palma,ingres,7,7184820.89,14022839.15
2017,07040AA000,Palma,despesa,4,83582812.06,76138591.66
2017,07040AA000,Palma,despesa,1,141907153.44,139173265.70
2017,07040AA000,Palma,despesa,7,8632399.13,4226464.26
2017,07040AA000,Palma,despesa,2,129956111.25,114089274.75
2017,07040AA000,Palma,despesa,3,22619640.64,18916913.24
2017,07040AA000,Palma,despesa,6,48893851.68,37941856.00
2017,07040AA000,Palma,ingres,8,40086283.64,10018474.18
2017,07040AA000,Palma,despesa,5,1496852.99,0
2017,07040AV001,Inst. M. l'Esport,despesa,2,10277269.38,9544477.74
2017,07040AV001,Inst. M. l'Esport,ingres,7,2872040.00,1457075.86
2017,07040AV001,Inst. M. l'Esport,ingres,3,4550811.26,4349216.38
2017,07040AV001,Inst. M. l'Esport,ingres,4,11652572.05,9706708.57
2017,07040AV001,Inst. M. l'Esport,despesa,3,10000.00,3643.24
2017,07040AV001,Inst. M. l'Esport,despesa,6,6208577.51,2347760.16
2017,07040AV001,Inst. M. l'Esport,despesa,4,202667.74,177094.20
2017,07040AV001,Inst. M. l'Esport,ingres,8,2323303.19,22469.25
2017,07040AV001,Inst. M. l'Esport,ingres,5,215785.59,235399.03
2017,07040AV001,Inst. M. l'Esport,despesa,8,100000.00,42480.00
2017,07040AV001,Inst. M. l'Esport,despesa,1,4815997.46,4400816.57
2017,07040AV004,P. M. l'Habitatge,despesa,9,78526.00,78525.11
2017,07040AV004,P. M. l'Habitatge,ingres,5,750000.00,867364.21
2017,07040AV004,P. M. l'Habitatge,ingres,8,412443.03,0
2017,07040AV004,P. M. l'Habitatge,ingres,6,0,13487.60
2017,07040AV004,P. M. l'Habitatge,despesa,2,605130.91,478745.02
2017,07040AV004,P. M. l'Habitatge,despesa,7,690674.71,325735.53
2017,07040AV004,P. M. l'Habitatge,ingres,3,112106.00,160225.63
2017,07040AV004,P. M. l'Habitatge,despesa,6,319443.03,135095.96
2017,07040AV004,P. M. l'Habitatge,despesa,8,93000.00,10000.00
2017,07040AV004,P. M. l'Habitatge,despesa,1,1427965.09,1300179.68
2017,07040AV004,P. M. l'Habitatge,ingres,4,1517696.14,1024453.03
2017,07040AV004,P. M. l'Habitatge,ingres,7,769200.71,404260.64
2017,07040AV004,P. M. l'Habitatge,despesa,3,1706.14,145.22
2017,07040AV004,P. M. l'Habitatge,despesa,4,345000.00,204695.56
2017,07040AV006,Instituto Municipal Innovación  (IMI),despesa,8,60000.00,35885.00
2017,07040AV006,Instituto Municipal Innovación  (IMI),ingres,7,1235272.55,568341.10
2017,07040AV006,Instituto Municipal Innovación  (IMI),ingres,8,4939370.96,35885.00
2017,07040AV006,Instituto Municipal Innovación  (IMI),despesa,1,4641148.11,3948055.92
2017,07040AV006,Instituto Municipal Innovación  (IMI),ingres,3,56875.97,72393.67
2017,07040AV006,Instituto Municipal Innovación  (IMI),despesa,6,1235272.55,747588.24
2017,07040AV006,Instituto Municipal Innovación  (IMI),ingres,5,50.00,0
2017,07040AV006,Instituto Municipal Innovación  (IMI),ingres,4,11118347.63,8363382.02
2017,07040AV006,Instituto Municipal Innovación  (IMI),despesa,2,11413496.45,9164013.89
2017,07040AV006,Instituto Municipal Innovación  (IMI),despesa,3,0,0
2017,07040AV007,P. Mpal. de Reallotjament i Reinserció Social,despesa,6,23429.10,7377.58
2017,07040AV007,P. Mpal. de Reallotjament i Reinserció Social,ingres,4,510700.00,263859.15
2017,07040AV007,P. Mpal. de Reallotjament i Reinserció Social,ingres,3,0,163.20
2017,07040AV007,P. Mpal. de Reallotjament i Reinserció Social,despesa,4,76500.00,40395.23
2017,07040AV007,P. Mpal. de Reallotjament i Reinserció Social,despesa,1,360000.00,194405.38
2017,07040AV007,P. Mpal. de Reallotjament i Reinserció Social,ingres,5,9000.00,3210.52
2017,07040AV007,P. Mpal. de Reallotjament i Reinserció Social,despesa,2,82710.00,21492.79
2017,07040AV007,P. Mpal. de Reallotjament i Reinserció Social,ingres,7,22939.10,7377.58
2017,07062AA000,Son Servera,despesa,9,3413931.43,3412973.02
2017,07062AA000,Son Servera,ingres,8,4068523.34,45000.00
2017,07062AA000,Son Servera,ingres,1,8372000.00,8312988.71
2017,07062AA000,Son Servera,despesa,3,463680.94,292588.97
2017,07062AA000,Son Servera,despesa,4,467694.11,418805.45
2017,07062AA000,Son Servera,despesa,2,7041920.90,6810234.37
2017,07062AA000,Son Servera,despesa,8,60000.00,45000.00
2017,07062AA000,Son Servera,ingres,3,3945430.00,3731664.64
2017,07062AA000,Son Servera,ingres,4,2722597.65,2578711.73
2017,07062AA000,Son Servera,ingres,5,518798.21,540420.77
2017,07062AA000,Son Servera,despesa,7,262108.06,213249.06
2017,07062AA000,Son Servera,ingres,7,1420162.76,1124228.51
2017,07062AA000,Son Servera,despesa,1,5172097.27,4830009.23
2017,07062AA000,Son Servera,ingres,2,267000.00,267624.34
2017,07062AA000,Son Servera,despesa,6,4433079.25,2566835.04
2017,07003AA000,Alcúdia,despesa,7,345738.61,335148.16
2017,07003AA000,Alcúdia,ingres,5,2001809.00,2114601.71
2017,07003AA000,Alcúdia,ingres,1,17631762.76,19802750.91
2017,07003AA000,Alcúdia,despesa,1,7727307.88,7311147.77
2017,07003AA000,Alcúdia,despesa,6,13802507.31,6770416.88
2017,07003AA000,Alcúdia,ingres,3,7163670.00,8269606.72
2017,07003AA000,Alcúdia,ingres,4,4673441.40,5346800.29
2017,07003AA000,Alcúdia,despesa,2,11285643.16,10605375.68
2017,07003AA000,Alcúdia,despesa,3,5010.00,185.94
2017,07003AA000,Alcúdia,despesa,4,3398910.55,3303097.76
2017,07003AA000,Alcúdia,ingres,8,5343905.34,0
2017,07003AA000,Alcúdia,ingres,2,350000.00,608738.42
2017,07003AA000,Alcúdia,ingres,7,3041538.67,3112846.39
2017,07003AV001,P. M. D'Esports,despesa,2,498156.52,490043.84
2017,07003AV001,P. M. D'Esports,ingres,4,677264.00,651732.97
2017,07003AV001,P. M. D'Esports,ingres,5,5420.00,5410.00
2017,07003AV001,P. M. D'Esports,ingres,7,35030.00,41808.48
2017,07003AV001,P. M. D'Esports,ingres,3,166500.00,172917.33
2017,07003AV001,P. M. D'Esports,despesa,6,41808.48,41808.48
2017,07003AV001,P. M. D'Esports,despesa,3,100.00,0
2017,07003AV001,P. M. D'Esports,despesa,4,60200.00,60199.98
2017,07003AV001,P. M. D'Esports,despesa,1,283949.00,279816.48
2017,07003AV002,F. Esc. M. Música,ingres,3,73000.00,76428.52
2017,07003AV002,F. Esc. M. Música,despesa,1,67571.00,66254.95
2017,07003AV002,F. Esc. M. Música,ingres,7,6510.00,4885.90
2017,07003AV002,F. Esc. M. Música,despesa,2,269280.00,261506.92
2017,07003AV002,F. Esc. M. Música,despesa,3,30.00,0
2017,07003AV002,F. Esc. M. Música,ingres,4,263871.00,251333.35
2017,07003AV002,F. Esc. M. Música,despesa,6,6510.00,4885.90
2017,07003AV002,F. Esc. M. Música,ingres,5,10.00,0
2017,07039AA000,Muro,ingres,1,4637000.00,4566376.21
2017,07039AA000,Muro,despesa,3,700.00,628.59
2017,07039AA000,Muro,despesa,6,1834045.80,1410652.54
2017,07039AA000,Muro,ingres,7,517161.84,445499.08
2017,07039AA000,Muro,despesa,4,409811.32,311874.01
2017,07039AA000,Muro,despesa,7,636542.47,17862.50
2017,07039AA000,Muro,ingres,5,1762800.00,1862785.85
2017,07039AA000,Muro,ingres,2,214000.00,135448.89
2017,07039AA000,Muro,despesa,1,3376535.20,3113518.47
2017,07039AA000,Muro,despesa,2,6560403.73,6412210.03
2017,07039AA000,Muro,ingres,3,3699687.56,3757782.73
2017,07039AA000,Muro,ingres,4,1987389.12,2109066.10
2017,07059AA000,Salines (Ses),ingres,5,194800.00,234906.57
2017,07059AA000,Salines (Ses),despesa,2,3100088.83,2819985.87
2017,07059AA000,Salines (Ses),despesa,1,2400470.56,2074905.58
2017,07059AA000,Salines (Ses),despesa,4,318530.89,269783.67
2017,07059AA000,Salines (Ses),ingres,2,130000.00,187871.37
2017,07059AA000,Salines (Ses),ingres,8,1351825.60,0
2017,07059AA000,Salines (Ses),despesa,9,173495.19,173495.19
2017,07059AA000,Salines (Ses),ingres,4,1231219.70,1275571.23
2017,07059AA000,Salines (Ses),despesa,6,1728286.63,1003788.10
2017,07059AA000,Salines (Ses),ingres,1,2908400.00,3238751.21
2017,07059AA000,Salines (Ses),despesa,3,22150.00,20167.03
2017,07059AA000,Salines (Ses),despesa,7,40000.00,40000.00
2017,07059AA000,Salines (Ses),ingres,3,1704130.24,2326782.96
2017,07059AA000,Salines (Ses),ingres,7,262646.56,180448.33
2017,07002AA000,Alaior,despesa,1,4201464.01,3984919.45
2017,07002AA000,Alaior,despesa,9,1828399.77,1730470.34
2017,07002AA000,Alaior,ingres,3,1935350.22,2216451.75
2017,07002AA000,Alaior,ingres,8,2971082.82,26970.11
2017,07002AA000,Alaior,ingres,5,605700.00,631875.06
2017,07002AA000,Alaior,ingres,1,5096162.64,5642291.51
2017,07002AA000,Alaior,despesa,8,26970.11,15000.00
2017,07002AA000,Alaior,despesa,2,4276261.97,4076027.88
2017,07002AA000,Alaior,despesa,6,3064331.49,1123567.50
2017,07002AA000,Alaior,despesa,7,79000.00,3542.28
2017,07002AA000,Alaior,despesa,3,89979.17,38375.87
2017,07002AA000,Alaior,despesa,4,612326.60,530550.95
2017,07002AA000,Alaior,ingres,2,145193.60,309511.01
2017,07002AA000,Alaior,ingres,4,2863521.00,2991984.86
2017,07002AA000,Alaior,despesa,5,93851.04,0
2017,07002AA000,Alaior,ingres,7,655573.88,289618.59
2017,07011AA000,Calvià,despesa,3,923790.00,460260.51
2017,07011AA000,Calvià,ingres,1,51685000.00,55689090.36
2017,07011AA000,Calvià,despesa,4,25600361.41,25371134.24
2017,07011AA000,Calvià,despesa,2,15935143.01,13591845.48
2017,07011AA000,Calvià,despesa,7,5355700.00,5086656.88
2017,07011AA000,Calvià,ingres,5,5852501.00,6074772.53
2017,07011AA000,Calvià,ingres,6,2000.00,37220.48
2017,07011AA000,Calvià,ingres,3,7327575.10,15580718.73
2017,07011AA000,Calvià,despesa,9,4036200.00,4036189.91
2017,07011AA000,Calvià,ingres,4,21126959.82,22195746.48
2017,07011AA000,Calvià,ingres,7,1000000.00,845550.30
2017,07011AA000,Calvià,ingres,8,15676411.03,271308.00
2017,07011AA000,Calvià,despesa,8,280001.00,271308.00
2017,07011AA000,Calvià,despesa,6,19418014.55,7823474.18
2017,07011AA000,Calvià,ingres,2,2376500.00,5809893.14
2017,07011AA000,Calvià,despesa,1,33497736.98,33493602.28
2017,07033AA000,Manacor,despesa,2,15895222.16,14498677.26
2017,07033AA000,Manacor,ingres,3,11050408.46,13209893.19
2017,07033AA000,Manacor,despesa,9,1.00,0
2017,07033AA000,Manacor,ingres,1,17143791.63,19201838.55
2017,07033AA000,Manacor,ingres,7,1163958.80,1478365.26
2017,07033AA000,Manacor,despesa,3,30000.00,16022.32
2017,07033AA000,Manacor,ingres,2,229747.04,479577.41
2017,07033AA000,Manacor,ingres,4,7577800.92,10869554.35
2017,07033AA000,Manacor,despesa,7,627019.36,627019.36
2017,07033AA000,Manacor,despesa,4,1396801.35,1322136.80
2017,07033AA000,Manacor,despesa,6,13427458.26,5665037.60
2017,07033AA000,Manacor,ingres,5,240633.94,312622.12
2017,07033AA000,Manacor,despesa,1,14169577.56,13702390.28
2017,07033AA000,Manacor,despesa,5,100000.00,0
2017,07033AA000,Manacor,ingres,9,1.00,0
2017,07033AA000,Manacor,despesa,8,60000.00,60000.00
2017,07033AA000,Manacor,ingres,8,8299737.90,57617.30
2017,07033AV003,P. M. d'Esports,ingres,3,8745.00,9541.14
2017,07033AV003,P. M. d'Esports,ingres,7,150000.00,244227.98
2017,07033AV003,P. M. d'Esports,despesa,6,150000.00,52340.21
2017,07033AV003,P. M. d'Esports,despesa,4,59200.00,42071.00
2017,07033AV003,P. M. d'Esports,ingres,5,36500.00,35101.69
2017,07033AV003,P. M. d'Esports,despesa,2,342643.00,247190.22
2017,07033AV003,P. M. d'Esports,ingres,4,356598.00,356598.00
2017,07047AA000,Sencelles,ingres,9,404223.58,404223.58
2017,07047AA000,Sencelles,despesa,3,43168.21,33329.83
2017,07047AA000,Sencelles,despesa,6,510485.09,507192.97
2017,07047AA000,Sencelles,ingres,2,245250.00,152680.73
2017,07047AA000,Sencelles,ingres,5,51690.00,13005.11
2017,07047AA000,Sencelles,ingres,1,988130.00,1036382.39
2017,07047AA000,Sencelles,despesa,4,564898.25,530249.96
2017,07047AA000,Sencelles,ingres,4,720122.02,746242.27
2017,07047AA000,Sencelles,ingres,7,560250.93,573789.11
2017,07047AA000,Sencelles,despesa,1,871234.45,803672.11
2017,07047AA000,Sencelles,despesa,9,190000.00,186040.34
2017,07047AA000,Sencelles,despesa,2,1503630.53,1368580.07
2017,07047AA000,Sencelles,ingres,3,713750.00,734577.80
2017,07901AA000,Ariany,despesa,6,763079.62,601412.61
2017,07901AA000,Ariany,ingres,4,313859.25,314807.02
2017,07901AA000,Ariany,ingres,5,20.00,1.10
2017,07901AA000,Ariany,despesa,3,1510.00,1170.82
2017,07901AA000,Ariany,despesa,4,114060.00,97388.82
2017,07901AA000,Ariany,despesa,2,396365.81,331194.66
2017,07901AA000,Ariany,ingres,8,35781.07,0
2017,07901AA000,Ariany,ingres,3,139255.47,139346.27
2017,07901AA000,Ariany,despesa,1,233271.75,188819.94
2017,07901AA000,Ariany,ingres,1,276592.84,371815.67
2017,07901AA000,Ariany,ingres,7,718778.55,564002.58
2017,07901AA000,Ariany,ingres,2,24000.00,37029.61
2017,07007AA000,Banyalbufar,despesa,1,406354.95,390985.49
2017,07007AA000,Banyalbufar,despesa,6,505923.23,474941.42
2017,07007AA000,Banyalbufar,despesa,9,38090.00,35283.25
2017,07007AA000,Banyalbufar,despesa,2,598017.20,572487.85
2017,07007AA000,Banyalbufar,ingres,7,464788.72,478463.35
2017,07007AA000,Banyalbufar,ingres,1,366830.59,378280.83
2017,07007AA000,Banyalbufar,ingres,2,60000.00,55669.10
2017,07007AA000,Banyalbufar,ingres,4,385057.40,438275.33
2017,07007AA000,Banyalbufar,despesa,3,11105.00,11082.81
2017,07007AA000,Banyalbufar,ingres,3,301823.67,232698.43
2017,07007AA000,Banyalbufar,despesa,4,19010.00,17996.40
2017,07007AA000,Banyalbufar,ingres,5,0,45301.36
2017,07022AA000,Felanitx,ingres,1,7492180.00,8038856.65
2017,07022AA000,Felanitx,despesa,3,104550.00,43901.72
2017,07022AA000,Felanitx,despesa,4,886934.98,766477.75
2017,07022AA000,Felanitx,ingres,2,204000.00,819861.41
2017,07022AA000,Felanitx,despesa,6,2554694.94,1705279.99
2017,07022AA000,Felanitx,despesa,9,2241779.16,2041824.20
2017,07022AA000,Felanitx,despesa,7,588220.43,544468.49
2017,07022AA000,Felanitx,ingres,3,4430749.68,4918067.65
2017,07022AA000,Felanitx,ingres,4,4174021.16,4252295.76
2017,07022AA000,Felanitx,ingres,5,338401.00,313888.72
2017,07022AA000,Felanitx,ingres,9,604000.00,604000.00
2017,07022AA000,Felanitx,ingres,8,2606005.66,0
2017,07022AA000,Felanitx,ingres,7,732161.69,727513.26
2017,07022AA000,Felanitx,despesa,1,6659335.64,6429899.32
2017,07022AA000,Felanitx,despesa,2,7546004.04,7145318.96
2017,07022AV001,Ctro. Cultural,ingres,3,0,5817.00
2017,07022AV001,Ctro. Cultural,ingres,4,121400.00,121400.00
2017,07022AV001,Ctro. Cultural,despesa,2,115300.00,115254.64
2017,07022AV001,Ctro. Cultural,despesa,3,100.00,81.00
2017,07022AV001,Ctro. Cultural,despesa,4,6000.00,4000.00
2017,07065AA000,Vilafranc de Bonany,despesa,1,439653.91,413427.92
2017,07065AA000,Vilafranc de Bonany,despesa,2,617536.55,614951.81
2017,07065AA000,Vilafranc de Bonany,despesa,4,716696.20,629113.26
2017,07065AA000,Vilafranc de Bonany,ingres,4,778016.42,852663.83
2017,07065AA000,Vilafranc de Bonany,ingres,8,63447.36,0
2017,07065AA000,Vilafranc de Bonany,despesa,3,18500.00,16239.35
2017,07065AA000,Vilafranc de Bonany,despesa,6,626331.20,599104.21
2017,07065AA000,Vilafranc de Bonany,ingres,2,20000.00,67450.38
2017,07065AA000,Vilafranc de Bonany,ingres,5,1000.00,554.58
2017,07065AA000,Vilafranc de Bonany,despesa,9,189700.00,160211.18
2017,07065AA000,Vilafranc de Bonany,ingres,1,872400.00,1008189.44
2017,07065AA000,Vilafranc de Bonany,ingres,3,377900.00,380470.96
2017,07065AA000,Vilafranc de Bonany,ingres,7,526199.35,526199.35
2017,07065AA000,Vilafranc de Bonany,despesa,5,3000.00,0
2017,07001AA000,Alaró,despesa,9,275100.00,275002.09
2017,07001AA000,Alaró,despesa,1,1884425.00,1847277.86
2017,07001AA000,Alaró,ingres,3,783400.00,1126567.12
2017,07001AA000,Alaró,ingres,5,39400.00,42353.32
2017,07001AA000,Alaró,ingres,8,1300532.11,0
2017,07001AA000,Alaró,despesa,3,21548.67,21047.63
2017,07001AA000,Alaró,despesa,4,458381.67,369758.76
2017,07001AA000,Alaró,despesa,2,1249501.91,1217009.06
2017,07001AA000,Alaró,ingres,7,461079.87,412770.28
2017,07001AA000,Alaró,ingres,4,1447496.00,1733150.06
2017,07001AA000,Alaró,despesa,6,2160642.73,1020715.98
2017,07001AA000,Alaró,despesa,7,52400.00,52036.75
2017,07001AA000,Alaró,ingres,2,201100.00,210999.30
2017,07001AA000,Alaró,ingres,1,1869500.00,1922276.45
2017,07015AA000,Ciutadella de Menorca,despesa,1,12032963.14,11123614.05
2017,07015AA000,Ciutadella de Menorca,despesa,4,5228808.74,4503463.14
2017,07015AA000,Ciutadella de Menorca,despesa,3,612202.40,415095.15
2017,07015AA000,Ciutadella de Menorca,ingres,3,8421933.73,9522599.70
2017,07015AA000,Ciutadella de Menorca,despesa,9,2039194.78,1621118.05
2017,07015AA000,Ciutadella de Menorca,ingres,7,1033268.32,903565.89
2017,07015AA000,Ciutadella de Menorca,despesa,6,7985919.27,2514459.10
2017,07015AA000,Ciutadella de Menorca,ingres,1,14679044.96,15812463.94
2017,07015AA000,Ciutadella de Menorca,despesa,2,11472758.81,9324860.79
2017,07015AA000,Ciutadella de Menorca,ingres,2,453400.00,887408.59
2017,07015AA000,Ciutadella de Menorca,ingres,4,8183550.99,9039454.43
2017,07015AA000,Ciutadella de Menorca,ingres,8,6817982.43,0
2017,07015AA000,Ciutadella de Menorca,despesa,7,793279.67,747319.85
2017,07015AA000,Ciutadella de Menorca,ingres,5,575946.38,613012.86
2017,07023AA000,Ferreries,ingres,4,1779606.71,1845874.00
2017,07023AA000,Ferreries,ingres,7,603522.00,83326.34
2017,07023AA000,Ferreries,ingres,8,1564444.00,39904.00
2017,07023AA000,Ferreries,despesa,7,23313.26,10000.00
2017,07023AA000,Ferreries,ingres,1,2052000.00,2278775.28
2017,07023AA000,Ferreries,despesa,2,2012432.43,1849565.88
2017,07023AA000,Ferreries,despesa,3,157515.38,15417.00
2017,07023AA000,Ferreries,despesa,4,720446.31,706481.38
2017,07023AA000,Ferreries,despesa,8,40000.00,39904.00
2017,07023AA000,Ferreries,despesa,9,983662.28,983044.26
2017,07023AA000,Ferreries,despesa,6,1436955.19,199925.33
2017,07023AA000,Ferreries,ingres,2,60000.00,98732.26
2017,07023AA000,Ferreries,ingres,3,596002.00,629001.14
2017,07023AA000,Ferreries,despesa,1,2056749.86,1989367.60
2017,07023AA000,Ferreries,ingres,5,775500.00,721052.48
2017,07042AA000,Pollença,despesa,2,7777212.43,7122926.90
2017,07042AA000,Pollença,ingres,2,600040.00,1438608.22
2017,07042AA000,Pollença,despesa,1,7345957.09,6856172.76
2017,07042AA000,Pollença,ingres,1,10345000.00,11123584.62
2017,07042AA000,Pollença,despesa,3,613020.00,564536.04
2017,07042AA000,Pollença,despesa,7,40000.00,28873.67
2017,07042AA000,Pollença,despesa,6,7035377.25,3399033.47
2017,07042AA000,Pollença,despesa,9,2639687.63,2495858.89
2017,07042AA000,Pollença,ingres,3,6777194.91,8468318.98
2017,07042AA000,Pollença,ingres,4,3861919.03,4790544.14
2017,07042AA000,Pollença,ingres,7,1432504.37,985987.38
2017,07042AA000,Pollença,despesa,4,4911410.20,4832967.52
2017,07042AA000,Pollença,ingres,8,7277448.12,0
2017,07042AA000,Pollença,ingres,5,78363.89,47396.71
2017,07051AA000,Sant Llorenç des Cardassar,despesa,4,5961712.50,5157065.05
2017,07051AA000,Sant Llorenç des Cardassar,ingres,2,452000.00,1136434.22
2017,07051AA000,Sant Llorenç des Cardassar,despesa,7,2645064.41,2228438.38
2017,07051AA000,Sant Llorenç des Cardassar,ingres,1,8560000.00,8905536.99
2017,07051AA000,Sant Llorenç des Cardassar,ingres,5,556000.00,559541.00
2017,07051AA000,Sant Llorenç des Cardassar,despesa,3,1340.85,690.37
2017,07051AA000,Sant Llorenç des Cardassar,despesa,2,4645968.51,3540777.42
2017,07051AA000,Sant Llorenç des Cardassar,ingres,3,4040471.41,5686663.38
2017,07051AA000,Sant Llorenç des Cardassar,ingres,7,382626.84,137281.27
2017,07051AA000,Sant Llorenç des Cardassar,despesa,8,12000.00,10700.00
2017,07051AA000,Sant Llorenç des Cardassar,despesa,6,3305580.40,2291380.74
2017,07051AA000,Sant Llorenç des Cardassar,ingres,4,1927000.00,2395980.31
2017,07051AA000,Sant Llorenç des Cardassar,ingres,8,4881415.94,10700.00
2017,07051AA000,Sant Llorenç des Cardassar,despesa,1,4227847.52,4170585.39
2017,07052AA000,Sant Lluís,despesa,3,279320.00,270965.24
2017,07052AA000,Sant Lluís,despesa,7,25100.00,20836.09
2017,07052AA000,Sant Lluís,despesa,9,864090.00,863841.86
2017,07052AA000,Sant Lluís,ingres,8,3027462.63,0
2017,07052AA000,Sant Lluís,ingres,9,447000.00,0
2017,07052AA000,Sant Lluís,ingres,4,2468857.09,2314609.83
2017,07052AA000,Sant Lluís,despesa,2,4070674.40,3739605.30
2017,07052AA000,Sant Lluís,despesa,4,874766.20,765661.17
2017,07052AA000,Sant Lluís,ingres,3,2419400.00,2659595.24
2017,07052AA000,Sant Lluís,ingres,5,373000.00,368048.39
2017,07052AA000,Sant Lluís,ingres,1,5197800.00,5733036.35
2017,07052AA000,Sant Lluís,ingres,6,803650.00,0
2017,07052AA000,Sant Lluís,despesa,6,4521581.06,928571.48
2017,07052AA000,Sant Lluís,ingres,7,396843.61,281962.91
2017,07052AA000,Sant Lluís,despesa,1,4798481.67,4423237.12
2017,07052AA000,Sant Lluís,ingres,2,300000.00,481147.25
2017,07056AV001,P. Res. Pers. Majors. Cas Metge Rei,despesa,2,150177.48,150069.62
2017,07056AV001,P. Res. Pers. Majors. Cas Metge Rei,despesa,3,200.00,0
2017,07056AV001,P. Res. Pers. Majors. Cas Metge Rei,despesa,6,28618.60,28618.60
2017,07056AV001,P. Res. Pers. Majors. Cas Metge Rei,ingres,3,445200.00,512132.96
2017,07056AV001,P. Res. Pers. Majors. Cas Metge Rei,ingres,4,205000.00,149667.71
2017,07056AV001,P. Res. Pers. Majors. Cas Metge Rei,ingres,5,130.00,2
2017,07056AV001,P. Res. Pers. Majors. Cas Metge Rei,despesa,1,471333.92,467449.66
2017,07002DD000,Consejo Insular de Mallorca,ingres,1,12534527.05,14752262.15
2017,07002DD000,Consejo Insular de Mallorca,ingres,4,290551105.55,293938157.83
2017,07002DD000,Consejo Insular de Mallorca,despesa,8,100000.00,65931.52
2017,07002DD000,Consejo Insular de Mallorca,despesa,5,200000.00,0
2017,07002DD000,Consejo Insular de Mallorca,ingres,8,207300765.54,66073.62
2017,07002DD000,Consejo Insular de Mallorca,despesa,2,42855451.78,28804697.09
2017,07002DD000,Consejo Insular de Mallorca,despesa,3,3674997.92,2233695.99
2017,07002DD000,Consejo Insular de Mallorca,despesa,4,170956394.25,165390968.10
2017,07002DD000,Consejo Insular de Mallorca,despesa,7,75873392.51,41528358.41
2017,07002DD000,Consejo Insular de Mallorca,despesa,9,74176436.86,74172169.90
2017,07002DD000,Consejo Insular de Mallorca,ingres,7,114127733.32,34421054.47
2017,07002DD000,Consejo Insular de Mallorca,ingres,2,14664921.41,15171995.57
2017,07002DD000,Consejo Insular de Mallorca,despesa,1,64663515.68,60508311.57
2017,07002DD000,Consejo Insular de Mallorca,despesa,6,212718010.93,44451583.64
2017,07002DD000,Consejo Insular de Mallorca,ingres,3,2750260.00,4439259.70
2017,07002DD000,Consejo Insular de Mallorca,ingres,5,3288887.06,3316662.87
2017,07002DV001,Inst. l'Esport Hipic,ingres,7,90000.00,90000.00
2017,07002DV001,Inst. l'Esport Hipic,ingres,4,2391085.88,2378356.00
2017,07002DV001,Inst. l'Esport Hipic,ingres,5,338166.68,401166.22
2017,07002DV001,Inst. l'Esport Hipic,despesa,1,1201993.90,1062496.98
2017,07002DV001,Inst. l'Esport Hipic,despesa,2,877536.29,690440.46
2017,07002DV001,Inst. l'Esport Hipic,despesa,3,57793.56,55368.08
2017,07002DV001,Inst. l'Esport Hipic,despesa,6,100000.00,72549.52
2017,07002DV001,Inst. l'Esport Hipic,despesa,4,2177593.00,1815551.65
2017,07002DV001,Inst. l'Esport Hipic,despesa,8,10000.00,2123.04
2017,07002DV001,Inst. l'Esport Hipic,ingres,3,282720.00,280801.41
2017,07002DV001,Inst. l'Esport Hipic,ingres,8,1322944.19,2123.04
2017,07003DV001,Inst. Menorquín de Estudios,despesa,4,28500.00,14154.45
2017,07003DV001,Inst. Menorquín de Estudios,ingres,3,123000.00,124698.86
2017,07003DV001,Inst. Menorquín de Estudios,ingres,5,0,62
2017,07003DV001,Inst. Menorquín de Estudios,despesa,2,421427.82,397582.53
2017,07003DV001,Inst. Menorquín de Estudios,despesa,6,5800.00,5625.33
2017,07003DV001,Inst. Menorquín de Estudios,ingres,4,654321.64,606495.12
2017,07003DV001,Inst. Menorquín de Estudios,despesa,1,321593.82,300820.40
2017,07002DO001,Agència  Protecció Legalitat Urbanística i Territorial de Mallorca,ingres,5,0,5.62
2017,07002DO001,Agència  Protecció Legalitat Urbanística i Territorial de Mallorca,despesa,8,6000.00,0
2017,07002DO001,Agència  Protecció Legalitat Urbanística i Territorial de Mallorca,despesa,1,1802000.00,1390226.75
2017,07002DO001,Agència  Protecció Legalitat Urbanística i Territorial de Mallorca,ingres,8,1631000.00,0
2017,07002DO001,Agència  Protecció Legalitat Urbanística i Territorial de Mallorca,despesa,7,1338000.00,1338000.00
2017,07002DO001,Agència  Protecció Legalitat Urbanística i Territorial de Mallorca,despesa,2,337000.00,81534.57
2017,07002DO001,Agència  Protecció Legalitat Urbanística i Territorial de Mallorca,ingres,3,1467000.00,5220134.81
2017,07002DO001,Agència  Protecció Legalitat Urbanística i Territorial de Mallorca,ingres,4,515000.00,515000.00
2017,07002DO001,Agència  Protecció Legalitat Urbanística i Territorial de Mallorca,despesa,6,130000.00,13295.89
2017,07002MM000,Mc. Pla de Mallorca,ingres,3,1295026.00,1290687.73
2017,07002MM000,Mc. Pla de Mallorca,despesa,3,166607.00,33926.82
2017,07002MM000,Mc. Pla de Mallorca,despesa,4,233791.47,224033.10
2017,07002MM000,Mc. Pla de Mallorca,ingres,8,2000000.00,0
2017,07002MM000,Mc. Pla de Mallorca,despesa,2,5118924.87,4550083.90
2017,07002MM000,Mc. Pla de Mallorca,ingres,7,208389.14,200966.21
2017,07002MM000,Mc. Pla de Mallorca,ingres,5,100.00,1971.75
2017,07002MM000,Mc. Pla de Mallorca,ingres,4,5664546.11,6497541.50
2017,07002MM000,Mc. Pla de Mallorca,despesa,1,879956.55,635263.80
2017,07002MM000,Mc. Pla de Mallorca,despesa,6,144342.12,143843.58
2017,07002MM000,Mc. Pla de Mallorca,despesa,9,2624439.24,2262236.48
2017,07040AV013,Inst. Coordinaciò d'Obres Viaries,despesa,6,2000.00,0
2017,07040AV013,Inst. Coordinaciò d'Obres Viaries,ingres,7,2000.00,0
2017,07040AV013,Inst. Coordinaciò d'Obres Viaries,despesa,1,355436.11,346821.29
2017,07040AV013,Inst. Coordinaciò d'Obres Viaries,ingres,5,600.00,0
2017,07040AV013,Inst. Coordinaciò d'Obres Viaries,despesa,2,17336.31,13493.91
2017,07040AV013,Inst. Coordinaciò d'Obres Viaries,ingres,4,372172.42,372171.81
2017,07043AA000,Porreres,despesa,5,15961.16,0
2017,07043AA000,Porreres,ingres,4,1396952.44,1363725.27
2017,07043AA000,Porreres,ingres,7,540792.75,503572.23
2017,07043AA000,Porreres,despesa,4,504272.13,488461.66
2017,07043AA000,Porreres,despesa,7,44884.37,44884.37
2017,07043AA000,Porreres,despesa,1,1122390.43,1107820.82
2017,07043AA000,Porreres,ingres,1,1728180.00,1661806.34
2017,07043AA000,Porreres,ingres,5,18250.00,16629.10
2017,07043AA000,Porreres,despesa,6,831246.54,711059.62
2017,07043AA000,Porreres,despesa,9,243715.30,243582.06
2017,07043AA000,Porreres,ingres,3,252700.00,268638.48
2017,07043AA000,Porreres,ingres,8,138608.79,0
2017,07043AA000,Porreres,despesa,3,20431.53,16581.02
2017,07043AA000,Porreres,despesa,2,1453602.52,1400292.43
2017,07043AA000,Porreres,ingres,2,161020.00,281714.46
2017,07003DD000,Consejo Insular de Menorca,despesa,5,399249.51,0
2017,07003DD000,Consejo Insular de Menorca,despesa,3,714041.12,687099.02
2017,07003DD000,Consejo Insular de Menorca,despesa,4,20176804.78,16581981.09
2017,07003DD000,Consejo Insular de Menorca,despesa,9,6412138.11,6412138.11
2017,07003DD000,Consejo Insular de Menorca,ingres,4,59128139.21,57822096.87
2017,07003DD000,Consejo Insular de Menorca,despesa,6,32180756.39,6108932.10
2017,07003DD000,Consejo Insular de Menorca,despesa,2,12009998.57,9837991.62
2017,07003DD000,Consejo Insular de Menorca,ingres,1,1066591.92,1216310.86
2017,07003DD000,Consejo Insular de Menorca,despesa,1,20593547.49,19646504.97
2017,07003DD000,Consejo Insular de Menorca,ingres,2,1707053.82,679608.41
2017,07003DD000,Consejo Insular de Menorca,ingres,3,1724000.00,2027918.62
2017,07003DD000,Consejo Insular de Menorca,ingres,6,1045625.00,8319.57
2017,07003DD000,Consejo Insular de Menorca,ingres,7,19638659.55,4909546.94
2017,07003DD000,Consejo Insular de Menorca,ingres,5,242851.68,279746.78
2017,07003DD000,Consejo Insular de Menorca,ingres,8,27437526.15,168018.39
2017,07003DD000,Consejo Insular de Menorca,despesa,7,19228911.36,4080894.23
2017,07003DD000,Consejo Insular de Menorca,despesa,8,275000.00,164005.24
2017,07056AA000,Santa María del Camí,ingres,6,0,0
2017,07056AA000,Santa María del Camí,ingres,4,1759056.73,2061151.62
2017,07056AA000,Santa María del Camí,ingres,2,141799.00,170048.42
2017,07056AA000,Santa María del Camí,despesa,3,515.83,405.68
2017,07056AA000,Santa María del Camí,ingres,7,753856.89,737806.66
2017,07056AA000,Santa María del Camí,ingres,8,2481974.99,0
2017,07056AA000,Santa María del Camí,despesa,2,2187192.31,2084706.17
2017,07056AA000,Santa María del Camí,despesa,4,583746.34,407351.99
2017,07056AA000,Santa María del Camí,ingres,3,1598563.13,1658669.05
2017,07056AA000,Santa María del Camí,despesa,6,3654110.51,2748498.07
2017,07056AA000,Santa María del Camí,despesa,9,72646.89,72553.77
2017,07056AA000,Santa María del Camí,despesa,1,2281090.23,2063790.29
2017,07056AA000,Santa María del Camí,ingres,1,2043951.37,2599511.58
2017,07056AA000,Santa María del Camí,ingres,5,100.00,0
2017,07004AA000,Algaida,despesa,6,869516.59,686107.80
2017,07004AA000,Algaida,ingres,1,1520289.00,1857243.19
2017,07004AA000,Algaida,ingres,2,82000.00,452377.70
2017,07004AA000,Algaida,despesa,2,1863458.72,1450862.57
2017,07004AA000,Algaida,ingres,5,27800.00,23656.12
2017,07004AA000,Algaida,ingres,4,1343880.95,1335816.56
2017,07004AA000,Algaida,ingres,7,536967.21,317413.15
2017,07004AA000,Algaida,ingres,8,339397.03,0
2017,07004AA000,Algaida,despesa,3,8337.57,6287.55
2017,07004AA000,Algaida,ingres,3,840700.00,544228.40
2017,07004AA000,Algaida,despesa,4,199680.00,93627.16
2017,07004AA000,Algaida,despesa,9,283190.57,283190.57
2017,07004AA000,Algaida,despesa,1,1465550.74,1274551.39
2017,07004AA000,Algaida,despesa,7,1300.00,0
2017,07009AA000,Búger,despesa,1,441279.41,403019.16
2017,07009AA000,Búger,ingres,1,431000.00,434820.97
2017,07009AA000,Búger,ingres,2,45000.00,62663.41
2017,07009AA000,Búger,ingres,4,534136.41,702212.55
2017,07009AA000,Búger,ingres,7,22156.16,17737.92
2017,07009AA000,Búger,ingres,8,713644.66,0
2017,07009AA000,Búger,despesa,9,50010.21,50010.21
2017,07009AA000,Búger,ingres,5,5800.00,5620.86
2017,07009AA000,Búger,despesa,3,17789.79,12600.30
2017,07009AA000,Búger,ingres,3,252250.00,229896.93
2017,07009AA000,Búger,despesa,2,492265.83,461838.09
2017,07009AA000,Búger,despesa,4,152200.00,123463.57
2017,07009AA000,Búger,despesa,6,831909.48,522478.45
2017,07012AA000,Campanet,despesa,4,304895.70,271600.05
2017,07012AA000,Campanet,ingres,2,80000.00,47682.05
2017,07012AA000,Campanet,despesa,2,1078538.49,973723.11
2017,07012AA000,Campanet,ingres,4,849741.38,853939.14
2017,07012AA000,Campanet,ingres,8,294173.91,0
2017,07012AA000,Campanet,ingres,1,783208.91,850944.71
2017,07012AA000,Campanet,despesa,3,3500.00,3460.20
2017,07012AA000,Campanet,ingres,3,672770.13,854782.59
2017,07012AA000,Campanet,despesa,1,903384.52,817899.34
2017,07012AA000,Campanet,despesa,6,1163713.87,904445.88
2017,07012AA000,Campanet,ingres,7,767938.25,605878.35
2017,07012AA000,Campanet,ingres,5,6200.00,6000.26
2017,07014AA000,Capdepera,ingres,2,425000.00,688296.36
2017,07014AA000,Capdepera,ingres,7,0,0
2017,07014AA000,Capdepera,despesa,1,4808871.63,4773610.66
2017,07014AA000,Capdepera,despesa,4,4221742.78,4104587.03
2017,07014AA000,Capdepera,despesa,2,6123389.90,4998623.84
2017,07014AA000,Capdepera,despesa,9,1862813.32,1862187.71
2017,07014AA000,Capdepera,ingres,5,1062077.00,1236267.18
2017,07014AA000,Capdepera,despesa,3,40865.20,26944.34
2017,07014AA000,Capdepera,ingres,3,32835562.21,4977052.32
2017,07014AA000,Capdepera,ingres,4,2733598.81,3146763.78
2017,07014AA000,Capdepera,despesa,6,30433580.50,1944111.83
2017,07014AA000,Capdepera,ingres,8,4029844.31,0
2017,07014AA000,Capdepera,ingres,1,8407180.00,9200602.99
2017,07014AA000,Capdepera,despesa,7,2000000.00,580000.00
2017,07016AA000,Consell,ingres,5,29670.12,38954.61
2017,07016AA000,Consell,ingres,1,1086986.38,1148852.15
2017,07016AA000,Consell,despesa,1,1063529.02,1021029.73
2017,07016AA000,Consell,ingres,8,386532.58,0
2017,07016AA000,Consell,despesa,3,2750.00,1414.07
2017,07016AA000,Consell,ingres,3,1116732.28,1290314.35
2017,07016AA000,Consell,despesa,2,1309990.84,1188911.33
2017,07016AA000,Consell,despesa,4,301102.13,293825.33
2017,07016AA000,Consell,despesa,6,1512390.31,1120587.22
2017,07016AA000,Consell,ingres,2,50000.00,91356.23
2017,07016AA000,Consell,ingres,7,563813.00,650731.36
2017,07016AA000,Consell,despesa,7,37920.00,37920.00
2017,07016AA000,Consell,ingres,4,993947.94,1164545.01
2017,07026AA000,Eivissa,ingres,7,864437.26,200461.17
2017,07026AA000,Eivissa,despesa,6,10094373.83,3380916.57
2017,07026AA000,Eivissa,despesa,8,1557202.48,1557202.48
2017,07026AA000,Eivissa,despesa,3,1533640.54,1367164.71
2017,07026AA000,Eivissa,ingres,9,2450000.00,2450000.00
2017,07026AA000,Eivissa,despesa,7,2268259.18,2229592.79
2017,07026AA000,Eivissa,ingres,1,24612010.00,26153118.46
2017,07026AA000,Eivissa,despesa,5,297400.00,0
2017,07026AA000,Eivissa,despesa,1,17646306.48,16015744.97
2017,07026AA000,Eivissa,despesa,4,5572175.35,5360488.83
2017,07026AA000,Eivissa,ingres,3,15894593.81,17297883.19
2017,07026AA000,Eivissa,ingres,4,13065532.31,13215618.17
2017,07026AA000,Eivissa,ingres,6,10.00,0
2017,07026AA000,Eivissa,despesa,2,24402222.24,22129528.32
2017,07026AA000,Eivissa,ingres,2,1200000.00,1525575.09
2017,07026AA000,Eivissa,ingres,5,996020.00,1144073.26
2017,07026AA000,Eivissa,ingres,8,17041405.09,247202.48
2017,07026AA000,Eivissa,despesa,9,12752428.37,12616756.96
2017,07026AV003,Museo de Arte Contemporáneo,ingres,7,13000.00,12600.00
2017,07026AV003,Museo de Arte Contemporáneo,despesa,1,173530.54,161754.06
2017,07026AV003,Museo de Arte Contemporáneo,despesa,2,113998.46,107153.55
2017,07026AV003,Museo de Arte Contemporáneo,despesa,3,100.00,82.94
2017,07026AV003,Museo de Arte Contemporáneo,despesa,6,13000.00,12600.00
2017,07026AV003,Museo de Arte Contemporáneo,despesa,8,10.00,0
2017,07026AV003,Museo de Arte Contemporáneo,ingres,4,287629.00,274059.24
2017,07026AV003,Museo de Arte Contemporáneo,ingres,8,10.00,0
2017,07027AV001,Llar d'infants d'Inca,despesa,2,118330.00,97210.94
2017,07027AV001,Llar d'infants d'Inca,despesa,1,632527.83,569858.34
2017,07027AV001,Llar d'infants d'Inca,ingres,3,251000.00,315466.17
2017,07027AV001,Llar d'infants d'Inca,ingres,8,10.00,0
2017,07027AV001,Llar d'infants d'Inca,ingres,4,496147.83,351510.26
2017,07027AV001,Llar d'infants d'Inca,ingres,7,4500.00,3125.95
2017,07027AV001,Llar d'infants d'Inca,despesa,8,10.00,0
2017,07027AV001,Llar d'infants d'Inca,ingres,5,3710.00,92.85
2017,07027AV001,Llar d'infants d'Inca,despesa,6,4500.00,3125.95
2017,07027AV005,Música Antoni Torrandell,ingres,3,84000.00,93061.87
2017,07027AV005,Música Antoni Torrandell,ingres,7,2000.00,1009.99
2017,07027AV005,Música Antoni Torrandell,ingres,4,283133.15,232347.86
2017,07027AV005,Música Antoni Torrandell,despesa,1,118934.69,105173.14
2017,07027AV005,Música Antoni Torrandell,despesa,6,2000.00,1009.99
2017,07027AV005,Música Antoni Torrandell,ingres,5,10.00,0
2017,07027AV005,Música Antoni Torrandell,despesa,2,248208.46,220236.59
2017,07031AA000,Llucmajor,despesa,1,16445685.65,14811173.94
2017,07031AA000,Llucmajor,despesa,7,139418.00,139418.00
2017,07031AA000,Llucmajor,ingres,1,18160000.00,19134865.12
2017,07031AA000,Llucmajor,ingres,7,1079165.68,62674.51
2017,07031AA000,Llucmajor,ingres,9,500000.00,500000.00
2017,07031AA000,Llucmajor,despesa,2,13011197.89,11561607.10
2017,07031AA000,Llucmajor,despesa,8,75646.02,74841.62
2017,07031AA000,Llucmajor,ingres,2,1010000.00,1450298.64
2017,07031AA000,Llucmajor,ingres,5,821700.00,867919.70
2017,07031AA000,Llucmajor,despesa,3,781000.00,768610.34
2017,07031AA000,Llucmajor,ingres,8,75646.02,77314.33
2017,07031AA000,Llucmajor,despesa,4,1167688.55,1052159.82
2017,07031AA000,Llucmajor,despesa,6,3003354.85,2294779.35
2017,07031AA000,Llucmajor,despesa,9,6294283.00,6195499.69
2017,07031AA000,Llucmajor,ingres,3,11043418.70,11448735.09
2017,07031AA000,Llucmajor,ingres,4,8428344.49,8381707.28
2017,07031AA000,Llucmajor,despesa,5,200000.93,0
2017,07061AA000,Sóller,despesa,2,7089500.25,5812058.63
2017,07061AA000,Sóller,ingres,6,204095.20,0
2017,07061AA000,Sóller,ingres,8,4589148.29,0
2017,07061AA000,Sóller,ingres,1,7858559.70,7789780.61
2017,07061AA000,Sóller,ingres,7,692855.72,573522.93
2017,07061AA000,Sóller,ingres,2,321111.90,877998.06
2017,07061AA000,Sóller,ingres,3,3794245.61,3945660.97
2017,07061AA000,Sóller,ingres,4,4485798.76,4207830.33
2017,07061AA000,Sóller,despesa,4,819030.00,500213.48
2017,07061AA000,Sóller,despesa,1,5562321.14,4353858.95
2017,07061AA000,Sóller,despesa,3,801740.04,519134.07
2017,07061AA000,Sóller,despesa,7,194000.00,192332.75
2017,07061AA000,Sóller,despesa,6,3361343.47,2832880.81
2017,07061AA000,Sóller,despesa,9,4345606.03,3982652.87
2017,07061AA000,Sóller,ingres,5,227725.75,241784.88
2017,07011AO001,"Inst. M. de Educación y Bibliotecas, IMEB -Calvià",despesa,2,1983413.76,1905819.39
2017,07011AO001,"Inst. M. de Educación y Bibliotecas, IMEB -Calvià",despesa,4,224269.00,218550.59
2017,07011AO001,"Inst. M. de Educación y Bibliotecas, IMEB -Calvià",ingres,5,5100.00,369.81
2017,07011AO001,"Inst. M. de Educación y Bibliotecas, IMEB -Calvià",despesa,8,22000.00,15129.60
2017,07011AO001,"Inst. M. de Educación y Bibliotecas, IMEB -Calvià",ingres,4,5237613.73,5364408.00
2017,07011AO001,"Inst. M. de Educación y Bibliotecas, IMEB -Calvià",despesa,1,4523739.46,4509534.90
2017,07011AO001,"Inst. M. de Educación y Bibliotecas, IMEB -Calvià",despesa,6,182000.00,155398.04
2017,07011AO001,"Inst. M. de Educación y Bibliotecas, IMEB -Calvià",ingres,7,182000.00,182000.00
2017,07011AO001,"Inst. M. de Educación y Bibliotecas, IMEB -Calvià",ingres,3,1444308.49,1308006.91
2017,07011AO001,"Inst. M. de Educación y Bibliotecas, IMEB -Calvià",ingres,8,66400.00,15129.00
2017,07033AV002,P. l'Escola M. de Mallorqui,ingres,5,6.01,56
2017,07033AV002,P. l'Escola M. de Mallorqui,ingres,4,61700.29,63000.29
2017,07033AV002,P. l'Escola M. de Mallorqui,ingres,3,15000.00,32730.80
2017,07033AV002,P. l'Escola M. de Mallorqui,despesa,6,6000.00,5937.04
2017,07033AV002,P. l'Escola M. de Mallorqui,ingres,7,3000.00,3000.00
2017,07033AV002,P. l'Escola M. de Mallorqui,despesa,3,30.05,0
2017,07033AV002,P. l'Escola M. de Mallorqui,despesa,2,73676.25,59123.83
2017,07053AA000,Santa Eugènia,ingres,5,11089.77,15125.00
2017,07053AA000,Santa Eugènia,ingres,1,569681.88,524372.39
2017,07053AA000,Santa Eugènia,ingres,7,512811.59,86650.18
2017,07053AA000,Santa Eugènia,despesa,1,542725.87,529449.95
2017,07053AA000,Santa Eugènia,despesa,2,712806.27,668793.27
2017,07053AA000,Santa Eugènia,despesa,9,42751.18,40632.71
2017,07053AA000,Santa Eugènia,despesa,3,1900.00,746.07
2017,07053AA000,Santa Eugènia,ingres,4,533161.96,522712.63
2017,07053AA000,Santa Eugènia,despesa,4,203968.05,203353.74
2017,07053AA000,Santa Eugènia,ingres,2,60000.00,38136.48
2017,07053AA000,Santa Eugènia,ingres,3,375058.02,319862.31
2017,07053AA000,Santa Eugènia,ingres,8,569241.02,0
2017,07053AA000,Santa Eugènia,despesa,6,1126892.87,579742.73
2017,07015AV002,Hospital Municipal,ingres,4,1837440.00,1843063.95
2017,07015AV002,Hospital Municipal,ingres,5,89000.00,90008.64
2017,07015AV002,Hospital Municipal,despesa,1,2057000.00,2056508.73
2017,07015AV002,Hospital Municipal,despesa,4,13200.00,9183.00
2017,07015AV002,Hospital Municipal,ingres,3,751000.00,824429.00
2017,07015AV002,Hospital Municipal,despesa,2,607240.00,547552.74
2017,07015AV002,Hospital Municipal,despesa,6,65000.00,53222.33
2017,07015AV002,Hospital Municipal,ingres,7,65000.00,55016.45
2017,07042AO002,Institut Municipal Radio Pollença,ingres,3,2000.00,2799.70
2017,07042AO002,Institut Municipal Radio Pollença,despesa,4,2000.00,2000.00
2017,07042AO002,Institut Municipal Radio Pollença,despesa,1,92396.89,86905.02
2017,07042AO002,Institut Municipal Radio Pollença,despesa,2,39456.71,21132.80
2017,07042AO002,Institut Municipal Radio Pollença,despesa,6,9000.00,8740.38
2017,07042AO002,Institut Municipal Radio Pollença,ingres,4,140853.60,140853.60
2017,07054AA000,Santa Eulalia del Río,despesa,2,21805640.22,19620845.51
2017,07054AA000,Santa Eulalia del Río,despesa,8,12010.00,12000.00
2017,07054AA000,Santa Eulalia del Río,despesa,9,2830389.36,2826620.82
2017,07054AA000,Santa Eulalia del Río,ingres,4,9240148.07,9313899.72
2017,07054AA000,Santa Eulalia del Río,despesa,6,28792155.91,12463584.34
2017,07054AA000,Santa Eulalia del Río,ingres,5,479024.63,1037695.75
2017,07054AA000,Santa Eulalia del Río,ingres,1,17085010.00,20432427.80
2017,07054AA000,Santa Eulalia del Río,despesa,7,577700.46,68695.44
2017,07054AA000,Santa Eulalia del Río,ingres,7,1262074.72,1127810.74
2017,07054AA000,Santa Eulalia del Río,despesa,1,9288267.85,8474049.20
2017,07054AA000,Santa Eulalia del Río,despesa,3,277982.11,250655.42
2017,07054AA000,Santa Eulalia del Río,ingres,3,12582094.18,14984919.78
2017,07054AA000,Santa Eulalia del Río,despesa,4,2880554.33,1834831.74
2017,07054AA000,Santa Eulalia del Río,ingres,2,2250260.00,3107153.50
2017,07054AA000,Santa Eulalia del Río,ingres,8,23744562.69,12000.00
2017,07054AA000,Santa Eulalia del Río,despesa,5,178514.05,0
2017,07054AA000,Santa Eulalia del Río,ingres,6,20.00,0
2017,07054AA000,Santa Eulalia del Río,ingres,9,20.00,0
2017,07902AA000,Migjorn Gran (Es),despesa,1,989537.32,924248.06
2017,07902AA000,Migjorn Gran (Es),despesa,3,5314.04,4962.37
2017,07902AA000,Migjorn Gran (Es),ingres,4,582582.35,510551.79
2017,07902AA000,Migjorn Gran (Es),ingres,8,532601.65,0
2017,07902AA000,Migjorn Gran (Es),despesa,7,2000.00,1860.64
2017,07902AA000,Migjorn Gran (Es),ingres,2,80700.00,52486.34
2017,07902AA000,Migjorn Gran (Es),despesa,6,1083408.30,310931.07
2017,07902AA000,Migjorn Gran (Es),ingres,5,130300.00,115362.42
2017,07902AA000,Migjorn Gran (Es),despesa,8,1000.00,0
2017,07902AA000,Migjorn Gran (Es),despesa,2,873531.47,641141.16
2017,07902AA000,Migjorn Gran (Es),despesa,4,340045.00,301282.98
2017,07902AA000,Migjorn Gran (Es),despesa,9,96748.21,96748.21
2017,07902AA000,Migjorn Gran (Es),ingres,3,788806.09,761322.97
2017,07902AA000,Migjorn Gran (Es),ingres,7,198594.25,175060.11
2017,07902AA000,Migjorn Gran (Es),ingres,1,1078000.00,1091905.68
2017,07001DV003,P. Esc. Turismo,ingres,3,79900.00,140970.17
2017,07001DV003,P. Esc. Turismo,despesa,5,10000.00,0
2017,07001DV003,P. Esc. Turismo,ingres,5,100.00,0
2017,07001DV003,P. Esc. Turismo,despesa,1,430002.23,410280.43
2017,07001DV003,P. Esc. Turismo,despesa,2,80197.77,80158.55
2017,07001DV003,P. Esc. Turismo,despesa,6,20000.00,19523.41
2017,07001DV003,P. Esc. Turismo,ingres,4,500000.00,30194.28
2017,07001DV003,P. Esc. Turismo,despesa,4,39800.00,30194.28
2017,07002DV003,Inst.  Mallorquí d'Afers Socials,despesa,4,32264656.31,31025987.04
2017,07002DV003,Inst.  Mallorquí d'Afers Socials,ingres,3,5046044.02,5460576.50
2017,07002DV003,Inst.  Mallorquí d'Afers Socials,ingres,5,29940.22,19672.29
2017,07002DV003,Inst.  Mallorquí d'Afers Socials,despesa,2,85491716.32,79189385.25
2017,07002DV003,Inst.  Mallorquí d'Afers Socials,despesa,1,57936522.35,56316589.37
2017,07002DV003,Inst.  Mallorquí d'Afers Socials,despesa,7,4735142.74,29002.70
2017,07002DV003,Inst.  Mallorquí d'Afers Socials,ingres,4,162415094.65,163948779.60
2017,07002DV003,Inst.  Mallorquí d'Afers Socials,ingres,8,14483189.92,87850.48
2017,07002DV003,Inst.  Mallorquí d'Afers Socials,despesa,3,42500.00,24247.30
2017,07002DV003,Inst.  Mallorquí d'Afers Socials,despesa,8,125000.00,99269.76
2017,07002DV003,Inst.  Mallorquí d'Afers Socials,despesa,6,11658718.64,2226686.44
2017,07002DV003,Inst.  Mallorquí d'Afers Socials,ingres,7,10279987.55,10315987.55
2017,07010AE001,Palmanyola,despesa,2,388315.13,319546.59
2017,07010AE001,Palmanyola,despesa,9,7290.00,7006.71
2017,07010AE001,Palmanyola,ingres,5,16400.00,9604.80
2017,07010AE001,Palmanyola,despesa,3,3213.59,1878.55
2017,07010AE001,Palmanyola,ingres,7,761528.58,495933.46
2017,07010AE001,Palmanyola,despesa,6,763028.58,500454.13
2017,07010AE001,Palmanyola,despesa,1,272345.70,270948.05
2017,07010AE001,Palmanyola,ingres,3,25200.00,33393.37
2017,07010AE001,Palmanyola,ingres,4,577292.98,577607.93
2017,07010AE001,Palmanyola,ingres,8,53771.44,0
2017,07003MM000,Mc. Migjorn de Mallorca,despesa,3,2500.00,2244.44
2017,07003MM000,Mc. Migjorn de Mallorca,ingres,8,4698.33,0
2017,07003MM000,Mc. Migjorn de Mallorca,despesa,2,565400.00,391127.10
2017,07003MM000,Mc. Migjorn de Mallorca,despesa,4,4600.00,3094.90
2017,07003MM000,Mc. Migjorn de Mallorca,ingres,4,24004.40,24014.40
2017,07003MM000,Mc. Migjorn de Mallorca,despesa,6,44698.33,14825.41
2017,07003MM000,Mc. Migjorn de Mallorca,ingres,5,18000.00,2242.40
2017,07003MM000,Mc. Migjorn de Mallorca,despesa,1,701272.83,528565.96
2017,07003MM000,Mc. Migjorn de Mallorca,ingres,3,1271768.43,1262223.38
2017,07018AA000,Deyá,ingres,8,953885.85,0
2017,07018AA000,Deyá,despesa,1,585808.38,572459.27
2017,07018AA000,Deyá,despesa,2,1394158.85,1245686.79
2017,07018AA000,Deyá,ingres,4,453064.86,474092.84
2017,07018AA000,Deyá,ingres,3,531601.00,566910.84
2017,07018AA000,Deyá,ingres,5,7300.00,7311.61
2017,07018AA000,Deyá,ingres,7,490000.00,8318.06
2017,07018AA000,Deyá,despesa,3,44919.90,44882.88
2017,07018AA000,Deyá,ingres,1,989100.00,1107221.51
2017,07018AA000,Deyá,despesa,4,125760.00,125708.78
2017,07018AA000,Deyá,despesa,6,1132415.84,580504.87
2017,07018AA000,Deyá,ingres,2,60000.00,34478.36
2017,07058AA000,Selva,despesa,3,2466.71,699.34
2017,07058AA000,Selva,despesa,6,1064204.74,815568.86
2017,07058AA000,Selva,ingres,1,1484500.00,1738756.20
2017,07058AA000,Selva,ingres,4,1106126.44,1068668.45
2017,07058AA000,Selva,despesa,2,963305.06,933179.28
2017,07058AA000,Selva,ingres,7,623020.27,624075.77
2017,07058AA000,Selva,despesa,1,1270860.19,1215209.23
2017,07058AA000,Selva,despesa,4,522278.81,453569.32
2017,07058AA000,Selva,ingres,8,70000.00,0
2017,07058AA000,Selva,ingres,2,303500.00,278493.62
2017,07058AA000,Selva,ingres,3,612076.56,690182.49
2017,07058AA000,Selva,ingres,5,50714.38,52351.10
2017,07036AO001,Institut Municipal Comunicació,despesa,2,122920.00,12080.43
2017,07036AO001,Institut Municipal Comunicació,ingres,4,122920.00,19622.50
2017,07040AV009,Inst. M. Form. Ocupacional i Feina,despesa,4,85449.91,29318.74
2017,07040AV009,Inst. M. Form. Ocupacional i Feina,despesa,2,1151012.97,638577.92
2017,07040AV009,Inst. M. Form. Ocupacional i Feina,ingres,5,300.00,49758.52
2017,07040AV009,Inst. M. Form. Ocupacional i Feina,ingres,8,1402176.97,3757.40
2017,07040AV009,Inst. M. Form. Ocupacional i Feina,ingres,3,36000.00,11284.09
2017,07040AV009,Inst. M. Form. Ocupacional i Feina,ingres,7,143550.00,126018.66
2017,07040AV009,Inst. M. Form. Ocupacional i Feina,despesa,1,6301201.38,4971345.58
2017,07040AV009,Inst. M. Form. Ocupacional i Feina,despesa,8,20000.00,20000.00
2017,07040AV009,Inst. M. Form. Ocupacional i Feina,ingres,4,6114252.45,4590807.66
2017,07040AV009,Inst. M. Form. Ocupacional i Feina,despesa,3,1565.16,0
2017,07040AV009,Inst. M. Form. Ocupacional i Feina,despesa,6,45050.00,39646.43
2017,07040AV009,Inst. M. Form. Ocupacional i Feina,despesa,7,92000.00,86372.23
2017,07003AV003,Emisora Alcúdia Radio,despesa,2,20667.00,20634.52
2017,07003AV003,Emisora Alcúdia Radio,ingres,7,1583.00,1464.58
2017,07003AV003,Emisora Alcúdia Radio,ingres,3,10.00,0
2017,07003AV003,Emisora Alcúdia Radio,despesa,1,137710.00,136906.62
2017,07003AV003,Emisora Alcúdia Radio,despesa,3,50.00,0
2017,07003AV003,Emisora Alcúdia Radio,despesa,6,1583.00,1464.58
2017,07003AV003,Emisora Alcúdia Radio,ingres,5,10.00,1.26
2017,07003AV003,Emisora Alcúdia Radio,ingres,4,158407.00,157539.88
2017,07033AO001,Institut Públic del Teatre Municipal,ingres,4,183571.00,408892.00
2017,07033AO001,Institut Públic del Teatre Municipal,despesa,6,136798.35,20415.38
2017,07033AO001,Institut Públic del Teatre Municipal,ingres,3,230123.28,238611.28
2017,07033AO001,Institut Públic del Teatre Municipal,ingres,8,111294.35,0
2017,07033AO001,Institut Públic del Teatre Municipal,despesa,2,403190.28,397485.69
2017,07033AO001,Institut Públic del Teatre Municipal,ingres,7,15000.00,30000.00
2017,07033AO002,Institució Pública Antoni M. Alcover,ingres,4,69000.00,69000.00
2017,07033AO002,Institució Pública Antoni M. Alcover,ingres,5,0,58.36
2017,07033AO002,Institució Pública Antoni M. Alcover,despesa,2,66200.00,65314.29
2017,07033AO002,Institució Pública Antoni M. Alcover,despesa,6,7800.00,6905.84
2017,07033AO002,Institució Pública Antoni M. Alcover,ingres,7,5000.00,5000.00
2017,07044AA000,Pobla (Sa),ingres,1,5664086.10,5777942.83
2017,07044AA000,Pobla (Sa),ingres,7,704722.90,686643.21
2017,07044AA000,Pobla (Sa),ingres,3,3784879.41,3746245.13
2017,07044AA000,Pobla (Sa),ingres,2,180000.00,114264.70
2017,07044AA000,Pobla (Sa),despesa,9,1637963.91,1637963.91
2017,07044AA000,Pobla (Sa),ingres,5,12569.00,18872.82
2017,07044AA000,Pobla (Sa),ingres,6,6.00,0
2017,07044AA000,Pobla (Sa),despesa,3,486743.95,455677.77
2017,07044AA000,Pobla (Sa),despesa,4,368163.00,329659.76
2017,07044AA000,Pobla (Sa),despesa,2,5106452.02,4966200.70
2017,07044AA000,Pobla (Sa),despesa,6,2117707.36,1653952.99
2017,07044AA000,Pobla (Sa),despesa,1,4476732.68,4070317.15
2017,07044AA000,Pobla (Sa),despesa,7,146990.60,146989.82
2017,07044AA000,Pobla (Sa),ingres,4,3308338.12,3325095.29
2017,07044AA000,Pobla (Sa),ingres,8,686151.99,0
2017,07038AA000,Montuïri,ingres,4,650500.00,639843.57
2017,07038AA000,Montuïri,ingres,5,100.00,106.20
2017,07038AA000,Montuïri,ingres,7,678650.49,828481.27
2017,07038AA000,Montuïri,despesa,4,451100.00,433129.27
2017,07038AA000,Montuïri,ingres,3,485190.00,484416.10
2017,07038AA000,Montuïri,despesa,2,620673.60,540321.75
2017,07038AA000,Montuïri,despesa,9,379000.00,300921.05
2017,07038AA000,Montuïri,ingres,2,170700.00,252539.17
2017,07038AA000,Montuïri,despesa,1,813762.66,799937.84
2017,07038AA000,Montuïri,despesa,3,415815.00,270070.18
2017,07038AA000,Montuïri,ingres,1,994210.00,1110564.99
2017,07038AA000,Montuïri,ingres,9,379000.00,268276.40
2017,07038AA000,Montuïri,despesa,6,677999.23,580603.36
2017,07015AV003,P. Esc. Infantiles,ingres,3,215000.00,218753.37
2017,07015AV003,P. Esc. Infantiles,ingres,4,760900.00,732058.11
2017,07015AV003,P. Esc. Infantiles,despesa,1,466000.00,452930.87
2017,07015AV003,P. Esc. Infantiles,despesa,2,509900.00,493344.86
2017,07015AV003,P. Esc. Infantiles,ingres,5,0,23.21
2017,07015AV003,P. Esc. Infantiles,ingres,7,48500.00,36968.20
2017,07015AV003,P. Esc. Infantiles,despesa,6,48500.00,0
2017,07001DD000,Consejo Insular de Ibiza,despesa,1,28646619.60,27099955.62
2017,07001DD000,Consejo Insular de Ibiza,ingres,3,7633494.76,6731380.63
2017,07001DD000,Consejo Insular de Ibiza,despesa,3,173352.72,140053.41
2017,07001DD000,Consejo Insular de Ibiza,ingres,9,300000.00,69306.87
2017,07001DD000,Consejo Insular de Ibiza,despesa,9,675703.32,439628.70
2017,07001DD000,Consejo Insular de Ibiza,ingres,7,34340267.28,6190776.60
2017,07001DD000,Consejo Insular de Ibiza,despesa,8,250000.00,223192.39
2017,07001DD000,Consejo Insular de Ibiza,ingres,8,7684129.75,231644.36
2017,07001DD000,Consejo Insular de Ibiza,despesa,4,15497806.36,10012230.65
2017,07001DD000,Consejo Insular de Ibiza,despesa,6,36971010.12,7792352.57
2017,07001DD000,Consejo Insular de Ibiza,ingres,1,2022620.00,2225692.61
2017,07001DD000,Consejo Insular de Ibiza,ingres,4,61613793.46,58449969.66
2017,07001DD000,Consejo Insular de Ibiza,ingres,5,559200.08,207580.53
2017,07001DD000,Consejo Insular de Ibiza,despesa,5,68964.73,0
2017,07001DD000,Consejo Insular de Ibiza,despesa,7,13488332.75,9845861.42
2017,07001DD000,Consejo Insular de Ibiza,ingres,2,2765570.00,2725186.97
2017,07001DD000,Consejo Insular de Ibiza,despesa,2,21147285.73,14088200.72
2017,07003DV002,Consell Economic i Social,despesa,2,13250.00,16.94
2017,07003DV002,Consell Economic i Social,ingres,4,20450.00,7216.94
2017,07003DV002,Consell Economic i Social,despesa,4,7200.00,7200.00
2017,07055AA000,Santa Margalida,ingres,5,1064350.00,1069211.02
2017,07055AA000,Santa Margalida,despesa,6,3834319.26,2598140.63
2017,07055AA000,Santa Margalida,despesa,3,5030.00,4140.34
2017,07055AA000,Santa Margalida,ingres,2,120000.00,374275.43
2017,07055AA000,Santa Margalida,ingres,8,1712385.67,0
2017,07055AA000,Santa Margalida,despesa,4,324472.58,272501.46
2017,07055AA000,Santa Margalida,ingres,3,3575290.85,4149521.21
2017,07055AA000,Santa Margalida,ingres,7,619328.95,120023.47
2017,07055AA000,Santa Margalida,despesa,1,5145849.45,4300232.29
2017,07055AA000,Santa Margalida,despesa,7,12000.00,12000.00
2017,07055AA000,Santa Margalida,ingres,1,6399000.00,6835078.22
2017,07055AA000,Santa Margalida,despesa,2,6898285.37,6300650.41
2017,07055AA000,Santa Margalida,ingres,4,2729601.19,2951855.46
2017,07040AV002,P. M. d'Escoles d'Infants,despesa,6,113237.93,72502.67
2017,07040AV002,P. M. d'Escoles d'Infants,despesa,1,3383362.72,3034715.67
2017,07040AV002,P. M. d'Escoles d'Infants,despesa,8,11000.00,3400.00
2017,07040AV002,P. M. d'Escoles d'Infants,ingres,3,784205.47,1146238.85
2017,07040AV002,P. M. d'Escoles d'Infants,despesa,2,3608812.75,3334836.43
2017,07040AV002,P. M. d'Escoles d'Infants,despesa,4,270050.00,219304.90
2017,07040AV002,P. M. d'Escoles d'Infants,ingres,4,6478000.00,5448000.00
2017,07040AV002,P. M. d'Escoles d'Infants,ingres,7,113237.93,72502.67
2017,07040AV002,P. M. d'Escoles d'Infants,ingres,8,11000.00,3400.00
2017,07040AV002,P. M. d'Escoles d'Infants,ingres,5,20.00,0
2017,07057AA000,Santanyí,ingres,4,2761429.19,3037450.32
2017,07057AA000,Santanyí,despesa,4,2171911.20,2132213.90
2017,07057AA000,Santanyí,despesa,9,3182659.60,3182659.60
2017,07057AA000,Santanyí,despesa,2,8578172.03,8158572.26
2017,07057AA000,Santanyí,despesa,6,10527091.23,9348781.01
2017,07057AA000,Santanyí,ingres,3,4851201.91,6321758.02
2017,07057AA000,Santanyí,ingres,8,10149624.02,0
2017,07057AA000,Santanyí,ingres,1,11448608.27,12445527.35
2017,07057AA000,Santanyí,ingres,2,502000.00,2178811.84
2017,07057AA000,Santanyí,despesa,1,6653536.73,5929784.57
2017,07057AA000,Santanyí,despesa,3,37434.48,21933.63
2017,07057AA000,Santanyí,ingres,5,884100.00,1079398.57
2017,07057AA000,Santanyí,despesa,7,82400.00,82400.00
2017,07057AA000,Santanyí,ingres,7,636241.88,549281.48
2017,07027AV003,Inst. M. d'Activitat Física Inca,ingres,8,195898.00,0
2017,07027AV003,Inst. M. d'Activitat Física Inca,despesa,2,950009.04,929051.87
2017,07027AV003,Inst. M. d'Activitat Física Inca,ingres,4,952835.19,922825.19
2017,07027AV003,Inst. M. d'Activitat Física Inca,ingres,5,210.00,670.94
2017,07027AV003,Inst. M. d'Activitat Física Inca,despesa,1,205036.15,202568.53
2017,07027AV003,Inst. M. d'Activitat Física Inca,ingres,7,75000.00,14707.67
2017,07027AV003,Inst. M. d'Activitat Física Inca,despesa,8,10.00,0
2017,07027AV003,Inst. M. d'Activitat Física Inca,despesa,4,358100.00,303924.22
2017,07027AV003,Inst. M. d'Activitat Física Inca,despesa,6,71788.00,66516.90
2017,07027AV003,Inst. M. d'Activitat Física Inca,ingres,3,361000.00,407767.62
2017,07042AO003,Residencia Social,despesa,1,577068.67,537113.31
2017,07042AO003,Residencia Social,despesa,2,288633.53,247250.74
2017,07042AO003,Residencia Social,despesa,3,20.00,0
2017,07042AO003,Residencia Social,despesa,6,13549.00,12315.05
2017,07042AO003,Residencia Social,ingres,3,310010.00,373151.45
2017,07042AO003,Residencia Social,ingres,4,569261.20,569261.20
2017,07008AV001,P. M. d'Esports,despesa,4,1.00,1.00
2017,07008AV001,P. M. d'Esports,ingres,4,1.00,1.00
2017,07027AV002,Res. Ancianos M. Mir,despesa,1,1156259.77,1156250.43
2017,07027AV002,Res. Ancianos M. Mir,ingres,4,1017232.62,1053808.41
2017,07027AV002,Res. Ancianos M. Mir,despesa,2,217682.85,212965.80
2017,07027AV002,Res. Ancianos M. Mir,despesa,6,2000.00,1931.37
2017,07027AV002,Res. Ancianos M. Mir,ingres,3,338820.00,233569.12
2017,07027AV002,Res. Ancianos M. Mir,ingres,8,10.00,0
2017,07027AV002,Res. Ancianos M. Mir,ingres,5,2890.00,1440.00
2017,07027AV002,Res. Ancianos M. Mir,ingres,7,17000.00,1931.37
2017,07027AV002,Res. Ancianos M. Mir,despesa,8,10.00,0
2018,07004AA000,Algaida,ingres,8,376169.06,0
2018,07004AA000,Algaida,despesa,3,1110.12,983.19
2018,07004AA000,Algaida,ingres,3,950068.16,821778.28
2018,07004AA000,Algaida,despesa,4,151180.00,125682.14
2018,07004AA000,Algaida,despesa,9,149070.45,149059.88
2018,07004AA000,Algaida,despesa,1,1663963.12,1427492.17
2018,07004AA000,Algaida,despesa,6,953204.45,772430.56
2018,07004AA000,Algaida,ingres,1,1875619.20,2498748.38
2018,07004AA000,Algaida,ingres,2,97100.00,334124.07
2018,07004AA000,Algaida,despesa,2,2112453.34,1675200.08
2018,07004AA000,Algaida,ingres,5,27300.00,23411.56
2018,07004AA000,Algaida,ingres,4,1633572.41,1692870.27
2018,07004AA000,Algaida,ingres,7,71152.65,195341.10
2018,07016AA000,Consell,ingres,8,817148.18,0
2018,07016AA000,Consell,despesa,3,3050.00,2982.28
2018,07016AA000,Consell,ingres,3,1128780.32,1382840.60
2018,07016AA000,Consell,despesa,2,1195199.68,1194820.93
2018,07016AA000,Consell,despesa,4,314173.03,311577.14
2018,07016AA000,Consell,despesa,6,2014684.22,1535571.62
2018,07016AA000,Consell,ingres,2,50000.00,128769.75
2018,07016AA000,Consell,ingres,7,412356.01,412356.01
2018,07016AA000,Consell,despesa,7,37920.00,37920.00
2018,07016AA000,Consell,ingres,4,1064616.55,1207993.38
2018,07016AA000,Consell,ingres,5,32117.30,36949.06
2018,07016AA000,Consell,ingres,1,1128996.08,1177026.81
2018,07016AA000,Consell,despesa,1,1068987.51,1036931.49
2018,07022AA000,Felanitx,ingres,8,1712229.24,0
2018,07022AA000,Felanitx,ingres,7,744041.17,466830.68
2018,07022AA000,Felanitx,despesa,1,7024548.45,6608312.77
2018,07022AA000,Felanitx,despesa,2,8697724.81,8159074.76
2018,07022AA000,Felanitx,ingres,1,8488849.00,8444281.87
2018,07022AA000,Felanitx,despesa,3,42650.00,27794.92
2018,07022AA000,Felanitx,despesa,4,936378.19,721551.49
2018,07022AA000,Felanitx,ingres,2,403000.00,238016.56
2018,07022AA000,Felanitx,despesa,6,3088403.67,1837062.74
2018,07022AA000,Felanitx,despesa,9,1070000.00,1067771.60
2018,07022AA000,Felanitx,despesa,7,200028.44,85700.88
2018,07022AA000,Felanitx,ingres,3,4783598.04,4921531.28
2018,07022AA000,Felanitx,ingres,4,4577815.11,4754853.60
2018,07022AA000,Felanitx,ingres,5,350201.00,317204.22
2018,07055AA000,Santa Margalida,ingres,8,1294073.24,0
2018,07055AA000,Santa Margalida,despesa,4,257500.00,240046.71
2018,07055AA000,Santa Margalida,ingres,3,3967413.06,4234654.76
2018,07055AA000,Santa Margalida,ingres,7,1467013.54,883485.03
2018,07055AA000,Santa Margalida,despesa,1,5092085.56,4363532.21
2018,07055AA000,Santa Margalida,despesa,7,82000.00,80000.27
2018,07055AA000,Santa Margalida,ingres,1,6433000.00,6774046.46
2018,07055AA000,Santa Margalida,despesa,2,7123191.90,6223113.76
2018,07055AA000,Santa Margalida,ingres,4,2715110.20,2782123.04
2018,07055AA000,Santa Margalida,ingres,5,1032050.00,1003159.46
2018,07055AA000,Santa Margalida,despesa,6,4468652.58,1637300.75
2018,07055AA000,Santa Margalida,despesa,3,5230.00,3794.14
2018,07055AA000,Santa Margalida,ingres,2,120000.00,261123.27
2018,07058AA000,Selva,despesa,5,24425.00,0
2018,07058AA000,Selva,ingres,8,737340.19,0
2018,07058AA000,Selva,ingres,2,250010.00,304742.11
2018,07058AA000,Selva,ingres,3,561540.46,699155.52
2018,07058AA000,Selva,ingres,5,50253.69,9267.49
2018,07058AA000,Selva,despesa,3,3306.74,3294.73
2018,07058AA000,Selva,despesa,6,2131574.27,324223.78
2018,07058AA000,Selva,ingres,1,1383010.00,1657234.82
2018,07058AA000,Selva,ingres,4,951228.16,1122848.89
2018,07058AA000,Selva,despesa,2,1005893.44,943622.18
2018,07058AA000,Selva,ingres,7,1292454.87,231657.75
2018,07058AA000,Selva,despesa,1,1334717.16,1319531.70
2018,07058AA000,Selva,despesa,4,483220.76,460608.46
2018,07026AA000,Eivissa,ingres,6,10.00,0
2018,07026AA000,Eivissa,despesa,2,25667175.10,23531205.43
2018,07026AA000,Eivissa,ingres,2,1200000.00,2164244.73
2018,07026AA000,Eivissa,ingres,5,1000020.00,1288204.95
2018,07026AA000,Eivissa,ingres,8,13969862.55,313516.36
2018,07026AA000,Eivissa,despesa,9,8914919.60,8914917.95
2018,07026AA000,Eivissa,ingres,7,3597673.17,1828662.25
2018,07026AA000,Eivissa,despesa,6,14643387.14,4891567.91
2018,07026AA000,Eivissa,despesa,8,313516.36,313516.36
2018,07026AA000,Eivissa,despesa,3,224405.47,133085.76
2018,07026AA000,Eivissa,despesa,7,1155033.67,1147543.37
2018,07026AA000,Eivissa,ingres,1,26781510.00,27246833.10
2018,07026AA000,Eivissa,despesa,5,297400.00,0
2018,07026AA000,Eivissa,despesa,1,18158999.02,16274760.16
2018,07026AA000,Eivissa,despesa,4,6734362.20,6467799.52
2018,07026AA000,Eivissa,ingres,3,16076945.02,18974477.03
2018,07026AA000,Eivissa,ingres,4,13483177.82,13961549.47
2018,07014AO001,F. Castell de Capdepera,despesa,5,1905.47,0
2018,07014AO001,F. Castell de Capdepera,ingres,3,261000.00,311157.60
2018,07014AO001,F. Castell de Capdepera,despesa,2,159000.00,124693.50
2018,07014AO001,F. Castell de Capdepera,despesa,1,95273.30,79213.34
2018,07014AO001,F. Castell de Capdepera,ingres,5,500.00,30.16
2018,07014AO001,F. Castell de Capdepera,ingres,7,0,12000.00
2018,07014AO001,F. Castell de Capdepera,ingres,4,104678.77,1661.46
2018,07014AO001,F. Castell de Capdepera,despesa,6,110000.00,12201.64
2018,07056AA000,Santa María del Camí,ingres,8,1110326.24,0
2018,07056AA000,Santa María del Camí,despesa,2,2316493.58,2269903.97
2018,07056AA000,Santa María del Camí,despesa,4,364665.98,336532.23
2018,07056AA000,Santa María del Camí,ingres,3,1497400.45,1727599.47
2018,07056AA000,Santa María del Camí,despesa,6,1571319.76,1222643.80
2018,07056AA000,Santa María del Camí,despesa,1,2466461.16,2252823.28
2018,07056AA000,Santa María del Camí,ingres,1,2154578.33,2726312.63
2018,07056AA000,Santa María del Camí,ingres,5,100.00,0
2018,07056AA000,Santa María del Camí,ingres,4,1758590.79,2070372.92
2018,07056AA000,Santa María del Camí,ingres,2,141799.00,243512.22
2018,07056AA000,Santa María del Camí,ingres,7,56145.67,140550.70
2018,07057AA000,Santanyí,ingres,8,3451865.13,0
2018,07057AA000,Santanyí,ingres,1,10908969.49,11963008.29
2018,07057AA000,Santanyí,ingres,2,855000.00,1144734.76
2018,07057AA000,Santanyí,despesa,1,6682662.18,6482650.53
2018,07057AA000,Santanyí,despesa,3,7000.00,4509.71
2018,07057AA000,Santanyí,ingres,5,1090508.69,1019117.59
2018,07057AA000,Santanyí,despesa,7,127725.00,49600.00
2018,07057AA000,Santanyí,ingres,7,799392.15,320285.94
2018,07057AA000,Santanyí,ingres,4,2973427.18,3407708.98
2018,07057AA000,Santanyí,ingres,6,125000.00,126101.00
2018,07057AA000,Santanyí,despesa,4,2228729.17,2223360.39
2018,07057AA000,Santanyí,despesa,2,9321751.26,8588199.40
2018,07057AA000,Santanyí,despesa,6,6746096.94,4303940.83
2018,07057AA000,Santanyí,ingres,3,4909801.91,6339930.08
2018,07902AA000,Migjorn Gran (Es),despesa,8,1000.00,0
2018,07902AA000,Migjorn Gran (Es),despesa,2,1058440.90,744513.48
2018,07902AA000,Migjorn Gran (Es),despesa,4,334988.00,282700.17
2018,07902AA000,Migjorn Gran (Es),despesa,9,372027.46,343956.44
2018,07902AA000,Migjorn Gran (Es),ingres,3,639330.00,619030.63
2018,07902AA000,Migjorn Gran (Es),ingres,7,1615042.22,1616162.65
2018,07902AA000,Migjorn Gran (Es),ingres,1,1148040.88,1131843.85
2018,07902AA000,Migjorn Gran (Es),despesa,1,1025894.18,966440.04
2018,07902AA000,Migjorn Gran (Es),despesa,3,4823.20,2717.25
2018,07902AA000,Migjorn Gran (Es),ingres,4,619557.35,632894.15
2018,07902AA000,Migjorn Gran (Es),ingres,8,1283348.19,0
2018,07902AA000,Migjorn Gran (Es),despesa,7,2000.00,1860.64
2018,07902AA000,Migjorn Gran (Es),ingres,2,80700.00,34821.37
2018,07902AA000,Migjorn Gran (Es),despesa,6,2715944.90,1023243.01
2018,07902AA000,Migjorn Gran (Es),ingres,5,129100.00,117492.00
2018,07006AA000,Artà,despesa,3,32501.96,30673.04
2018,07006AA000,Artà,despesa,4,385397.29,376576.14
2018,07006AA000,Artà,ingres,1,4639000.00,4917442.28
2018,07006AA000,Artà,ingres,7,1185622.37,585505.09
2018,07006AA000,Artà,ingres,8,2518535.79,0
2018,07006AA000,Artà,ingres,2,451600.00,603769.79
2018,07006AA000,Artà,ingres,4,2378145.27,2522116.05
2018,07006AA000,Artà,ingres,3,3657753.00,3849235.58
2018,07006AA000,Artà,despesa,6,4912995.75,2235237.81
2018,07006AA000,Artà,ingres,5,28500.00,27274.23
2018,07006AA000,Artà,despesa,7,1.00,0
2018,07006AA000,Artà,despesa,1,4670155.42,4581460.89
2018,07006AA000,Artà,despesa,2,4185829.53,4019307.56
2018,07006AA000,Artà,despesa,9,672275.48,672275.48
2018,07008AA000,Binissalem,despesa,1,2530323.84,2234294.48
2018,07008AA000,Binissalem,despesa,4,782970.00,605359.72
2018,07008AA000,Binissalem,ingres,5,13200.00,46111.95
2018,07008AA000,Binissalem,ingres,6,60000.00,0
2018,07008AA000,Binissalem,ingres,2,270000.00,347487.56
2018,07008AA000,Binissalem,ingres,3,1411900.00,1335590.45
2018,07008AA000,Binissalem,despesa,6,1182975.40,532919.67
2018,07008AA000,Binissalem,despesa,5,47000.00,0
2018,07008AA000,Binissalem,despesa,3,52000.00,43321.11
2018,07008AA000,Binissalem,ingres,4,2029000.00,2073976.99
2018,07008AA000,Binissalem,ingres,8,204090.96,0
2018,07008AA000,Binissalem,despesa,2,2377885.56,2351186.86
2018,07008AA000,Binissalem,ingres,1,2668377.00,2604635.80
2018,07008AA000,Binissalem,despesa,9,741000.00,734547.42
2018,07008AA000,Binissalem,ingres,7,1060300.00,299293.79
2018,07009AA000,Búger,despesa,3,17800.00,12023.26
2018,07009AA000,Búger,ingres,3,278531.70,277156.88
2018,07009AA000,Búger,despesa,2,369325.93,356542.36
2018,07009AA000,Búger,despesa,4,150300.00,119289.74
2018,07009AA000,Búger,despesa,6,623059.75,585573.93
2018,07009AA000,Búger,despesa,1,482260.00,452057.82
2018,07009AA000,Búger,ingres,1,376000.00,447338.74
2018,07009AA000,Búger,ingres,2,65000.00,95678.39
2018,07009AA000,Búger,ingres,4,484949.68,565721.95
2018,07009AA000,Búger,ingres,7,268019.73,270019.73
2018,07009AA000,Búger,ingres,8,286944.57,0
2018,07009AA000,Búger,despesa,9,124000.00,123178.61
2018,07009AA000,Búger,ingres,5,7300.00,4800.00
2018,07010AA000,Bunyola,despesa,3,63000.00,46063.88
2018,07010AA000,Bunyola,despesa,4,535749.03,525311.04
2018,07010AA000,Bunyola,despesa,2,2517262.16,2508880.55
2018,07010AA000,Bunyola,despesa,6,2452388.19,2423028.91
2018,07010AA000,Bunyola,ingres,2,362802.06,367850.92
2018,07010AA000,Bunyola,ingres,8,323080.01,0
2018,07010AA000,Bunyola,ingres,7,453346.79,136911.88
2018,07010AA000,Bunyola,ingres,1,2527148.19,2774722.84
2018,07010AA000,Bunyola,ingres,9,1130496.79,1130496.79
2018,07010AA000,Bunyola,despesa,5,58778.80,0
2018,07010AA000,Bunyola,despesa,9,737844.21,737844.20
2018,07010AA000,Bunyola,ingres,3,1343106.47,1501103.19
2018,07010AA000,Bunyola,ingres,5,1883.58,2992.01
2018,07010AA000,Bunyola,despesa,1,1595784.68,1590862.16
2018,07010AA000,Bunyola,ingres,4,1818943.18,2033197.01
2018,07012AA000,Campanet,ingres,1,797325.68,863501.32
2018,07012AA000,Campanet,despesa,3,4708.37,4587.24
2018,07012AA000,Campanet,ingres,3,808654.10,813456.91
2018,07012AA000,Campanet,despesa,1,969967.04,840932.19
2018,07012AA000,Campanet,despesa,6,1432031.25,1023064.19
2018,07012AA000,Campanet,ingres,7,1037163.89,674545.48
2018,07012AA000,Campanet,ingres,5,6200.00,6000.29
2018,07012AA000,Campanet,despesa,4,316388.57,284375.87
2018,07012AA000,Campanet,ingres,2,120000.00,93709.04
2018,07012AA000,Campanet,despesa,2,1089442.89,999832.66
2018,07012AA000,Campanet,ingres,4,934897.78,968594.58
2018,07012AA000,Campanet,ingres,8,108596.67,0
2018,07018AA000,Deyá,ingres,1,986000.00,950163.23
2018,07018AA000,Deyá,despesa,4,124279.42,105052.64
2018,07018AA000,Deyá,despesa,6,278718.99,171735.82
2018,07018AA000,Deyá,ingres,2,60000.00,67344.44
2018,07018AA000,Deyá,ingres,8,198009.19,0
2018,07018AA000,Deyá,despesa,1,641115.48,622445.93
2018,07018AA000,Deyá,despesa,2,1153136.18,1049645.76
2018,07018AA000,Deyá,ingres,4,462014.86,497427.40
2018,07018AA000,Deyá,ingres,3,469351.00,551265.10
2018,07018AA000,Deyá,ingres,5,10000.00,6994.94
2018,07018AA000,Deyá,ingres,7,143996.90,168940.08
2018,07018AA000,Deyá,despesa,3,35447.00,35358.71
2018,07022AV001,Ctro. Cultural,despesa,2,120200.00,111741.06
2018,07022AV001,Ctro. Cultural,despesa,3,100.00,86.12
2018,07022AV001,Ctro. Cultural,despesa,4,6300.00,4000.00
2018,07022AV001,Ctro. Cultural,ingres,3,0,4173.46
2018,07022AV001,Ctro. Cultural,ingres,4,126600.00,126600.00
2018,07027AA000,Inca,despesa,9,4096161.61,4096149.57
2018,07027AA000,Inca,ingres,4,9341431.80,9521096.78
2018,07027AA000,Inca,despesa,7,186771.71,180261.71
2018,07027AA000,Inca,despesa,8,5994260.22,1035000.00
2018,07027AA000,Inca,ingres,2,215663.85,386511.53
2018,07027AA000,Inca,despesa,1,11080656.76,10473277.04
2018,07027AA000,Inca,ingres,5,170530.00,208090.68
2018,07027AA000,Inca,despesa,3,85996.60,40687.02
2018,07027AA000,Inca,despesa,6,7632872.88,2886325.02
2018,07027AA000,Inca,despesa,2,13756883.25,11831630.83
2018,07027AA000,Inca,ingres,8,16647396.79,35000.00
2018,07027AA000,Inca,despesa,4,2616486.71,1749773.71
2018,07027AA000,Inca,ingres,3,8664807.91,9490119.59
2018,07027AA000,Inca,ingres,7,133878.31,182778.64
2018,07027AA000,Inca,ingres,1,10276371.08,11814263.89
2018,07027AA000,Inca,ingres,6,10.00,-151.50
2018,07027AV001,Llar d'infants d'Inca,ingres,3,301757.12,325545.67
2018,07027AV001,Llar d'infants d'Inca,ingres,8,10.00,0
2018,07027AV001,Llar d'infants d'Inca,ingres,4,464365.24,254333.75
2018,07027AV001,Llar d'infants d'Inca,despesa,8,10.00,0
2018,07027AV001,Llar d'infants d'Inca,ingres,7,4500.00,0
2018,07027AV001,Llar d'infants d'Inca,ingres,5,3710.00,6279.14
2018,07027AV001,Llar d'infants d'Inca,despesa,6,22498.75,20595.42
2018,07027AV001,Llar d'infants d'Inca,despesa,2,125627.75,97040.40
2018,07027AV001,Llar d'infants d'Inca,despesa,1,626205.86,594163.97
2018,07027AV005,Música Antoni Torrandell,despesa,1,123455.05,108952.47
2018,07027AV005,Música Antoni Torrandell,despesa,6,2000.00,369.75
2018,07027AV005,Música Antoni Torrandell,ingres,5,10.00,0
2018,07027AV005,Música Antoni Torrandell,despesa,2,248208.46,212906.59
2018,07027AV005,Música Antoni Torrandell,ingres,3,79369.27,107153.77
2018,07027AV005,Música Antoni Torrandell,ingres,7,2000.00,0
2018,07027AV005,Música Antoni Torrandell,ingres,4,292284.24,161136.39
2018,07030AA000,Llubí,despesa,6,963901.13,654902.03
2018,07030AA000,Llubí,ingres,1,807412.00,767747.83
2018,07030AA000,Llubí,ingres,2,80000.00,104780.37
2018,07030AA000,Llubí,ingres,4,667174.99,734092.14
2018,07030AA000,Llubí,despesa,7,450.00,0
2018,07030AA000,Llubí,despesa,1,720732.83,689777.38
2018,07030AA000,Llubí,despesa,4,93166.00,92800.00
2018,07030AA000,Llubí,despesa,2,595275.10,584265.96
2018,07030AA000,Llubí,despesa,9,79570.00,79517.58
2018,07030AA000,Llubí,despesa,3,9300.00,6328.22
2018,07030AA000,Llubí,ingres,3,140356.00,140265.00
2018,07030AA000,Llubí,ingres,7,532029.60,529694.76
2018,07030AA000,Llubí,ingres,8,214970.47,0
2018,07030AA000,Llubí,ingres,5,20452.00,20362.01
2018,07031AA000,Llucmajor,ingres,5,634100.00,821308.05
2018,07031AA000,Llucmajor,despesa,3,860000.00,634966.18
2018,07031AA000,Llucmajor,ingres,8,17908642.97,53532.34
2018,07031AA000,Llucmajor,despesa,4,1290835.32,1231538.31
2018,07031AA000,Llucmajor,despesa,6,4043365.49,1412525.94
2018,07031AA000,Llucmajor,despesa,9,19819436.45,19760915.16
2018,07031AA000,Llucmajor,ingres,3,11025907.97,12348882.75
2018,07031AA000,Llucmajor,ingres,4,8831159.08,9144704.80
2018,07031AA000,Llucmajor,despesa,5,387419.94,0
2018,07031AA000,Llucmajor,despesa,1,17885523.16,15537571.45
2018,07031AA000,Llucmajor,despesa,7,307472.67,46472.67
2018,07031AA000,Llucmajor,ingres,1,19220000.00,20044968.28
2018,07031AA000,Llucmajor,ingres,7,404332.73,1233278.46
2018,07031AA000,Llucmajor,despesa,2,14835089.72,13547107.41
2018,07031AA000,Llucmajor,despesa,8,55000.00,52169.80
2018,07031AA000,Llucmajor,ingres,2,1460000.00,836348.91
2018,07031AV001,P. Res. Personas Mayores,ingres,3,325100.00,379922.20
2018,07031AV001,P. Res. Personas Mayores,despesa,5,20540.37,0
2018,07031AV001,P. Res. Personas Mayores,ingres,7,261000.00,0
2018,07031AV001,P. Res. Personas Mayores,ingres,4,776684.06,532819.78
2018,07031AV001,P. Res. Personas Mayores,despesa,3,1000.00,215.55
2018,07031AV001,P. Res. Personas Mayores,ingres,8,6000.00,0
2018,07031AV001,P. Res. Personas Mayores,despesa,2,158100.00,157565.72
2018,07031AV001,P. Res. Personas Mayores,ingres,5,100.00,1
2018,07031AV001,P. Res. Personas Mayores,despesa,8,6000.00,0
2018,07031AV001,P. Res. Personas Mayores,despesa,1,922243.69,779688.29
2018,07031AV001,P. Res. Personas Mayores,despesa,6,261000.00,4842.15
2018,07036AA000,Marratxí,despesa,1,10958955.63,10472391.16
2018,07036AA000,Marratxí,despesa,3,134305.00,68933.65
2018,07036AA000,Marratxí,ingres,2,800000.00,1284842.70
2018,07036AA000,Marratxí,despesa,4,8698837.31,7774712.44
2018,07036AA000,Marratxí,despesa,9,8592899.90,8056023.98
2018,07036AA000,Marratxí,ingres,7,500986.46,465743.78
2018,07036AA000,Marratxí,despesa,2,7111243.37,4750245.31
2018,07036AA000,Marratxí,ingres,1,14756000.00,15440189.54
2018,07036AA000,Marratxí,ingres,3,7256051.00,7475289.97
2018,07036AA000,Marratxí,ingres,5,256600.00,249464.93
2018,07036AA000,Marratxí,despesa,7,32100.00,705.00
2018,07036AA000,Marratxí,ingres,4,8518544.00,8545672.49
2018,07036AA000,Marratxí,despesa,6,10843093.52,2764928.93
2018,07036AA000,Marratxí,despesa,8,115400.00,106900.00
2018,07036AA000,Marratxí,ingres,8,14398653.27,106900.00
2018,07037AA000,Mercadal (Es),despesa,7,40500.00,10219.92
2018,07037AA000,Mercadal (Es),ingres,2,152800.00,250424.55
2018,07037AA000,Mercadal (Es),despesa,9,568580.20,568579.70
2018,07037AA000,Mercadal (Es),despesa,2,4540381.49,4119348.19
2018,07037AA000,Mercadal (Es),despesa,1,2670129.47,2418463.87
2018,07037AA000,Mercadal (Es),ingres,4,1862576.49,1783929.40
2018,07037AA000,Mercadal (Es),ingres,8,5187681.88,9582.20
2018,07037AA000,Mercadal (Es),ingres,9,483760.00,483760.00
2018,07037AA000,Mercadal (Es),despesa,6,9793718.68,2218724.95
2018,07037AA000,Mercadal (Es),ingres,7,3522758.00,996222.34
2018,07037AA000,Mercadal (Es),despesa,4,900166.53,788489.11
2018,07037AA000,Mercadal (Es),ingres,1,5051000.00,5879235.63
2018,07037AA000,Mercadal (Es),ingres,3,1935300.00,2245851.35
2018,07037AA000,Mercadal (Es),ingres,5,371100.00,479450.66
2018,07037AA000,Mercadal (Es),despesa,3,38500.00,16373.33
2018,07037AA000,Mercadal (Es),despesa,8,15000.00,9582.20
2018,07046AA000,Sant Antoni de Portmany,despesa,6,7265239.74,5509175.12
2018,07046AA000,Sant Antoni de Portmany,despesa,1,7176427.79,6937853.08
2018,07046AA000,Sant Antoni de Portmany,ingres,7,864614.83,910274.22
2018,07046AA000,Sant Antoni de Portmany,despesa,2,12154724.16,11672879.23
2018,07046AA000,Sant Antoni de Portmany,ingres,3,5778422.71,6384758.47
2018,07046AA000,Sant Antoni de Portmany,ingres,4,6098111.04,7275475.68
2018,07046AA000,Sant Antoni de Portmany,ingres,8,3167712.72,0
2018,07046AA000,Sant Antoni de Portmany,despesa,4,2112452.12,2030077.98
2018,07046AA000,Sant Antoni de Portmany,ingres,2,700000.00,1357171.56
2018,07046AA000,Sant Antoni de Portmany,despesa,3,955517.49,914446.10
2018,07046AA000,Sant Antoni de Portmany,ingres,5,500.00,27.05
2018,07046AA000,Sant Antoni de Portmany,ingres,1,13055000.00,14047087.53
2018,07048AA000,Sant Josep de sa Talaia,despesa,4,3692871.57,3237429.42
2018,07048AA000,Sant Josep de sa Talaia,ingres,1,12823240.00,14308546.63
2018,07048AA000,Sant Josep de sa Talaia,ingres,6,0,15119.49
2018,07048AA000,Sant Josep de sa Talaia,ingres,4,6586115.85,6823555.37
2018,07048AA000,Sant Josep de sa Talaia,despesa,5,671.82,0
2018,07048AA000,Sant Josep de sa Talaia,ingres,5,3803000.00,3815039.83
2018,07048AA000,Sant Josep de sa Talaia,ingres,8,11074832.06,0
2018,07048AA000,Sant Josep de sa Talaia,despesa,1,8829529.01,8297393.55
2018,07048AA000,Sant Josep de sa Talaia,ingres,2,1600000.00,1545194.83
2018,07048AA000,Sant Josep de sa Talaia,despesa,2,16244796.15,14379756.71
2018,07048AA000,Sant Josep de sa Talaia,despesa,3,44046.64,42832.54
2018,07048AA000,Sant Josep de sa Talaia,ingres,7,750000.00,750000.00
2018,07048AA000,Sant Josep de sa Talaia,despesa,9,816622.13,816622.13
2018,07048AA000,Sant Josep de sa Talaia,ingres,3,8144270.00,12472596.93
2018,07048AA000,Sant Josep de sa Talaia,despesa,6,14555896.99,3274997.23
2018,07061AA000,Sóller,despesa,4,745030.00,508681.13
2018,07061AA000,Sóller,despesa,1,5697526.82,4740651.71
2018,07061AA000,Sóller,despesa,3,801740.04,76894.71
2018,07061AA000,Sóller,despesa,7,194000.00,192332.75
2018,07061AA000,Sóller,despesa,6,2632835.63,390447.83
2018,07061AA000,Sóller,despesa,9,1550000.00,1519154.46
2018,07061AA000,Sóller,ingres,5,227725.75,282747.10
2018,07061AA000,Sóller,despesa,2,7532999.05,5708787.81
2018,07061AA000,Sóller,ingres,6,659903.96,15407.80
2018,07061AA000,Sóller,ingres,8,1198026.24,0
2018,07061AA000,Sóller,ingres,1,7716125.84,8516849.71
2018,07061AA000,Sóller,ingres,7,389905.43,403409.81
2018,07061AA000,Sóller,ingres,2,835000.00,480332.48
2018,07061AA000,Sóller,ingres,3,3864366.14,4082405.69
2018,07061AA000,Sóller,ingres,4,4263078.18,4167659.80
2018,07064AA000,Castell (Es),despesa,7,46510.13,37378.48
2018,07064AA000,Castell (Es),despesa,3,33000.00,24497.38
2018,07064AA000,Castell (Es),despesa,9,275000.00,273723.28
2018,07064AA000,Castell (Es),ingres,7,1329557.41,247425.94
2018,07064AA000,Castell (Es),ingres,6,60000.00,0
2018,07064AA000,Castell (Es),despesa,4,475787.00,318459.20
2018,07064AA000,Castell (Es),ingres,2,100000.00,143229.26
2018,07064AA000,Castell (Es),ingres,5,7700.00,5575.44
2018,07064AA000,Castell (Es),ingres,4,1947741.00,2252321.64
2018,07064AA000,Castell (Es),despesa,1,3289896.17,3261806.48
2018,07064AA000,Castell (Es),despesa,6,3113685.30,718957.49
2018,07064AA000,Castell (Es),ingres,3,1299334.30,562482.12
2018,07064AA000,Castell (Es),ingres,8,323675.39,0
2018,07064AA000,Castell (Es),despesa,2,1772586.61,1726263.63
2018,07064AA000,Castell (Es),ingres,1,3938457.11,4308137.43
2018,07065AA000,Vilafranc de Bonany,ingres,2,62000.00,84895.74
2018,07065AA000,Vilafranc de Bonany,ingres,5,527.46,681.49
2018,07065AA000,Vilafranc de Bonany,despesa,9,122800.00,96219.38
2018,07065AA000,Vilafranc de Bonany,ingres,1,692200.00,870634.88
2018,07065AA000,Vilafranc de Bonany,ingres,3,375000.00,382584.98
2018,07065AA000,Vilafranc de Bonany,ingres,7,428472.54,428472.54
2018,07065AA000,Vilafranc de Bonany,despesa,1,455288.27,452168.79
2018,07065AA000,Vilafranc de Bonany,despesa,2,637061.30,636973.24
2018,07065AA000,Vilafranc de Bonany,despesa,4,673863.02,663978.10
2018,07065AA000,Vilafranc de Bonany,ingres,4,874285.74,948224.85
2018,07065AA000,Vilafranc de Bonany,ingres,8,13603.01,0
2018,07065AA000,Vilafranc de Bonany,despesa,3,17300.00,14394.54
2018,07065AA000,Vilafranc de Bonany,despesa,6,539776.16,539310.62
2018,07040AA000,Palma,despesa,9,69585505.56,69503628.66
2018,07040AA000,Palma,ingres,1,187702773.68,189760906.32
2018,07040AA000,Palma,ingres,7,12052266.98,12984550.85
2018,07040AA000,Palma,despesa,4,81197084.12,73925861.95
2018,07040AA000,Palma,despesa,1,141127747.17,138082498.99
2018,07040AA000,Palma,despesa,7,10437847.56,3495182.75
2018,07040AA000,Palma,despesa,2,133068239.95,118170172.98
2018,07040AA000,Palma,despesa,3,11514722.71,10479976.23
2018,07040AA000,Palma,despesa,6,29507002.45,13186968.46
2018,07040AA000,Palma,ingres,8,61650528.61,10833649.03
2018,07040AA000,Palma,despesa,5,978370.18,0
2018,07040AA000,Palma,despesa,8,1200000.00,1196669.71
2018,07040AA000,Palma,ingres,2,24343004.40,27391350.71
2018,07040AA000,Palma,ingres,3,101149888.02,107383570.47
2018,07040AA000,Palma,ingres,6,0,35137.92
2018,07040AA000,Palma,ingres,5,4561500.00,4894230.46
2018,07040AA000,Palma,ingres,4,87156558.01,87285518.86
2018,07040AV001,Inst. M. l'Esport,despesa,4,166500.00,5559.26
2018,07040AV001,Inst. M. l'Esport,ingres,8,1552570.89,60355.62
2018,07040AV001,Inst. M. l'Esport,ingres,5,228991.50,202489.25
2018,07040AV001,Inst. M. l'Esport,despesa,8,100000.00,83900.00
2018,07040AV001,Inst. M. l'Esport,despesa,1,4951333.98,4589516.61
2018,07040AV001,Inst. M. l'Esport,despesa,2,10491334.92,9854794.70
2018,07040AV001,Inst. M. l'Esport,ingres,7,3935459.53,1228322.23
2018,07040AV001,Inst. M. l'Esport,ingres,3,4454258.24,4248565.55
2018,07040AV001,Inst. M. l'Esport,ingres,6,0,1643.88
2018,07040AV001,Inst. M. l'Esport,ingres,4,10935919.16,10370000.00
2018,07040AV001,Inst. M. l'Esport,despesa,7,500000.00,0
2018,07040AV001,Inst. M. l'Esport,despesa,3,10000.00,3008.60
2018,07040AV001,Inst. M. l'Esport,despesa,6,4888030.42,2317363.26
2018,07040AV002,P. M. d'Escoles d'Infants,despesa,2,3608812.75,3361449.60
2018,07040AV002,P. M. d'Escoles d'Infants,despesa,4,270050.00,227358.30
2018,07040AV002,P. M. d'Escoles d'Infants,ingres,4,6679500.00,5705672.34
2018,07040AV002,P. M. d'Escoles d'Infants,ingres,7,435314.43,112081.37
2018,07040AV002,P. M. d'Escoles d'Infants,ingres,8,11000.00,3000.00
2018,07040AV002,P. M. d'Escoles d'Infants,ingres,5,20.00,0
2018,07040AV002,P. M. d'Escoles d'Infants,despesa,6,435314.43,112081.37
2018,07040AV002,P. M. d'Escoles d'Infants,despesa,1,3591539.32,3231338.31
2018,07040AV002,P. M. d'Escoles d'Infants,despesa,8,11000.00,3000.00
2018,07040AV002,P. M. d'Escoles d'Infants,ingres,3,790882.07,1126979.81
2018,07040AV004,P. M. l'Habitatge,despesa,8,93000.00,7000.00
2018,07040AV004,P. M. l'Habitatge,despesa,1,1766215.54,1639835.21
2018,07040AV004,P. M. l'Habitatge,ingres,4,1806171.82,1001993.89
2018,07040AV004,P. M. l'Habitatge,ingres,7,2574131.88,157512.80
2018,07040AV004,P. M. l'Habitatge,despesa,3,1712.28,321.60
2018,07040AV004,P. M. l'Habitatge,despesa,4,275000.00,161367.74
2018,07040AV004,P. M. l'Habitatge,despesa,9,78526.00,78525.11
2018,07040AV004,P. M. l'Habitatge,ingres,5,750000.00,1025023.35
2018,07040AV004,P. M. l'Habitatge,ingres,8,277347.07,7004.00
2018,07040AV004,P. M. l'Habitatge,despesa,2,608250.00,405915.03
2018,07040AV004,P. M. l'Habitatge,despesa,7,1007844.12,78042.54
2018,07040AV004,P. M. l'Habitatge,ingres,3,95006.00,106853.15
2018,07040AV004,P. M. l'Habitatge,despesa,6,1672108.83,176435.93
2018,07040AV009,Inst. M. Form. Ocupacional i Feina,ingres,3,36000.00,13603.81
2018,07040AV009,Inst. M. Form. Ocupacional i Feina,ingres,7,155050.00,128744.23
2018,07040AV009,Inst. M. Form. Ocupacional i Feina,despesa,1,6519626.18,4649102.42
2018,07040AV009,Inst. M. Form. Ocupacional i Feina,despesa,8,20000.00,13320.00
2018,07040AV009,Inst. M. Form. Ocupacional i Feina,ingres,4,7210821.35,5892309.76
2018,07040AV009,Inst. M. Form. Ocupacional i Feina,despesa,3,1565.16,0
2018,07040AV009,Inst. M. Form. Ocupacional i Feina,despesa,6,45050.00,31722.34
2018,07040AV009,Inst. M. Form. Ocupacional i Feina,despesa,7,100000.00,97021.89
2018,07040AV009,Inst. M. Form. Ocupacional i Feina,despesa,4,73404.00,59471.47
2018,07040AV009,Inst. M. Form. Ocupacional i Feina,despesa,2,1120451.01,595086.45
2018,07040AV009,Inst. M. Form. Ocupacional i Feina,ingres,5,6300.00,49096.00
2018,07040AV009,Inst. M. Form. Ocupacional i Feina,ingres,8,471925.00,12561.20
2018,07062AA000,Son Servera,despesa,2,7627321.85,7142501.14
2018,07062AA000,Son Servera,despesa,8,60000.00,56400.00
2018,07062AA000,Son Servera,ingres,3,3968267.55,3672337.63
2018,07062AA000,Son Servera,ingres,4,2585254.75,2611706.28
2018,07062AA000,Son Servera,ingres,5,518798.21,639734.17
2018,07062AA000,Son Servera,despesa,7,135000.00,125338.64
2018,07062AA000,Son Servera,ingres,7,798422.78,733579.24
2018,07062AA000,Son Servera,despesa,1,5290797.27,5074372.34
2018,07062AA000,Son Servera,ingres,2,211285.64,278298.06
2018,07062AA000,Son Servera,despesa,6,2650526.78,970282.13
2018,07062AA000,Son Servera,despesa,9,1340843.77,1232045.47
2018,07062AA000,Son Servera,ingres,8,1507788.43,56400.00
2018,07062AA000,Son Servera,ingres,1,8287509.46,8512820.24
2018,07062AA000,Son Servera,despesa,3,384736.76,292773.00
2018,07062AA000,Son Servera,despesa,4,388100.39,358961.55
2018,07003AV001,P. M. D'Esports,despesa,6,52530.00,48521.92
2018,07003AV001,P. M. D'Esports,despesa,3,100.00,0
2018,07003AV001,P. M. D'Esports,despesa,4,61000.00,54110.45
2018,07003AV001,P. M. D'Esports,despesa,1,300826.00,286603.75
2018,07003AV001,P. M. D'Esports,despesa,2,464035.00,381727.12
2018,07003AV001,P. M. D'Esports,ingres,4,665541.00,594402.35
2018,07003AV001,P. M. D'Esports,ingres,5,3920.00,1905.00
2018,07003AV001,P. M. D'Esports,ingres,7,52530.00,48521.92
2018,07003AV001,P. M. D'Esports,ingres,3,156500.00,126133.97
2018,07003AV003,Emisora Alcúdia Radio,despesa,6,19583.00,18942.26
2018,07003AV003,Emisora Alcúdia Radio,ingres,5,10.00,1.02
2018,07003AV003,Emisora Alcúdia Radio,ingres,4,163801.00,160676.45
2018,07003AV003,Emisora Alcúdia Radio,despesa,2,22841.00,20940.75
2018,07003AV003,Emisora Alcúdia Radio,ingres,7,19583.00,18942.26
2018,07003AV003,Emisora Alcúdia Radio,ingres,3,0,653.74
2018,07003AV003,Emisora Alcúdia Radio,despesa,1,140920.00,140382.96
2018,07003AV003,Emisora Alcúdia Radio,despesa,3,50.00,7.50
2018,07014AA000,Capdepera,despesa,3,27215.93,17845.37
2018,07014AA000,Capdepera,ingres,3,8042708.40,6239389.51
2018,07014AA000,Capdepera,ingres,4,2794000.00,2816051.11
2018,07014AA000,Capdepera,despesa,6,9009621.10,1342565.80
2018,07014AA000,Capdepera,despesa,5,339.76,0
2018,07014AA000,Capdepera,ingres,8,5417550.85,0
2018,07014AA000,Capdepera,ingres,1,8825000.00,9353423.04
2018,07014AA000,Capdepera,despesa,7,1396250.24,360000.00
2018,07014AA000,Capdepera,ingres,2,655000.00,1077759.21
2018,07014AA000,Capdepera,ingres,7,966447.87,589645.59
2018,07014AA000,Capdepera,despesa,1,5766841.03,5689579.50
2018,07014AA000,Capdepera,despesa,4,4562198.50,4111917.49
2018,07014AA000,Capdepera,despesa,2,5229240.56,4976011.73
2018,07014AA000,Capdepera,despesa,9,1970000.00,1949918.47
2018,07014AA000,Capdepera,ingres,5,1261000.00,1226230.06
2018,07026AV001,P. M. Deportes,ingres,8,7107.49,7107.49
2018,07026AV001,P. M. Deportes,despesa,3,4000.00,2334.95
2018,07026AV001,P. M. Deportes,ingres,4,1909990.00,1909990.00
2018,07026AV001,P. M. Deportes,despesa,4,350000.00,330105.12
2018,07026AV001,P. M. Deportes,ingres,3,420690.94,435957.08
2018,07026AV001,P. M. Deportes,despesa,1,1162133.47,1146341.57
2018,07026AV001,P. M. Deportes,despesa,8,7107.49,7107.49
2018,07026AV001,P. M. Deportes,despesa,2,814547.47,770382.34
2018,07026AV001,P. M. Deportes,ingres,5,0,12.20
2018,07026AV001,P. M. Deportes,despesa,6,5000.00,3944.96
2018,07026AV001,P. M. Deportes,ingres,7,5000.00,3944.96
2018,07026AV002,P. M. Música,ingres,3,57085.00,62470.05
2018,07026AV002,P. M. Música,despesa,4,2000.00,1500.00
2018,07026AV002,P. M. Música,despesa,3,700.00,652.63
2018,07026AV002,P. M. Música,despesa,6,3500.00,3444.74
2018,07026AV002,P. M. Música,despesa,8,10.00,0
2018,07026AV002,P. M. Música,despesa,1,396113.20,343040.81
2018,07026AV002,P. M. Música,despesa,2,253251.80,234090.20
2018,07026AV002,P. M. Música,ingres,7,3500.00,3444.74
2018,07026AV002,P. M. Música,ingres,4,594980.00,516813.59
2018,07026AV002,P. M. Música,ingres,8,10.00,0
2018,07032AA000,Maó,ingres,6,0,45464.16
2018,07032AA000,Maó,ingres,9,2500000.00,0
2018,07032AA000,Maó,despesa,3,306893.00,188569.82
2018,07032AA000,Maó,despesa,4,4080250.12,3515406.16
2018,07032AA000,Maó,ingres,4,9983480.84,10336014.72
2018,07032AA000,Maó,ingres,5,289900.00,320907.00
2018,07032AA000,Maó,ingres,8,6265622.29,49880.31
2018,07032AA000,Maó,despesa,6,10147387.36,5069426.85
2018,07032AA000,Maó,despesa,7,1537360.39,907363.28
2018,07032AA000,Maó,despesa,8,60000.00,49880.31
2018,07032AA000,Maó,despesa,9,1529789.00,1529019.47
2018,07032AA000,Maó,ingres,3,7010170.57,5251351.62
2018,07032AA000,Maó,despesa,2,14017784.93,10438679.96
2018,07032AA000,Maó,ingres,2,172600.00,186384.21
2018,07032AA000,Maó,ingres,7,3032503.49,2197820.34
2018,07032AA000,Maó,despesa,1,14736024.39,13783351.46
2018,07032AA000,Maó,ingres,1,17781000.00,18041306.90
2018,07011AO001,"Inst. M. de Educación y Bibliotecas, IMEB -Calvià",despesa,1,4651699.44,4641739.57
2018,07011AO001,"Inst. M. de Educación y Bibliotecas, IMEB -Calvià",despesa,6,166000.00,108732.95
2018,07011AO001,"Inst. M. de Educación y Bibliotecas, IMEB -Calvià",ingres,3,1444308.49,1486913.69
2018,07011AO001,"Inst. M. de Educación y Bibliotecas, IMEB -Calvià",ingres,8,496924.97,11143.52
2018,07011AO001,"Inst. M. de Educación y Bibliotecas, IMEB -Calvià",despesa,2,2132647.75,2012753.60
2018,07011AO001,"Inst. M. de Educación y Bibliotecas, IMEB -Calvià",despesa,4,193600.00,178759.00
2018,07011AO001,"Inst. M. de Educación y Bibliotecas, IMEB -Calvià",ingres,5,5100.00,98.36
2018,07011AO001,"Inst. M. de Educación y Bibliotecas, IMEB -Calvià",despesa,8,22000.00,11143.52
2018,07011AO001,"Inst. M. de Educación y Bibliotecas, IMEB -Calvià",ingres,4,5219613.73,5219613.73
2018,07002AA000,Alaior,despesa,3,64796.56,30414.00
2018,07002AA000,Alaior,despesa,4,593856.72,436106.64
2018,07002AA000,Alaior,ingres,2,148115.31,242496.47
2018,07002AA000,Alaior,ingres,4,2969747.22,3167227.97
2018,07002AA000,Alaior,despesa,5,81479.51,0
2018,07002AA000,Alaior,ingres,7,1668325.64,1121310.10
2018,07002AA000,Alaior,despesa,1,4305243.05,4147410.17
2018,07002AA000,Alaior,despesa,9,1348709.19,1321299.57
2018,07002AA000,Alaior,ingres,3,1994659.67,2494477.80
2018,07002AA000,Alaior,ingres,8,3398894.73,5542.27
2018,07002AA000,Alaior,ingres,5,593403.80,755372.66
2018,07002AA000,Alaior,ingres,1,4936125.38,5395977.57
2018,07002AA000,Alaior,despesa,8,10000.00,5542.27
2018,07002AA000,Alaior,despesa,2,4774975.97,4412473.26
2018,07002AA000,Alaior,despesa,6,4407543.75,2094101.55
2018,07002AA000,Alaior,despesa,7,122667.00,113542.28
2018,07011AA000,Calvià,despesa,8,240001.00,234266.00
2018,07011AA000,Calvià,despesa,6,24894922.48,5686070.78
2018,07011AA000,Calvià,ingres,2,2376500.00,7193345.09
2018,07011AA000,Calvià,despesa,1,33959765.69,33915928.92
2018,07011AA000,Calvià,despesa,3,779990.00,333395.37
2018,07011AA000,Calvià,ingres,1,51685000.00,53292379.27
2018,07011AA000,Calvià,despesa,4,26387513.51,26064240.31
2018,07011AA000,Calvià,despesa,2,17060297.22,15158176.83
2018,07011AA000,Calvià,despesa,7,4965100.00,4795190.31
2018,07011AA000,Calvià,ingres,5,4351001.00,4255546.74
2018,07011AA000,Calvià,ingres,6,2000.00,0
2018,07011AA000,Calvià,ingres,3,7611201.71,10289887.43
2018,07011AA000,Calvià,despesa,9,3930000.00,3928893.14
2018,07011AA000,Calvià,ingres,4,21621996.91,20851093.39
2018,07011AA000,Calvià,ingres,7,3325657.83,758969.61
2018,07011AA000,Calvià,ingres,8,21244232.45,234266.00
2018,07033AV002,P. l'Escola M. de Mallorqui,ingres,3,20000.00,23992.64
2018,07033AV002,P. l'Escola M. de Mallorqui,despesa,6,4773.75,4773.75
2018,07033AV002,P. l'Escola M. de Mallorqui,ingres,7,4773.75,4773.75
2018,07033AV002,P. l'Escola M. de Mallorqui,despesa,3,30.05,0
2018,07033AV002,P. l'Escola M. de Mallorqui,despesa,2,79902.50,60038.97
2018,07033AV002,P. l'Escola M. de Mallorqui,ingres,5,6.01,0
2018,07033AV002,P. l'Escola M. de Mallorqui,ingres,4,59926.54,59926.54
2018,07033AO002,Institució Pública Antoni M. Alcover,despesa,2,69000.00,68926.15
2018,07033AO002,Institució Pública Antoni M. Alcover,despesa,6,5000.00,4988.32
2018,07033AO002,Institució Pública Antoni M. Alcover,ingres,7,5000.00,5000.00
2018,07033AO002,Institució Pública Antoni M. Alcover,ingres,4,69000.00,69000.00
2018,07033AO002,Institució Pública Antoni M. Alcover,ingres,5,0,45.71
2018,07044AA000,Pobla (Sa),despesa,9,1327815.30,1327814.58
2018,07044AA000,Pobla (Sa),ingres,5,12570.91,14022.38
2018,07044AA000,Pobla (Sa),ingres,6,57639.40,62102.00
2018,07044AA000,Pobla (Sa),despesa,3,1611470.04,1286315.29
2018,07044AA000,Pobla (Sa),despesa,4,335662.22,240828.39
2018,07044AA000,Pobla (Sa),despesa,2,5604714.74,5556446.81
2018,07044AA000,Pobla (Sa),despesa,6,4784873.89,2939108.26
2018,07044AA000,Pobla (Sa),despesa,1,4438756.21,4329728.35
2018,07044AA000,Pobla (Sa),despesa,7,210464.65,210463.87
2018,07044AA000,Pobla (Sa),ingres,4,4814059.53,5012178.82
2018,07044AA000,Pobla (Sa),ingres,8,1687159.49,0
2018,07044AA000,Pobla (Sa),ingres,1,4644235.08,4630636.79
2018,07044AA000,Pobla (Sa),ingres,7,2895597.52,2888096.54
2018,07044AA000,Pobla (Sa),ingres,9,177000.00,0
2018,07044AA000,Pobla (Sa),ingres,3,3865495.15,3755976.81
2018,07044AA000,Pobla (Sa),ingres,2,160000.00,276159.65
2018,07901AA000,Ariany,despesa,1,280874.79,232049.08
2018,07901AA000,Ariany,ingres,1,291700.00,439816.26
2018,07901AA000,Ariany,ingres,7,849395.48,269297.00
2018,07901AA000,Ariany,ingres,2,135343.00,52546.79
2018,07901AA000,Ariany,despesa,6,985319.65,297922.35
2018,07901AA000,Ariany,ingres,4,370133.31,422783.73
2018,07901AA000,Ariany,ingres,5,20.00,1.24
2018,07901AA000,Ariany,despesa,3,800.00,764.92
2018,07901AA000,Ariany,despesa,4,117052.60,108902.68
2018,07901AA000,Ariany,despesa,2,440541.86,395639.65
2018,07901AA000,Ariany,ingres,8,17740.88,0
2018,07901AA000,Ariany,ingres,3,160256.23,267331.05
2018,07001AA000,Alaró,despesa,2,1295767.47,1156130.58
2018,07001AA000,Alaró,ingres,7,499664.28,169972.57
2018,07001AA000,Alaró,ingres,4,1777567.13,1688531.46
2018,07001AA000,Alaró,despesa,6,2196963.78,853904.75
2018,07001AA000,Alaró,despesa,7,52400.00,51653.66
2018,07001AA000,Alaró,ingres,2,201100.00,180266.19
2018,07001AA000,Alaró,ingres,1,1889700.00,1897432.97
2018,07001AA000,Alaró,despesa,9,1094157.38,1094059.47
2018,07001AA000,Alaró,despesa,1,2187189.32,2113364.71
2018,07001AA000,Alaró,ingres,3,798800.00,802768.54
2018,07001AA000,Alaró,ingres,5,41700.00,39801.08
2018,07001AA000,Alaró,ingres,8,2004078.54,0
2018,07001AA000,Alaró,despesa,3,24832.00,22116.11
2018,07001AA000,Alaró,despesa,4,358400.00,319503.29
2018,07015AV003,P. Esc. Infantiles,despesa,2,530800.00,515339.73
2018,07015AV003,P. Esc. Infantiles,ingres,5,0,33.20
2018,07015AV003,P. Esc. Infantiles,ingres,7,30000.00,0
2018,07015AV003,P. Esc. Infantiles,despesa,6,66968.20,35119.79
2018,07015AV003,P. Esc. Infantiles,ingres,8,36968.20,0
2018,07015AV003,P. Esc. Infantiles,ingres,3,215000.00,216047.96
2018,07015AV003,P. Esc. Infantiles,ingres,4,750000.00,795565.53
2018,07015AV003,P. Esc. Infantiles,despesa,1,434200.00,415487.77
2018,07023AA000,Ferreries,despesa,9,281850.00,280885.87
2018,07023AA000,Ferreries,despesa,6,2797855.96,893563.00
2018,07023AA000,Ferreries,ingres,2,62000.00,58356.72
2018,07023AA000,Ferreries,ingres,3,583502.00,622366.04
2018,07023AA000,Ferreries,despesa,1,2157332.48,2123417.31
2018,07023AA000,Ferreries,ingres,5,728503.00,726789.98
2018,07023AA000,Ferreries,ingres,4,1950895.83,1965723.13
2018,07023AA000,Ferreries,ingres,7,1880049.33,706767.97
2018,07023AA000,Ferreries,ingres,8,877936.01,24247.00
2018,07023AA000,Ferreries,despesa,7,14452.79,10252.79
2018,07023AA000,Ferreries,ingres,1,2261500.00,2321922.81
2018,07023AA000,Ferreries,despesa,2,2117379.56,1967475.16
2018,07023AA000,Ferreries,despesa,3,175615.38,3163.93
2018,07023AA000,Ferreries,despesa,4,759900.00,669690.68
2018,07023AA000,Ferreries,despesa,8,40000.00,24247.00
2018,07043AA000,Porreres,despesa,6,1650087.76,297333.14
2018,07043AA000,Porreres,despesa,9,246406.24,245841.20
2018,07043AA000,Porreres,ingres,3,249127.08,252871.28
2018,07043AA000,Porreres,ingres,8,12500.00,0
2018,07043AA000,Porreres,despesa,3,14101.55,13990.34
2018,07043AA000,Porreres,despesa,2,1487987.43,1438060.34
2018,07043AA000,Porreres,ingres,2,201000.00,171462.77
2018,07043AA000,Porreres,despesa,5,17609.92,0
2018,07043AA000,Porreres,ingres,4,1508538.75,1506415.99
2018,07043AA000,Porreres,ingres,7,1542952.55,235860.15
2018,07043AA000,Porreres,despesa,4,478708.00,457548.55
2018,07043AA000,Porreres,despesa,7,47734.53,47734.53
2018,07043AA000,Porreres,despesa,1,1174122.95,1138002.11
2018,07043AA000,Porreres,ingres,1,1654500.00,1562272.83
2018,07043AA000,Porreres,ingres,5,15050.00,14290.01
2018,07056AV001,P. Res. Pers. Majors. Cas Metge Rei,ingres,3,475200.00,528362.50
2018,07056AV001,P. Res. Pers. Majors. Cas Metge Rei,ingres,4,180000.00,176896.00
2018,07056AV001,P. Res. Pers. Majors. Cas Metge Rei,ingres,5,130.00,0
2018,07056AV001,P. Res. Pers. Majors. Cas Metge Rei,ingres,8,93160.44,0
2018,07056AV001,P. Res. Pers. Majors. Cas Metge Rei,despesa,1,516682.06,511899.45
2018,07056AV001,P. Res. Pers. Majors. Cas Metge Rei,despesa,2,200127.09,199876.35
2018,07056AV001,P. Res. Pers. Majors. Cas Metge Rei,despesa,3,200.00,0
2018,07056AV001,P. Res. Pers. Majors. Cas Metge Rei,despesa,6,31481.29,31481.29
2018,07001DD000,Consejo Insular de Ibiza,despesa,8,258218.00,239821.12
2018,07001DD000,Consejo Insular de Ibiza,ingres,8,5209121.64,220027.28
2018,07001DD000,Consejo Insular de Ibiza,despesa,4,18719507.72,12400062.99
2018,07001DD000,Consejo Insular de Ibiza,despesa,6,43352980.89,6558706.43
2018,07001DD000,Consejo Insular de Ibiza,ingres,1,1950000.00,2663672.96
2018,07001DD000,Consejo Insular de Ibiza,ingres,4,67439793.56,66409881.04
2018,07001DD000,Consejo Insular de Ibiza,ingres,5,192750.00,373466.49
2018,07001DD000,Consejo Insular de Ibiza,despesa,7,10310734.71,5278654.73
2018,07001DD000,Consejo Insular de Ibiza,ingres,2,2765570.00,3148580.60
2018,07001DD000,Consejo Insular de Ibiza,despesa,2,24080760.51,15331531.22
2018,07001DD000,Consejo Insular de Ibiza,despesa,1,29543193.31,28245694.75
2018,07001DD000,Consejo Insular de Ibiza,ingres,3,6277164.07,6501104.01
2018,07001DD000,Consejo Insular de Ibiza,despesa,3,120570.99,58515.63
2018,07001DD000,Consejo Insular de Ibiza,ingres,9,200000.00,103197.38
2018,07001DD000,Consejo Insular de Ibiza,despesa,9,863135.21,436043.40
2018,07001DD000,Consejo Insular de Ibiza,ingres,7,43214702.07,7604265.04
2018,07002DD000,Consejo Insular de Mallorca,despesa,3,3467613.58,2829957.92
2018,07002DD000,Consejo Insular de Mallorca,ingres,6,4319584.00,0
2018,07002DD000,Consejo Insular de Mallorca,despesa,4,210158946.80,205612051.43
2018,07002DD000,Consejo Insular de Mallorca,despesa,7,69594642.78,47395662.65
2018,07002DD000,Consejo Insular de Mallorca,despesa,9,6192500.00,4619503.64
2018,07002DD000,Consejo Insular de Mallorca,ingres,7,161740080.68,50357910.97
2018,07002DD000,Consejo Insular de Mallorca,ingres,2,15638386.34,18338266.06
2018,07002DD000,Consejo Insular de Mallorca,despesa,1,69746239.26,67680509.09
2018,07002DD000,Consejo Insular de Mallorca,despesa,6,263403621.18,71327812.04
2018,07002DD000,Consejo Insular de Mallorca,ingres,3,9470121.00,15012464.34
2018,07002DD000,Consejo Insular de Mallorca,ingres,5,2756967.22,2760544.05
2018,07002DD000,Consejo Insular de Mallorca,ingres,1,14036060.27,15968633.89
2018,07002DD000,Consejo Insular de Mallorca,ingres,4,328996214.15,342279141.92
2018,07002DD000,Consejo Insular de Mallorca,despesa,8,100000.00,67577.00
2018,07002DD000,Consejo Insular de Mallorca,despesa,5,2000000.00,0
2018,07002DD000,Consejo Insular de Mallorca,ingres,8,140943357.44,67577.36
2018,07002DD000,Consejo Insular de Mallorca,despesa,2,53237207.50,34324392.60
2018,07002DV001,Inst. l'Esport Hipic,despesa,4,1285611.00,1027159.10
2018,07002DV001,Inst. l'Esport Hipic,despesa,8,5000.00,2078.16
2018,07002DV001,Inst. l'Esport Hipic,ingres,3,276000.00,256849.74
2018,07002DV001,Inst. l'Esport Hipic,ingres,8,5140.18,2078.16
2018,07002DV001,Inst. l'Esport Hipic,ingres,7,990000.00,990000.00
2018,07002DV001,Inst. l'Esport Hipic,ingres,4,2582400.00,2560044.00
2018,07002DV001,Inst. l'Esport Hipic,ingres,5,339874.86,337775.81
2018,07002DV001,Inst. l'Esport Hipic,despesa,1,1121142.65,986362.31
2018,07002DV001,Inst. l'Esport Hipic,despesa,2,788661.39,531520.78
2018,07002DV001,Inst. l'Esport Hipic,despesa,3,3000.00,1229.57
2018,07002DV001,Inst. l'Esport Hipic,despesa,6,990000.00,169060.21
2018,07002DV003,Inst.  Mallorquí d'Afers Socials,despesa,3,303500.00,301035.86
2018,07002DV003,Inst.  Mallorquí d'Afers Socials,despesa,8,125000.00,67832.16
2018,07002DV003,Inst.  Mallorquí d'Afers Socials,despesa,6,14422755.20,4218107.03
2018,07002DV003,Inst.  Mallorquí d'Afers Socials,ingres,7,8085884.11,6085884.11
2018,07002DV003,Inst.  Mallorquí d'Afers Socials,despesa,4,28238670.46,26769033.99
2018,07002DV003,Inst.  Mallorquí d'Afers Socials,ingres,3,6075480.85,6906312.48
2018,07002DV003,Inst.  Mallorquí d'Afers Socials,ingres,5,28519.81,22331.32
2018,07002DV003,Inst.  Mallorquí d'Afers Socials,despesa,2,94103576.65,81600568.39
2018,07002DV003,Inst.  Mallorquí d'Afers Socials,despesa,1,66181556.00,65300678.23
2018,07002DV003,Inst.  Mallorquí d'Afers Socials,despesa,7,17770443.69,10864243.09
2018,07002DV003,Inst.  Mallorquí d'Afers Socials,ingres,4,182708533.78,183265278.97
2018,07002DV003,Inst.  Mallorquí d'Afers Socials,ingres,8,24247083.45,95047.76
2018,07003DD000,Consejo Insular de Menorca,ingres,1,1155078.02,1240015.92
2018,07003DD000,Consejo Insular de Menorca,despesa,1,21919289.94,20821249.35
2018,07003DD000,Consejo Insular de Menorca,ingres,2,1668480.89,1535578.06
2018,07003DD000,Consejo Insular de Menorca,ingres,3,2516530.35,1981074.00
2018,07003DD000,Consejo Insular de Menorca,ingres,7,25572972.34,7540016.41
2018,07003DD000,Consejo Insular de Menorca,ingres,6,0,0
2018,07003DD000,Consejo Insular de Menorca,ingres,5,164744.68,246522.32
2018,07003DD000,Consejo Insular de Menorca,ingres,8,29669382.36,162302.04
2018,07003DD000,Consejo Insular de Menorca,despesa,7,28539059.83,13218154.76
2018,07003DD000,Consejo Insular de Menorca,despesa,8,275000.00,100828.00
2018,07003DD000,Consejo Insular de Menorca,despesa,5,300000.00,0
2018,07003DD000,Consejo Insular de Menorca,despesa,3,897303.33,890569.63
2018,07003DD000,Consejo Insular de Menorca,despesa,4,21234891.86,18796050.34
2018,07003DD000,Consejo Insular de Menorca,despesa,9,4763369.12,4763369.12
2018,07003DD000,Consejo Insular de Menorca,ingres,4,63749056.06,64017880.96
2018,07003DD000,Consejo Insular de Menorca,despesa,6,39294414.30,13773302.63
2018,07003DD000,Consejo Insular de Menorca,ingres,9,5992323.72,0
2018,07003DD000,Consejo Insular de Menorca,despesa,2,13265240.04,11357162.17
2018,07002MM000,Mc. Pla de Mallorca,ingres,5,2500.00,1143.70
2018,07002MM000,Mc. Pla de Mallorca,ingres,4,5269550.96,6297000.57
2018,07002MM000,Mc. Pla de Mallorca,despesa,1,786521.67,769290.55
2018,07002MM000,Mc. Pla de Mallorca,despesa,6,528700.00,25925.78
2018,07002MM000,Mc. Pla de Mallorca,despesa,9,812068.21,720510.77
2018,07002MM000,Mc. Pla de Mallorca,ingres,3,1232500.00,1347471.41
2018,07002MM000,Mc. Pla de Mallorca,despesa,3,30000.00,6991.77
2018,07002MM000,Mc. Pla de Mallorca,despesa,4,234252.21,233694.63
2018,07002MM000,Mc. Pla de Mallorca,ingres,8,660468.21,0
2018,07002MM000,Mc. Pla de Mallorca,despesa,2,5418173.00,4605968.22
2018,07002MM000,Mc. Pla de Mallorca,ingres,7,644695.92,78821.67
2018,07003MM000,Mc. Migjorn de Mallorca,despesa,6,187500.00,77286.79
2018,07003MM000,Mc. Migjorn de Mallorca,ingres,5,10000.00,731.08
2018,07003MM000,Mc. Migjorn de Mallorca,despesa,1,715298.29,539217.42
2018,07003MM000,Mc. Migjorn de Mallorca,ingres,3,1222553.89,1545095.98
2018,07003MM000,Mc. Migjorn de Mallorca,despesa,3,2500.00,413.25
2018,07003MM000,Mc. Migjorn de Mallorca,ingres,8,185000.00,0
2018,07003MM000,Mc. Migjorn de Mallorca,despesa,2,531660.00,408038.75
2018,07003MM000,Mc. Migjorn de Mallorca,despesa,4,4600.00,4533.38
2018,07003MM000,Mc. Migjorn de Mallorca,ingres,4,24004.40,24014.40
2018,07035AA000,Maria de la Salut,ingres,8,306861.43,0
2018,07035AA000,Maria de la Salut,despesa,1,693803.29,618088.97
2018,07035AA000,Maria de la Salut,despesa,6,493607.01,330584.42
2018,07035AA000,Maria de la Salut,ingres,3,306830.61,360819.40
2018,07035AA000,Maria de la Salut,despesa,2,946179.60,645507.20
2018,07035AA000,Maria de la Salut,ingres,5,12484.71,16065.92
2018,07035AA000,Maria de la Salut,ingres,7,430755.27,275714.89
2018,07035AA000,Maria de la Salut,despesa,3,3300.00,3094.26
2018,07035AA000,Maria de la Salut,ingres,1,651827.34,610766.32
2018,07035AA000,Maria de la Salut,despesa,9,80249.64,57882.04
2018,07035AA000,Maria de la Salut,despesa,4,152778.71,150316.46
2018,07035AA000,Maria de la Salut,ingres,2,25000.00,11205.79
2018,07035AA000,Maria de la Salut,ingres,4,636158.89,688424.95
2018,07040AV006,Instituto Municipal Innovación  (IMI),ingres,5,50.00,0
2018,07040AV006,Instituto Municipal Innovación  (IMI),ingres,4,9956393.70,8215398.49
2018,07040AV006,Instituto Municipal Innovación  (IMI),despesa,2,4841114.55,4227155.42
2018,07040AV006,Instituto Municipal Innovación  (IMI),despesa,3,1652.44,1652.44
2018,07040AV006,Instituto Municipal Innovación  (IMI),despesa,8,60000.00,16977.58
2018,07040AV006,Instituto Municipal Innovación  (IMI),ingres,7,908944.58,515216.87
2018,07040AV006,Instituto Municipal Innovación  (IMI),ingres,8,60000.00,16977.58
2018,07040AV006,Instituto Municipal Innovación  (IMI),despesa,1,5170552.68,4010823.57
2018,07040AV006,Instituto Municipal Innovación  (IMI),ingres,3,56875.97,57007.21
2018,07040AV006,Instituto Municipal Innovación  (IMI),despesa,6,908944.58,515216.87
2018,07059AA000,Salines (Ses),ingres,8,968694.19,0
2018,07059AA000,Salines (Ses),despesa,9,364111.10,358599.22
2018,07059AA000,Salines (Ses),ingres,4,1231342.69,1369367.55
2018,07059AA000,Salines (Ses),despesa,6,2412680.12,1024108.13
2018,07059AA000,Salines (Ses),ingres,1,3155629.74,3256377.02
2018,07059AA000,Salines (Ses),despesa,5,100000.00,0
2018,07059AA000,Salines (Ses),despesa,3,23250.00,19120.32
2018,07059AA000,Salines (Ses),despesa,7,67984.49,67984.49
2018,07059AA000,Salines (Ses),ingres,3,1674774.50,1943717.16
2018,07059AA000,Salines (Ses),ingres,7,1180680.80,665099.05
2018,07059AA000,Salines (Ses),ingres,5,206800.00,228456.61
2018,07059AA000,Salines (Ses),despesa,2,2829783.73,2747693.33
2018,07059AA000,Salines (Ses),despesa,1,2475827.47,2173494.54
2018,07059AA000,Salines (Ses),despesa,4,294285.01,246490.22
2018,07059AA000,Salines (Ses),ingres,2,150000.00,162286.27
2018,07033AO001,Institut Públic del Teatre Municipal,ingres,8,111294.35,0
2018,07033AO001,Institut Públic del Teatre Municipal,despesa,2,567804.63,519556.88
2018,07033AO001,Institut Públic del Teatre Municipal,ingres,7,30000.00,30000.00
2018,07033AO001,Institut Públic del Teatre Municipal,ingres,4,292950.00,292950.00
2018,07033AO001,Institut Públic del Teatre Municipal,despesa,6,141294.35,127214.15
2018,07033AO001,Institut Públic del Teatre Municipal,ingres,3,274854.63,313956.73
2018,07008AV001,P. M. d'Esports,despesa,4,1.00,1.00
2018,07008AV001,P. M. d'Esports,ingres,4,1.00,1.00
2018,07013AA000,Campos,despesa,4,126135.71,111273.07
2018,07013AA000,Campos,ingres,4,2353224.38,2902153.02
2018,07013AA000,Campos,despesa,1,4416784.35,4084891.62
2018,07013AA000,Campos,ingres,2,520200.00,1233353.58
2018,07013AA000,Campos,despesa,7,652700.79,353074.10
2018,07013AA000,Campos,ingres,1,4623737.35,5325207.49
2018,07013AA000,Campos,ingres,8,5413570.92,0
2018,07013AA000,Campos,despesa,3,6000.00,2466.56
2018,07013AA000,Campos,despesa,6,6131985.28,2129866.82
2018,07013AA000,Campos,ingres,3,3859200.00,4293459.17
2018,07013AA000,Campos,ingres,5,715400.00,660162.96
2018,07013AA000,Campos,despesa,2,7537521.82,6583546.97
2018,07013AA000,Campos,ingres,7,1385795.30,1138300.00
2018,07028AA000,Lloret de Vistalegre,ingres,5,6450.00,132.02
2018,07028AA000,Lloret de Vistalegre,ingres,3,218600.00,119774.05
2018,07028AA000,Lloret de Vistalegre,despesa,6,584211.61,579404.81
2018,07028AA000,Lloret de Vistalegre,despesa,4,179050.00,17449.45
2018,07028AA000,Lloret de Vistalegre,ingres,2,60050.00,40860.57
2018,07028AA000,Lloret de Vistalegre,ingres,4,502270.82,588282.50
2018,07028AA000,Lloret de Vistalegre,despesa,1,557803.77,485988.28
2018,07028AA000,Lloret de Vistalegre,ingres,1,416000.00,397419.02
2018,07028AA000,Lloret de Vistalegre,ingres,8,57067.75,0
2018,07028AA000,Lloret de Vistalegre,despesa,2,364302.60,342369.44
2018,07028AA000,Lloret de Vistalegre,despesa,9,37000.00,36871.92
2018,07028AA000,Lloret de Vistalegre,ingres,7,461929.41,458569.62
2018,07029AA000,Lloseta,despesa,4,554349.73,521516.67
2018,07029AA000,Lloseta,despesa,9,323392.88,323392.88
2018,07029AA000,Lloseta,ingres,2,125000.00,91920.60
2018,07029AA000,Lloseta,ingres,9,180500.00,0
2018,07029AA000,Lloseta,despesa,2,2178837.19,1843315.87
2018,07029AA000,Lloseta,ingres,8,343227.29,0
2018,07029AA000,Lloseta,ingres,3,1518633.37,1281926.40
2018,07029AA000,Lloseta,despesa,1,2620625.53,2578746.63
2018,07029AA000,Lloseta,despesa,5,10936.48,0
2018,07029AA000,Lloseta,despesa,3,8345.28,8268.20
2018,07029AA000,Lloseta,despesa,6,832815.79,646173.75
2018,07029AA000,Lloseta,ingres,1,2358000.00,2169020.77
2018,07029AA000,Lloseta,ingres,7,409251.90,389995.73
2018,07029AA000,Lloseta,ingres,4,1571236.64,1696133.43
2018,07029AA000,Lloseta,ingres,5,23453.68,21559.03
2018,07050AA000,Sant Joan de Labritja,ingres,5,2000.00,18.64
2018,07050AA000,Sant Joan de Labritja,despesa,1,1437043.00,1285898.06
2018,07050AA000,Sant Joan de Labritja,ingres,7,1878750.00,349761.94
2018,07050AA000,Sant Joan de Labritja,ingres,8,2397168.92,0
2018,07050AA000,Sant Joan de Labritja,ingres,3,1565183.00,2538247.20
2018,07050AA000,Sant Joan de Labritja,despesa,2,3662439.60,3219300.89
2018,07050AA000,Sant Joan de Labritja,despesa,3,12100.00,7046.26
2018,07050AA000,Sant Joan de Labritja,ingres,2,201067.00,317734.66
2018,07050AA000,Sant Joan de Labritja,despesa,6,4480241.70,1906863.82
2018,07050AA000,Sant Joan de Labritja,ingres,1,2986800.00,4154731.15
2018,07050AA000,Sant Joan de Labritja,despesa,4,526144.62,349450.72
2018,07050AA000,Sant Joan de Labritja,ingres,4,1086000.00,1584015.06
2018,07050AA000,Sant Joan de Labritja,ingres,6,1000.00,0
2018,07063AA000,Valldemossa,despesa,9,359277.44,359275.83
2018,07063AA000,Valldemossa,despesa,1,1688259.29,1526809.42
2018,07063AA000,Valldemossa,despesa,2,1756197.94,1603573.46
2018,07063AA000,Valldemossa,ingres,1,1456509.94,1860038.67
2018,07063AA000,Valldemossa,ingres,4,915745.81,909418.08
2018,07063AA000,Valldemossa,despesa,3,22822.28,21127.39
2018,07063AA000,Valldemossa,despesa,4,228654.94,196338.78
2018,07063AA000,Valldemossa,despesa,6,1160345.70,487873.42
2018,07063AA000,Valldemossa,ingres,5,128300.00,87097.23
2018,07063AA000,Valldemossa,ingres,7,799598.22,799598.22
2018,07063AA000,Valldemossa,ingres,8,287233.62,0
2018,07063AA000,Valldemossa,ingres,3,1428170.00,1670856.21
2018,07063AA000,Valldemossa,ingres,2,200000.00,218199.01
2018,07005AA000,Andratx,despesa,2,11143908.94,8623806.38
2018,07005AA000,Andratx,ingres,2,1500000.00,1889874.63
2018,07005AA000,Andratx,despesa,4,465891.18,356312.99
2018,07005AA000,Andratx,ingres,1,13050837.00,13099970.94
2018,07005AA000,Andratx,ingres,4,2498000.00,2811515.84
2018,07005AA000,Andratx,despesa,5,100.00,0
2018,07005AA000,Andratx,ingres,3,5717152.78,5775426.73
2018,07005AA000,Andratx,ingres,8,4528030.74,8222.17
2018,07005AA000,Andratx,ingres,7,133200.00,540064.08
2018,07005AA000,Andratx,despesa,8,20000.00,20000.00
2018,07005AA000,Andratx,ingres,5,404600.00,326178.46
2018,07005AA000,Andratx,despesa,3,31000.00,3538.44
2018,07005AA000,Andratx,despesa,6,5956723.31,859733.84
2018,07005AA000,Andratx,despesa,7,100000.00,100000.00
2018,07005AA000,Andratx,despesa,1,8887256.65,7825148.34
2018,07003AA000,Alcúdia,ingres,3,7229370.00,8592127.38
2018,07003AA000,Alcúdia,ingres,4,4744982.39,5758617.64
2018,07003AA000,Alcúdia,despesa,2,12727302.21,11479640.29
2018,07003AA000,Alcúdia,despesa,3,5010.00,329.63
2018,07003AA000,Alcúdia,despesa,4,3132918.67,2922454.95
2018,07003AA000,Alcúdia,ingres,8,8340686.37,0
2018,07003AA000,Alcúdia,ingres,2,350000.00,648407.56
2018,07003AA000,Alcúdia,ingres,7,3693222.99,1171868.83
2018,07003AA000,Alcúdia,despesa,7,342835.50,211859.65
2018,07003AA000,Alcúdia,ingres,5,2018189.00,1667415.07
2018,07003AA000,Alcúdia,ingres,1,17861358.00,22642074.10
2018,07003AA000,Alcúdia,despesa,1,8097338.87,7638521.64
2018,07003AA000,Alcúdia,despesa,6,15933434.76,3645411.44
2018,07003AV002,F. Esc. M. Música,ingres,4,268410.00,247274.72
2018,07003AV002,F. Esc. M. Música,despesa,6,16050.00,15987.07
2018,07003AV002,F. Esc. M. Música,ingres,5,10.00,0
2018,07003AV002,F. Esc. M. Música,ingres,3,73000.00,78446.08
2018,07003AV002,F. Esc. M. Música,despesa,1,72300.00,70916.23
2018,07003AV002,F. Esc. M. Música,ingres,7,6510.00,15987.07
2018,07003AV002,F. Esc. M. Música,despesa,2,259550.00,254804.57
2018,07003AV002,F. Esc. M. Música,despesa,3,30.00,0
2018,07039AA000,Muro,ingres,2,300000.00,344117.42
2018,07039AA000,Muro,despesa,1,3443067.55,3440295.63
2018,07039AA000,Muro,despesa,2,6627518.62,6471633.20
2018,07039AA000,Muro,ingres,3,3785142.01,3357421.19
2018,07039AA000,Muro,ingres,4,1811080.99,2170267.98
2018,07039AA000,Muro,ingres,1,4501666.66,4519561.28
2018,07039AA000,Muro,despesa,3,1885.47,1884.97
2018,07039AA000,Muro,despesa,6,2277531.90,1351918.42
2018,07039AA000,Muro,ingres,7,367365.37,601039.18
2018,07039AA000,Muro,despesa,4,293733.76,286138.42
2018,07039AA000,Muro,despesa,7,268733.36,243588.50
2018,07039AA000,Muro,ingres,8,1047801.66,0
2018,07039AA000,Muro,ingres,5,1805493.21,1933157.16
2018,07033AA000,Manacor,ingres,5,629369.30,593433.53
2018,07033AA000,Manacor,despesa,1,15508718.44,15001271.92
2018,07033AA000,Manacor,despesa,8,60100.00,59696.92
2018,07033AA000,Manacor,ingres,8,20907258.11,65390.88
2018,07033AA000,Manacor,despesa,2,17424904.13,15296961.64
2018,07033AA000,Manacor,despesa,9,666996.56,666995.56
2018,07033AA000,Manacor,ingres,3,7688418.68,11765412.50
2018,07033AA000,Manacor,ingres,1,16651085.97,19311529.49
2018,07033AA000,Manacor,ingres,7,963004.16,333628.83
2018,07033AA000,Manacor,despesa,3,1530000.00,1489591.73
2018,07033AA000,Manacor,ingres,2,228768.13,730479.72
2018,07033AA000,Manacor,ingres,4,10972138.03,11860126.11
2018,07033AA000,Manacor,despesa,7,642784.31,640946.63
2018,07033AA000,Manacor,despesa,4,1437614.42,1373190.58
2018,07033AA000,Manacor,despesa,6,20768924.52,14061959.98
2018,07033AV003,P. M. d'Esports,ingres,5,36500.00,35008.45
2018,07033AV003,P. M. d'Esports,despesa,2,399502.34,230585.56
2018,07033AV003,P. M. d'Esports,ingres,4,356598.00,365598.00
2018,07033AV003,P. M. d'Esports,ingres,3,8745.00,4364.86
2018,07033AV003,P. M. d'Esports,ingres,7,231232.73,331220.27
2018,07033AV003,P. M. d'Esports,ingres,8,154519.13,0
2018,07033AV003,P. M. d'Esports,despesa,6,388092.52,120802.23
2018,07011AO002,Oficina Municipal de Tributos de Calvià,despesa,2,359935.00,242694.75
2018,07011AO002,Oficina Municipal de Tributos de Calvià,despesa,8,22000.00,5500.00
2018,07011AO002,Oficina Municipal de Tributos de Calvià,ingres,3,120000.00,115334.21
2018,07011AO002,Oficina Municipal de Tributos de Calvià,ingres,8,22000.00,14664.00
2018,07011AO002,Oficina Municipal de Tributos de Calvià,despesa,1,1150000.00,1046848.22
2018,07011AO002,Oficina Municipal de Tributos de Calvià,ingres,4,1390000.00,1419769.51
2018,07011AO002,Oficina Municipal de Tributos de Calvià,despesa,3,65.00,61.69
2018,07011AO002,Oficina Municipal de Tributos de Calvià,despesa,6,20000.00,1412.07
2018,07011AO002,Oficina Municipal de Tributos de Calvià,ingres,7,20000.00,0
2018,07015AA000,Ciutadella de Menorca,ingres,7,3991209.44,2749466.63
2018,07015AA000,Ciutadella de Menorca,despesa,6,11150519.63,4523028.54
2018,07015AA000,Ciutadella de Menorca,ingres,1,14970000.00,15838994.77
2018,07015AA000,Ciutadella de Menorca,despesa,2,12684234.87,10220652.59
2018,07015AA000,Ciutadella de Menorca,ingres,2,453300.00,1300881.45
2018,07015AA000,Ciutadella de Menorca,ingres,4,8810586.27,9264358.72
2018,07015AA000,Ciutadella de Menorca,ingres,8,8482525.64,0
2018,07015AA000,Ciutadella de Menorca,despesa,7,652650.22,584761.04
2018,07015AA000,Ciutadella de Menorca,ingres,5,694322.36,614975.76
2018,07015AA000,Ciutadella de Menorca,despesa,5,9112.35,0
2018,07015AA000,Ciutadella de Menorca,despesa,1,12354854.32,11180236.87
2018,07015AA000,Ciutadella de Menorca,despesa,4,5058218.80,3850124.42
2018,07015AA000,Ciutadella de Menorca,despesa,3,1256883.75,1103139.32
2018,07015AA000,Ciutadella de Menorca,ingres,3,9198260.86,8910086.56
2018,07015AA000,Ciutadella de Menorca,despesa,9,3433730.63,3433730.63
2018,07015AV002,Hospital Municipal,despesa,2,701300.00,509919.91
2018,07015AV002,Hospital Municipal,despesa,6,20000.00,9145.91
2018,07015AV002,Hospital Municipal,ingres,7,20000.00,9145.91
2018,07015AV002,Hospital Municipal,ingres,4,1905300.00,1905534.75
2018,07015AV002,Hospital Municipal,ingres,5,90000.00,91446.92
2018,07015AV002,Hospital Municipal,despesa,1,2055000.00,2032348.10
2018,07015AV002,Hospital Municipal,despesa,4,5000.00,3208.00
2018,07015AV002,Hospital Municipal,ingres,3,766000.00,771966.14
2018,07042AA000,Pollença,despesa,3,81000.00,9863.10
2018,07042AA000,Pollença,despesa,7,250000.00,48875.53
2018,07042AA000,Pollença,despesa,6,5738304.24,2455882.90
2018,07042AA000,Pollença,ingres,3,6717720.00,7182052.14
2018,07042AA000,Pollença,ingres,4,4375998.96,4872575.89
2018,07042AA000,Pollença,ingres,7,487554.45,444133.92
2018,07042AA000,Pollença,despesa,4,4877572.39,4722077.13
2018,07042AA000,Pollença,ingres,8,4819888.27,0
2018,07042AA000,Pollença,ingres,5,51000.00,75858.84
2018,07042AA000,Pollença,despesa,2,8125692.95,7428021.71
2018,07042AA000,Pollença,ingres,2,1000040.00,824003.62
2018,07042AA000,Pollença,despesa,1,7662899.71,7061752.72
2018,07042AA000,Pollença,ingres,1,10470000.00,11504217.23
2018,07042AO002,Institut Municipal Radio Pollença,despesa,1,85373.62,84773.98
2018,07042AO002,Institut Municipal Radio Pollença,despesa,2,30442.67,27715.32
2018,07042AO002,Institut Municipal Radio Pollença,despesa,6,4700.00,4642.35
2018,07042AO002,Institut Municipal Radio Pollença,ingres,4,118516.29,118516.29
2018,07042AO002,Institut Municipal Radio Pollença,ingres,3,2000.00,690.00
2018,07051AA000,Sant Llorenç des Cardassar,despesa,8,15000.00,12663.47
2018,07051AA000,Sant Llorenç des Cardassar,despesa,6,16501017.73,3692950.66
2018,07051AA000,Sant Llorenç des Cardassar,ingres,4,2070707.07,2456717.75
2018,07051AA000,Sant Llorenç des Cardassar,ingres,8,5507872.95,12663.47
2018,07051AA000,Sant Llorenç des Cardassar,despesa,1,4994157.30,4636435.18
2018,07051AA000,Sant Llorenç des Cardassar,despesa,5,95411.56,0
2018,07051AA000,Sant Llorenç des Cardassar,despesa,4,5545305.57,4812918.36
2018,07051AA000,Sant Llorenç des Cardassar,ingres,2,652000.00,1005960.43
2018,07051AA000,Sant Llorenç des Cardassar,despesa,7,1059513.49,7875.59
2018,07051AA000,Sant Llorenç des Cardassar,ingres,1,8600000.00,9318397.75
2018,07051AA000,Sant Llorenç des Cardassar,ingres,5,554000.00,1017088.76
2018,07051AA000,Sant Llorenç des Cardassar,ingres,9,6098899.38,0
2018,07051AA000,Sant Llorenç des Cardassar,despesa,3,1993.29,1935.06
2018,07051AA000,Sant Llorenç des Cardassar,despesa,2,4681956.55,4184037.41
2018,07051AA000,Sant Llorenç des Cardassar,ingres,3,4186000.00,5666703.31
2018,07051AA000,Sant Llorenç des Cardassar,ingres,7,5224876.09,2941129.44
2018,07054AA000,Santa Eulalia del Río,despesa,7,477510.00,85210.00
2018,07054AA000,Santa Eulalia del Río,ingres,7,1244260.56,1110652.03
2018,07054AA000,Santa Eulalia del Río,despesa,1,10116370.84,9003685.53
2018,07054AA000,Santa Eulalia del Río,despesa,3,144068.16,132043.04
2018,07054AA000,Santa Eulalia del Río,ingres,3,12147719.85,14108393.38
2018,07054AA000,Santa Eulalia del Río,despesa,4,2861731.63,1794398.14
2018,07054AA000,Santa Eulalia del Río,ingres,2,2000260.00,3694449.10
2018,07054AA000,Santa Eulalia del Río,ingres,8,26374399.60,12000.00
2018,07054AA000,Santa Eulalia del Río,despesa,5,25000.00,0
2018,07054AA000,Santa Eulalia del Río,ingres,6,20.00,0
2018,07054AA000,Santa Eulalia del Río,ingres,9,20.00,0
2018,07054AA000,Santa Eulalia del Río,despesa,2,22445265.78,20791823.88
2018,07054AA000,Santa Eulalia del Río,despesa,8,22010.00,12000.00
2018,07054AA000,Santa Eulalia del Río,despesa,9,5687958.30,5641182.00
2018,07054AA000,Santa Eulalia del Río,ingres,4,9615869.29,9948921.21
2018,07054AA000,Santa Eulalia del Río,despesa,6,27519996.69,14347998.80
2018,07054AA000,Santa Eulalia del Río,ingres,5,417352.10,464355.28
2018,07054AA000,Santa Eulalia del Río,ingres,1,17500010.00,20839510.79
2018,07001DV003,P. Esc. Turismo,despesa,6,20000.00,18481.26
2018,07001DV003,P. Esc. Turismo,ingres,4,550000.00,425152.95
2018,07001DV003,P. Esc. Turismo,despesa,4,100000.00,100000.00
2018,07001DV003,P. Esc. Turismo,ingres,3,109990.00,120994.87
2018,07001DV003,P. Esc. Turismo,despesa,5,5000.00,0
2018,07001DV003,P. Esc. Turismo,ingres,5,10.00,4.77
2018,07001DV003,P. Esc. Turismo,despesa,1,455829.40,455829.40
2018,07001DV003,P. Esc. Turismo,despesa,2,79170.60,54097.42
2018,07042AO003,Residencia Social,ingres,8,25055.57,0
2018,07042AO003,Residencia Social,despesa,3,100.00,12.00
2018,07042AO003,Residencia Social,despesa,6,6300.00,5211.78
2018,07042AO003,Residencia Social,ingres,3,360010.00,377029.34
2018,07042AO003,Residencia Social,ingres,4,545322.83,545322.83
2018,07042AO003,Residencia Social,despesa,1,620420.04,576154.31
2018,07042AO003,Residencia Social,despesa,2,303568.36,298958.45
2018,07027AV002,Res. Ancianos M. Mir,despesa,1,1215329.55,824390.61
2018,07027AV002,Res. Ancianos M. Mir,ingres,4,1161346.22,901085.17
2018,07027AV002,Res. Ancianos M. Mir,despesa,2,202300.00,144011.28
2018,07027AV002,Res. Ancianos M. Mir,ingres,3,237833.33,161517.02
2018,07027AV002,Res. Ancianos M. Mir,ingres,8,67381.21,0
2018,07027AV002,Res. Ancianos M. Mir,ingres,5,1450.00,1440.00
2018,07027AV002,Res. Ancianos M. Mir,despesa,8,10.00,0
2018,07027AV002,Res. Ancianos M. Mir,ingres,7,17000.00,0
2018,07027AV002,Res. Ancianos M. Mir,despesa,4,67371.21,0
2018,07052AA000,Sant Lluís,ingres,1,5323000.00,5695270.18
2018,07052AA000,Sant Lluís,ingres,6,803650.00,0
2018,07052AA000,Sant Lluís,despesa,6,4515080.99,1431075.73
2018,07052AA000,Sant Lluís,ingres,7,1282790.00,914075.56
2018,07052AA000,Sant Lluís,despesa,1,4674325.78,4338816.30
2018,07052AA000,Sant Lluís,ingres,2,450000.00,274033.56
2018,07052AA000,Sant Lluís,despesa,3,301500.00,296827.42
2018,07052AA000,Sant Lluís,despesa,7,298000.00,22967.29
2018,07052AA000,Sant Lluís,despesa,9,872800.00,863313.88
2018,07052AA000,Sant Lluís,ingres,8,2394064.95,0
2018,07052AA000,Sant Lluís,ingres,9,277000.00,0
2018,07052AA000,Sant Lluís,ingres,4,2229520.00,2160982.64
2018,07052AA000,Sant Lluís,despesa,2,4097873.18,3639815.89
2018,07052AA000,Sant Lluís,despesa,4,913345.00,770542.71
2018,07052AA000,Sant Lluís,ingres,3,2555900.00,2430818.24
2018,07052AA000,Sant Lluís,ingres,5,357000.00,346986.67
2018,07003DV001,Inst. Menorquín de Estudios,despesa,6,5000.00,4221.96
2018,07003DV001,Inst. Menorquín de Estudios,ingres,4,635033.40,629051.28
2018,07003DV001,Inst. Menorquín de Estudios,despesa,1,329497.23,329497.21
2018,07003DV001,Inst. Menorquín de Estudios,despesa,4,33100.00,30160.70
2018,07003DV001,Inst. Menorquín de Estudios,ingres,3,88000.00,87683.96
2018,07003DV001,Inst. Menorquín de Estudios,ingres,5,0,22
2018,07003DV001,Inst. Menorquín de Estudios,despesa,2,355436.17,353744.94
2018,07003DV002,Consell Economic i Social,ingres,4,21250.00,8016.94
2018,07003DV002,Consell Economic i Social,despesa,4,8000.00,8000.00
2018,07003DV002,Consell Economic i Social,despesa,2,13250.00,16.94
2018,07002DO001,Agència  Protecció Legalitat Urbanística i Territorial de Mallorca,ingres,4,515000.00,515000.00
2018,07002DO001,Agència  Protecció Legalitat Urbanística i Territorial de Mallorca,despesa,6,602557.80,11495.13
2018,07002DO001,Agència  Protecció Legalitat Urbanística i Territorial de Mallorca,despesa,8,6000.00,0
2018,07002DO001,Agència  Protecció Legalitat Urbanística i Territorial de Mallorca,despesa,1,2841361.29,1638356.76
2018,07002DO001,Agència  Protecció Legalitat Urbanística i Territorial de Mallorca,ingres,8,6000.00,0
2018,07002DO001,Agència  Protecció Legalitat Urbanística i Territorial de Mallorca,despesa,7,0,0
2018,07002DO001,Agència  Protecció Legalitat Urbanística i Territorial de Mallorca,despesa,2,262000.00,69219.76
2018,07002DO001,Agència  Protecció Legalitat Urbanística i Territorial de Mallorca,ingres,3,3190919.09,5703192.89
2018,07010AE001,Palmanyola,despesa,3,3283.59,278.74
2018,07010AE001,Palmanyola,ingres,7,406224.06,404831.69
2018,07010AE001,Palmanyola,despesa,6,426374.06,408098.49
2018,07010AE001,Palmanyola,despesa,1,276368.30,267176.79
2018,07010AE001,Palmanyola,ingres,3,28000.00,29207.80
2018,07010AE001,Palmanyola,ingres,4,591585.57,590491.52
2018,07010AE001,Palmanyola,ingres,8,29976.47,0
2018,07010AE001,Palmanyola,despesa,2,328393.68,280991.55
2018,07010AE001,Palmanyola,despesa,9,37266.47,29976.47
2018,07010AE001,Palmanyola,ingres,5,15900.00,16860.00
2018,07026AV003,Museo de Arte Contemporáneo,despesa,8,10.00,0
2018,07026AV003,Museo de Arte Contemporáneo,ingres,4,287790.00,245581.54
2018,07026AV003,Museo de Arte Contemporáneo,ingres,8,10.00,0
2018,07026AV003,Museo de Arte Contemporáneo,ingres,7,13200.00,6820.00
2018,07026AV003,Museo de Arte Contemporáneo,despesa,1,178140.01,144727.60
2018,07026AV003,Museo de Arte Contemporáneo,despesa,2,109549.99,98157.33
2018,07026AV003,Museo de Arte Contemporáneo,despesa,3,100.00,95.88
2018,07026AV003,Museo de Arte Contemporáneo,despesa,6,13200.00,6820.00
2018,07031AV002,P. Molí d'En Gaspar,despesa,2,1,1
2018,07031AV002,P. Molí d'En Gaspar,ingres,4,1,1
2018,07036AO001,Institut Municipal Comunicació,despesa,2,118620.00,56402.54
2018,07036AO001,Institut Municipal Comunicació,despesa,3,300.00,18.00
2018,07036AO001,Institut Municipal Comunicació,despesa,6,4000.00,946.22
2018,07036AO001,Institut Municipal Comunicació,ingres,4,122920.00,15562.94
2019,07014AO001,F. Castell de Capdepera,ingres,8,59491.09,0
2019,07014AO001,F. Castell de Capdepera,ingres,3,261000.00,274293.15
2019,07014AO001,F. Castell de Capdepera,despesa,2,189000.00,114137.30
2019,07014AO001,F. Castell de Capdepera,despesa,1,96940.59,86598.78
2019,07014AO001,F. Castell de Capdepera,ingres,5,500.00,85
2019,07014AO001,F. Castell de Capdepera,despesa,3,2500.00,1755.54
2019,07014AO001,F. Castell de Capdepera,ingres,4,109364.10,20801.79
2019,07014AO001,F. Castell de Capdepera,despesa,6,139491.09,86906.29
2019,07014AO001,F. Castell de Capdepera,despesa,5,2423.51,0
2019,07026AV003,Museo de Arte Contemporáneo,despesa,8,10.00,0
2019,07026AV003,Museo de Arte Contemporáneo,ingres,4,274790.00,248477.61
2019,07026AV003,Museo de Arte Contemporáneo,ingres,8,10.00,0
2019,07026AV003,Museo de Arte Contemporáneo,ingres,7,13200.00,11313.54
2019,07026AV003,Museo de Arte Contemporáneo,despesa,1,182491.14,157059.57
2019,07026AV003,Museo de Arte Contemporáneo,despesa,2,92198.86,91320.19
2019,07026AV003,Museo de Arte Contemporáneo,despesa,3,100.00,97.85
2019,07026AV003,Museo de Arte Contemporáneo,despesa,6,13200.00,11313.54
2019,07031AV001,P. Res. Personas Mayores,ingres,7,261000.00,0
2019,07031AV001,P. Res. Personas Mayores,ingres,4,960361.69,1185478.34
2019,07031AV001,P. Res. Personas Mayores,despesa,3,1000.00,176.91
2019,07031AV001,P. Res. Personas Mayores,ingres,8,20405.75,0
2019,07031AV001,P. Res. Personas Mayores,despesa,2,198505.75,184371.51
2019,07031AV001,P. Res. Personas Mayores,despesa,8,3000.00,0
2019,07031AV001,P. Res. Personas Mayores,ingres,5,100.00,0
2019,07031AV001,P. Res. Personas Mayores,despesa,1,1095862.84,1095862.79
2019,07031AV001,P. Res. Personas Mayores,despesa,6,261000.00,36027.47
2019,07031AV001,P. Res. Personas Mayores,ingres,3,325100.00,313879.07
2019,07031AV001,P. Res. Personas Mayores,despesa,5,7598.85,0
2019,07048AA000,Sant Josep de sa Talaia,ingres,8,10699337.12,0
2019,07048AA000,Sant Josep de sa Talaia,despesa,1,9311506.32,8962379.49
2019,07048AA000,Sant Josep de sa Talaia,ingres,2,1307000.00,1205710.13
2019,07048AA000,Sant Josep de sa Talaia,despesa,2,17968719.86,15604753.34
2019,07048AA000,Sant Josep de sa Talaia,despesa,3,58931.69,56389.99
2019,07048AA000,Sant Josep de sa Talaia,ingres,7,1133228.11,498861.56
2019,07048AA000,Sant Josep de sa Talaia,despesa,9,574518.73,574518.73
2019,07048AA000,Sant Josep de sa Talaia,ingres,3,8597720.00,10890789.32
2019,07048AA000,Sant Josep de sa Talaia,despesa,6,16670788.24,6857216.14
2019,07048AA000,Sant Josep de sa Talaia,despesa,4,1747192.92,1147197.19
2019,07048AA000,Sant Josep de sa Talaia,ingres,1,14366241.76,14259740.42
2019,07048AA000,Sant Josep de sa Talaia,ingres,4,7949735.36,6948955.57
2019,07048AA000,Sant Josep de sa Talaia,despesa,5,9900.44,0
2019,07048AA000,Sant Josep de sa Talaia,ingres,5,4553000.00,4505733.73
2019,07053AA000,Santa Eugènia,ingres,8,732108.78,0
2019,07053AA000,Santa Eugènia,despesa,6,601757.25,427944.37
2019,07053AA000,Santa Eugènia,ingres,5,11089.77,13874.62
2019,07053AA000,Santa Eugènia,ingres,1,590681.88,559256.30
2019,07053AA000,Santa Eugènia,ingres,7,254663.85,254663.85
2019,07053AA000,Santa Eugènia,despesa,1,646509.34,630075.86
2019,07053AA000,Santa Eugènia,despesa,2,896063.77,845140.23
2019,07053AA000,Santa Eugènia,despesa,9,35144.09,35144.09
2019,07053AA000,Santa Eugènia,despesa,3,1300.00,1265.10
2019,07053AA000,Santa Eugènia,ingres,4,541500.32,563918.74
2019,07053AA000,Santa Eugènia,despesa,4,303664.72,243281.56
2019,07053AA000,Santa Eugènia,ingres,2,60000.00,84246.47
2019,07053AA000,Santa Eugènia,ingres,3,395207.02,399360.78
2019,07040AV009,Inst. M. Form. Ocupacional i Feina,despesa,3,1565.16,0
2019,07040AV009,Inst. M. Form. Ocupacional i Feina,despesa,6,137050.00,50223.25
2019,07040AV009,Inst. M. Form. Ocupacional i Feina,despesa,7,100000.00,100000.00
2019,07040AV009,Inst. M. Form. Ocupacional i Feina,despesa,4,76904.00,40323.25
2019,07040AV009,Inst. M. Form. Ocupacional i Feina,despesa,2,919974.41,623674.25
2019,07040AV009,Inst. M. Form. Ocupacional i Feina,ingres,5,6300.00,48613.99
2019,07040AV009,Inst. M. Form. Ocupacional i Feina,ingres,8,1018133.94,13876.40
2019,07040AV009,Inst. M. Form. Ocupacional i Feina,ingres,3,36000.00,25711.98
2019,07040AV009,Inst. M. Form. Ocupacional i Feina,ingres,7,132050.00,100000.00
2019,07040AV009,Inst. M. Form. Ocupacional i Feina,despesa,1,7027895.72,4418986.90
2019,07040AV009,Inst. M. Form. Ocupacional i Feina,despesa,8,20000.00,5400.00
2019,07040AV009,Inst. M. Form. Ocupacional i Feina,ingres,4,7090905.35,4858407.22
2019,07003AA000,Alcúdia,ingres,8,6228369.60,0
2019,07003AA000,Alcúdia,ingres,2,350000.00,507409.68
2019,07003AA000,Alcúdia,ingres,7,2216770.67,929716.94
2019,07003AA000,Alcúdia,despesa,7,101932.00,78666.68
2019,07003AA000,Alcúdia,ingres,5,2034022.00,2035755.59
2019,07003AA000,Alcúdia,ingres,1,18068800.00,18188307.03
2019,07003AA000,Alcúdia,despesa,1,8581772.69,8235331.47
2019,07003AA000,Alcúdia,despesa,6,11663437.50,4645988.11
2019,07003AA000,Alcúdia,ingres,3,7189170.00,8234048.13
2019,07003AA000,Alcúdia,ingres,4,5120298.86,5418584.75
2019,07003AA000,Alcúdia,despesa,2,12873972.92,12233085.96
2019,07003AA000,Alcúdia,despesa,3,5010.00,1602.59
2019,07003AA000,Alcúdia,despesa,4,2835750.56,2605893.95
2019,07059AA000,Salines (Ses),despesa,5,8428.00,0
2019,07059AA000,Salines (Ses),despesa,3,19500.00,15536.49
2019,07059AA000,Salines (Ses),despesa,7,82124.88,47124.88
2019,07059AA000,Salines (Ses),ingres,3,1717043.17,1541687.49
2019,07059AA000,Salines (Ses),ingres,7,295054.02,302146.36
2019,07059AA000,Salines (Ses),ingres,5,205800.00,262841.86
2019,07059AA000,Salines (Ses),despesa,2,3325618.43,3165554.00
2019,07059AA000,Salines (Ses),despesa,1,2620623.85,2510495.69
2019,07059AA000,Salines (Ses),despesa,4,299163.01,250008.13
2019,07059AA000,Salines (Ses),ingres,2,190000.00,259406.75
2019,07059AA000,Salines (Ses),ingres,8,2866335.11,0
2019,07059AA000,Salines (Ses),despesa,9,1164321.75,1164321.75
2019,07059AA000,Salines (Ses),ingres,4,1502400.87,1373151.30
2019,07059AA000,Salines (Ses),despesa,6,2332853.25,422951.60
2019,07059AA000,Salines (Ses),ingres,1,3076000.00,2904118.17
2019,07002AA000,Alaior,despesa,5,101574.48,0
2019,07002AA000,Alaior,ingres,7,773187.73,390202.83
2019,07002AA000,Alaior,despesa,1,4480960.67,4315087.15
2019,07002AA000,Alaior,despesa,9,1762927.03,1508446.45
2019,07002AA000,Alaior,ingres,3,2058769.92,2007005.18
2019,07002AA000,Alaior,ingres,8,3687038.20,3845.00
2019,07002AA000,Alaior,ingres,5,610747.63,825049.78
2019,07002AA000,Alaior,ingres,1,5016292.69,5556013.83
2019,07002AA000,Alaior,despesa,8,10000.00,3845.00
2019,07002AA000,Alaior,despesa,2,5029512.32,4333133.23
2019,07002AA000,Alaior,despesa,6,3187907.34,1328132.90
2019,07002AA000,Alaior,despesa,7,74534.28,5867.28
2019,07002AA000,Alaior,despesa,3,39736.39,19086.37
2019,07002AA000,Alaior,despesa,4,650272.62,534083.55
2019,07002AA000,Alaior,ingres,2,148827.98,328798.47
2019,07002AA000,Alaior,ingres,4,3042560.98,3248827.07
2019,07027AV002,Res. Ancianos M. Mir,ingres,4,225360.00,0
2019,07027AV002,Res. Ancianos M. Mir,despesa,2,20000.00,7031.93
2019,07027AV002,Res. Ancianos M. Mir,ingres,3,101527.08,86975.93
2019,07027AV002,Res. Ancianos M. Mir,ingres,8,130000.00,0
2019,07027AV002,Res. Ancianos M. Mir,ingres,5,0,2776.46
2019,07027AV002,Res. Ancianos M. Mir,despesa,4,373287.08,92122.32
2019,07027AV002,Res. Ancianos M. Mir,despesa,1,63600.00,48344.32
2019,07027AV005,Música Antoni Torrandell,ingres,5,10.00,0
2019,07027AV005,Música Antoni Torrandell,despesa,2,246558.09,229846.34
2019,07027AV005,Música Antoni Torrandell,ingres,3,79369.27,112847.83
2019,07027AV005,Música Antoni Torrandell,ingres,7,2000.00,0
2019,07027AV005,Música Antoni Torrandell,ingres,4,296968.35,8085.81
2019,07027AV005,Música Antoni Torrandell,despesa,1,131289.53,126323.60
2019,07027AV005,Música Antoni Torrandell,despesa,6,500.00,74.85
2019,07052AA000,Sant Lluís,ingres,6,803650.00,0
2019,07052AA000,Sant Lluís,despesa,6,3552600.93,642443.99
2019,07052AA000,Sant Lluís,ingres,7,1962794.11,185729.66
2019,07052AA000,Sant Lluís,despesa,1,5161615.87,4775924.79
2019,07052AA000,Sant Lluís,ingres,2,450000.00,346713.98
2019,07052AA000,Sant Lluís,despesa,3,287500.00,284376.92
2019,07052AA000,Sant Lluís,despesa,7,26400.01,21466.05
2019,07052AA000,Sant Lluís,despesa,9,812961.81,812254.76
2019,07052AA000,Sant Lluís,ingres,8,3780948.16,0
2019,07052AA000,Sant Lluís,ingres,9,277000.00,0
2019,07052AA000,Sant Lluís,ingres,4,2735179.18,2618677.73
2019,07052AA000,Sant Lluís,despesa,2,4752650.97,4357587.41
2019,07052AA000,Sant Lluís,despesa,4,1067725.97,702111.35
2019,07052AA000,Sant Lluís,ingres,3,2550209.11,2469978.12
2019,07052AA000,Sant Lluís,ingres,5,357000.00,429505.47
2019,07052AA000,Sant Lluís,ingres,1,5323000.00,5561931.35
2019,07006AA000,Artà,ingres,4,2380660.24,2544537.36
2019,07006AA000,Artà,ingres,3,3500000.00,4041194.03
2019,07006AA000,Artà,despesa,6,4124267.64,2578116.40
2019,07006AA000,Artà,ingres,5,25749.69,41555.08
2019,07006AA000,Artà,despesa,7,1.00,0
2019,07006AA000,Artà,despesa,1,5148088.18,5127690.50
2019,07006AA000,Artà,despesa,2,4078122.36,3890151.61
2019,07006AA000,Artà,despesa,9,672275.48,672275.46
2019,07006AA000,Artà,despesa,3,29002.00,24540.33
2019,07006AA000,Artà,despesa,4,398582.10,368417.63
2019,07006AA000,Artà,ingres,1,4838000.00,4942616.51
2019,07006AA000,Artà,ingres,7,1643973.51,914167.98
2019,07006AA000,Artà,ingres,8,1758950.21,0
2019,07006AA000,Artà,ingres,2,303005.11,736923.26
2019,07012AA000,Campanet,despesa,1,1015205.77,900126.63
2019,07012AA000,Campanet,despesa,6,1253353.41,1181430.68
2019,07012AA000,Campanet,ingres,7,789512.47,757112.47
2019,07012AA000,Campanet,ingres,5,6200.00,6000.27
2019,07012AA000,Campanet,despesa,4,328135.29,295603.41
2019,07012AA000,Campanet,ingres,2,200000.00,79987.36
2019,07012AA000,Campanet,despesa,2,1114848.74,1169966.59
2019,07012AA000,Campanet,ingres,4,816367.20,904544.09
2019,07012AA000,Campanet,ingres,8,497038.54,0
2019,07012AA000,Campanet,ingres,1,762325.00,860728.60
2019,07012AA000,Campanet,despesa,3,3400.00,3185.46
2019,07012AA000,Campanet,ingres,3,643500.00,782581.45
2019,07014AA000,Capdepera,despesa,7,1112000.00,53329.93
2019,07014AA000,Capdepera,ingres,2,655000.00,728751.57
2019,07014AA000,Capdepera,ingres,7,649805.91,726681.83
2019,07014AA000,Capdepera,despesa,1,6171970.19,5972267.13
2019,07014AA000,Capdepera,despesa,4,3951269.97,3603830.75
2019,07014AA000,Capdepera,despesa,2,6114708.95,5659509.50
2019,07014AA000,Capdepera,despesa,9,670000.00,596109.58
2019,07014AA000,Capdepera,ingres,5,1261000.00,1219816.41
2019,07014AA000,Capdepera,despesa,3,17133.53,10531.24
2019,07014AA000,Capdepera,ingres,3,7857708.40,5540067.73
2019,07014AA000,Capdepera,ingres,4,3001000.00,3404870.12
2019,07014AA000,Capdepera,despesa,6,7279141.06,4913064.81
2019,07014AA000,Capdepera,ingres,8,3196709.39,0
2019,07014AA000,Capdepera,ingres,1,8695000.00,9533417.95
2019,07016AA000,Consell,despesa,4,289870.10,287810.11
2019,07016AA000,Consell,despesa,6,1225217.38,730932.38
2019,07016AA000,Consell,ingres,2,50000.00,147788.48
2019,07016AA000,Consell,ingres,7,224208.00,224208.00
2019,07016AA000,Consell,despesa,7,37920.00,37920.00
2019,07016AA000,Consell,ingres,4,1204450.46,1278041.44
2019,07016AA000,Consell,ingres,5,32059.64,39379.31
2019,07016AA000,Consell,ingres,1,1136183.83,1227629.38
2019,07016AA000,Consell,despesa,1,1187874.18,1146867.38
2019,07016AA000,Consell,ingres,8,646138.01,0
2019,07016AA000,Consell,despesa,3,7600.00,6574.84
2019,07016AA000,Consell,ingres,3,1114182.94,1245147.23
2019,07016AA000,Consell,despesa,2,1270716.41,1258499.03
2019,07020AA000,Esporles,despesa,6,518407.09,439173.77
2019,07020AA000,Esporles,despesa,7,81512.42,81512.42
2019,07020AA000,Esporles,ingres,3,1225260.42,1196501.81
2019,07020AA000,Esporles,ingres,7,336758.50,301885.35
2019,07020AA000,Esporles,ingres,2,157000.00,161338.54
2019,07020AA000,Esporles,despesa,4,723589.90,699829.08
2019,07020AA000,Esporles,ingres,4,1621010.65,1822063.85
2019,07020AA000,Esporles,despesa,3,10100.00,9841.71
2019,07020AA000,Esporles,despesa,9,182761.50,182761.50
2019,07020AA000,Esporles,despesa,2,2001129.13,1997339.81
2019,07020AA000,Esporles,ingres,5,1000.00,3500.00
2019,07020AA000,Esporles,despesa,1,2006805.14,2005678.37
2019,07020AA000,Esporles,ingres,1,1814935.56,1788394.99
2019,07020AA000,Esporles,ingres,8,368340.05,0
2019,07020AV002,P. d'Escoles Municipals,despesa,1,513570.95,513514.78
2019,07020AV002,P. d'Escoles Municipals,ingres,4,580782.12,557373.50
2019,07020AV002,P. d'Escoles Municipals,despesa,2,73477.85,72122.08
2019,07020AV002,P. d'Escoles Municipals,ingres,8,6266.68,0
2019,07020AV002,P. d'Escoles Municipals,ingres,3,0,800.00
2019,07022AV001,Ctro. Cultural,despesa,4,6500.00,4000.00
2019,07022AV001,Ctro. Cultural,ingres,3,0,486.72
2019,07022AV001,Ctro. Cultural,ingres,4,130000.00,130000.00
2019,07022AV001,Ctro. Cultural,despesa,2,123400.00,74723.65
2019,07022AV001,Ctro. Cultural,despesa,3,100.00,66.64
2019,07026AV001,P. M. Deportes,ingres,4,1955990.00,1854717.04
2019,07026AV001,P. M. Deportes,despesa,4,350000.00,292113.16
2019,07026AV001,P. M. Deportes,ingres,3,422941.25,424758.20
2019,07026AV001,P. M. Deportes,despesa,1,1191318.94,1122532.98
2019,07026AV001,P. M. Deportes,despesa,8,7700.00,7700.00
2019,07026AV001,P. M. Deportes,despesa,2,930401.90,862403.90
2019,07026AV001,P. M. Deportes,ingres,5,0,5.95
2019,07026AV001,P. M. Deportes,despesa,6,5000.00,4269.50
2019,07026AV001,P. M. Deportes,ingres,7,5000.00,4269.50
2019,07026AV001,P. M. Deportes,ingres,8,104489.59,7700.00
2019,07026AV001,P. M. Deportes,despesa,3,4000.00,2431.15
2019,07026AV002,P. M. Música,despesa,3,700.00,685.46
2019,07026AV002,P. M. Música,despesa,6,3500.00,2322.00
2019,07026AV002,P. M. Música,despesa,8,10.00,0
2019,07026AV002,P. M. Música,despesa,1,367729.33,345010.62
2019,07026AV002,P. M. Música,despesa,2,359284.67,325111.80
2019,07026AV002,P. M. Música,ingres,7,3500.00,2322.00
2019,07026AV002,P. M. Música,ingres,4,665980.00,601961.12
2019,07026AV002,P. M. Música,ingres,5,0,1
2019,07026AV002,P. M. Música,ingres,8,10.00,0
2019,07026AV002,P. M. Música,ingres,3,61734.00,68846.75
2019,07028AA000,Lloret de Vistalegre,despesa,6,450160.25,408602.22
2019,07028AA000,Lloret de Vistalegre,despesa,4,18999.08,12671.90
2019,07028AA000,Lloret de Vistalegre,ingres,2,42700.00,27146.63
2019,07028AA000,Lloret de Vistalegre,ingres,4,477072.09,585986.86
2019,07028AA000,Lloret de Vistalegre,despesa,1,522278.33,496280.11
2019,07028AA000,Lloret de Vistalegre,ingres,1,397978.08,375520.73
2019,07028AA000,Lloret de Vistalegre,ingres,8,175766.86,0
2019,07028AA000,Lloret de Vistalegre,despesa,3,2500.00,1953.25
2019,07028AA000,Lloret de Vistalegre,despesa,2,466804.58,452696.86
2019,07028AA000,Lloret de Vistalegre,despesa,9,37200.00,36871.92
2019,07028AA000,Lloret de Vistalegre,ingres,7,291919.20,291919.20
2019,07028AA000,Lloret de Vistalegre,ingres,5,6600.00,65.62
2019,07028AA000,Lloret de Vistalegre,ingres,3,105906.01,130349.36
2019,07032AA000,Maó,despesa,3,261124.08,153493.11
2019,07032AA000,Maó,despesa,4,4122362.65,3723930.61
2019,07032AA000,Maó,ingres,4,11213592.71,10368428.60
2019,07032AA000,Maó,ingres,5,230100.00,331158.70
2019,07032AA000,Maó,ingres,8,7931567.07,33728.51
2019,07032AA000,Maó,despesa,6,7833944.53,3517329.13
2019,07032AA000,Maó,despesa,7,1354614.25,583255.95
2019,07032AA000,Maó,despesa,8,60000.00,31416.27
2019,07032AA000,Maó,despesa,9,2610596.92,2585894.30
2019,07032AA000,Maó,ingres,3,7412525.00,6397081.75
2019,07032AA000,Maó,despesa,2,13847255.42,10011700.87
2019,07032AA000,Maó,ingres,2,192600.00,329757.31
2019,07032AA000,Maó,ingres,7,2052964.53,832470.50
2019,07032AA000,Maó,despesa,1,14350908.46,13919076.89
2019,07032AA000,Maó,ingres,1,17953000.00,18415336.69
2019,07036AA000,Marratxí,ingres,7,173388.00,146658.00
2019,07036AA000,Marratxí,despesa,2,6768567.12,5177289.78
2019,07036AA000,Marratxí,ingres,1,14691000.00,15560262.85
2019,07036AA000,Marratxí,ingres,3,7206371.00,7654804.78
2019,07036AA000,Marratxí,ingres,5,257000.00,360488.67
2019,07036AA000,Marratxí,ingres,4,8245629.00,9150871.58
2019,07036AA000,Marratxí,despesa,7,6000.00,0
2019,07036AA000,Marratxí,despesa,6,6963425.19,5220721.29
2019,07036AA000,Marratxí,despesa,8,132932.78,130126.78
2019,07036AA000,Marratxí,ingres,8,4003036.17,130126.78
2019,07036AA000,Marratxí,despesa,1,11331650.90,11294641.57
2019,07036AA000,Marratxí,despesa,3,28015.15,18365.53
2019,07036AA000,Marratxí,ingres,2,1000000.00,1672292.60
2019,07036AA000,Marratxí,despesa,4,10345833.03,7996622.92
2019,07037AA000,Mercadal (Es),despesa,2,4588110.38,3913798.95
2019,07037AA000,Mercadal (Es),despesa,1,2778191.63,2536771.64
2019,07037AA000,Mercadal (Es),ingres,4,1666579.14,2019000.59
2019,07037AA000,Mercadal (Es),ingres,8,6421134.26,11386.48
2019,07037AA000,Mercadal (Es),ingres,9,399100.00,399100.00
2019,07037AA000,Mercadal (Es),despesa,5,25000.00,0
2019,07037AA000,Mercadal (Es),despesa,6,10805757.46,3233129.69
2019,07037AA000,Mercadal (Es),ingres,7,3558396.42,191702.56
2019,07037AA000,Mercadal (Es),despesa,4,1022760.35,843825.61
2019,07037AA000,Mercadal (Es),ingres,6,145340.00,145340.00
2019,07037AA000,Mercadal (Es),ingres,1,5053500.00,6671659.08
2019,07037AA000,Mercadal (Es),ingres,3,1992500.00,2089478.20
2019,07037AA000,Mercadal (Es),ingres,5,464100.00,502720.91
2019,07037AA000,Mercadal (Es),despesa,3,35500.00,16898.38
2019,07037AA000,Mercadal (Es),despesa,8,15000.00,11386.48
2019,07037AA000,Mercadal (Es),despesa,7,190600.00,43913.92
2019,07037AA000,Mercadal (Es),ingres,2,159425.00,553452.41
2019,07037AA000,Mercadal (Es),despesa,9,399155.00,399154.50
2019,07038AA000,Montuïri,despesa,6,297675.99,276193.14
2019,07038AA000,Montuïri,ingres,4,781791.42,865765.45
2019,07038AA000,Montuïri,ingres,5,400.00,289.88
2019,07038AA000,Montuïri,ingres,7,465456.15,274882.27
2019,07038AA000,Montuïri,despesa,4,430048.00,331889.94
2019,07038AA000,Montuïri,ingres,3,449976.00,378861.39
2019,07038AA000,Montuïri,despesa,2,996665.30,816685.44
2019,07038AA000,Montuïri,despesa,9,162000.00,122760.55
2019,07038AA000,Montuïri,ingres,2,193266.50,337257.16
2019,07038AA000,Montuïri,despesa,1,982296.78,977575.21
2019,07038AA000,Montuïri,despesa,3,129000.00,74904.34
2019,07038AA000,Montuïri,ingres,1,1008700.00,2079250.21
2019,07041AA000,Petra,ingres,3,321424.00,632834.70
2019,07041AA000,Petra,despesa,5,20000.00,0
2019,07041AA000,Petra,despesa,6,782169.76,650164.42
2019,07041AA000,Petra,ingres,4,813661.63,734522.93
2019,07041AA000,Petra,ingres,5,44016.00,29253.00
2019,07041AA000,Petra,despesa,1,651565.48,588989.84
2019,07041AA000,Petra,despesa,3,6500.00,5852.30
2019,07041AA000,Petra,despesa,7,32000.00,30954.86
2019,07041AA000,Petra,ingres,7,445732.92,343027.94
2019,07041AA000,Petra,ingres,1,589324.09,627850.14
2019,07041AA000,Petra,despesa,4,97412.00,75862.11
2019,07041AA000,Petra,despesa,2,684511.40,684481.14
2019,07041AA000,Petra,ingres,2,60000.00,112503.87
2019,07046AA000,Sant Antoni de Portmany,ingres,4,6649761.96,6810551.33
2019,07046AA000,Sant Antoni de Portmany,ingres,8,867893.58,0
2019,07046AA000,Sant Antoni de Portmany,despesa,4,1663362.60,1523467.59
2019,07046AA000,Sant Antoni de Portmany,despesa,7,395836.45,395836.45
2019,07046AA000,Sant Antoni de Portmany,ingres,2,600000.00,1249518.49
2019,07046AA000,Sant Antoni de Portmany,despesa,3,382375.93,351103.48
2019,07046AA000,Sant Antoni de Portmany,ingres,5,703719.30,12262168.78
2019,07046AA000,Sant Antoni de Portmany,ingres,1,14405000.00,16409939.86
2019,07046AA000,Sant Antoni de Portmany,despesa,6,6103436.15,3416710.23
2019,07046AA000,Sant Antoni de Portmany,despesa,1,7884568.18,7620152.81
2019,07046AA000,Sant Antoni de Portmany,ingres,7,1785385.17,39952.52
2019,07046AA000,Sant Antoni de Portmany,despesa,2,14284579.24,13816912.34
2019,07046AA000,Sant Antoni de Portmany,ingres,3,5702398.54,6056572.54
2019,07050AA000,Sant Joan de Labritja,despesa,1,1628366.02,1467003.14
2019,07050AA000,Sant Joan de Labritja,ingres,7,4993426.98,145611.82
2019,07050AA000,Sant Joan de Labritja,ingres,8,994363.84,0
2019,07050AA000,Sant Joan de Labritja,ingres,3,1863506.02,2492055.22
2019,07050AA000,Sant Joan de Labritja,despesa,2,3683569.25,3341115.18
2019,07050AA000,Sant Joan de Labritja,despesa,3,6100.00,2754.37
2019,07050AA000,Sant Joan de Labritja,ingres,2,201067.00,722324.36
2019,07050AA000,Sant Joan de Labritja,despesa,6,6574615.90,924117.17
2019,07050AA000,Sant Joan de Labritja,ingres,1,3178000.00,3438397.63
2019,07050AA000,Sant Joan de Labritja,despesa,4,654673.67,546075.99
2019,07050AA000,Sant Joan de Labritja,ingres,4,1313961.00,1644334.51
2019,07050AA000,Sant Joan de Labritja,ingres,6,1000.00,0
2019,07050AA000,Sant Joan de Labritja,ingres,5,2000.00,214498.32
2019,07065AA000,Vilafranc de Bonany,ingres,7,333849.72,258824.27
2019,07065AA000,Vilafranc de Bonany,despesa,1,461008.18,426265.15
2019,07065AA000,Vilafranc de Bonany,despesa,2,860350.01,854534.20
2019,07065AA000,Vilafranc de Bonany,despesa,4,766229.80,754758.82
2019,07065AA000,Vilafranc de Bonany,ingres,4,901286.91,859273.27
2019,07065AA000,Vilafranc de Bonany,ingres,8,353405.76,0
2019,07065AA000,Vilafranc de Bonany,despesa,3,15500.00,12933.39
2019,07065AA000,Vilafranc de Bonany,despesa,6,617654.40,486492.84
2019,07065AA000,Vilafranc de Bonany,ingres,2,65000.00,106712.06
2019,07065AA000,Vilafranc de Bonany,ingres,5,550.00,750.78
2019,07065AA000,Vilafranc de Bonany,despesa,9,85900.00,53779.75
2019,07065AA000,Vilafranc de Bonany,ingres,1,781200.00,848778.86
2019,07065AA000,Vilafranc de Bonany,ingres,3,381350.00,390308.69
2019,07040AA000,Palma,despesa,2,127211741.53,112827832.44
2019,07040AA000,Palma,despesa,3,9061242.94,8689258.48
2019,07040AA000,Palma,despesa,6,41971798.49,11494204.09
2019,07040AA000,Palma,ingres,8,52403087.57,3677805.98
2019,07040AA000,Palma,despesa,5,2447688.77,0
2019,07040AA000,Palma,ingres,9,90794990.64,91388938.55
2019,07040AA000,Palma,despesa,8,1200000.00,1197664.73
2019,07040AA000,Palma,ingres,2,27542161.00,36390019.33
2019,07040AA000,Palma,ingres,3,99911072.30,103473841.67
2019,07040AA000,Palma,ingres,6,0,20795.34
2019,07040AA000,Palma,ingres,5,4577296.00,4731152.30
2019,07040AA000,Palma,ingres,4,88220605.18,88736183.97
2019,07040AA000,Palma,despesa,9,123732767.10,123732767.09
2019,07040AA000,Palma,ingres,1,188568679.91,196478510.28
2019,07040AA000,Palma,ingres,7,14100638.43,14675566.67
2019,07040AA000,Palma,despesa,4,87122180.20,79801935.09
2019,07040AA000,Palma,despesa,1,149403902.13,146543807.61
2019,07040AA000,Palma,despesa,7,23967209.87,8438808.78
2019,07040AV001,Inst. M. l'Esport,despesa,8,100000.00,38500.00
2019,07040AV001,Inst. M. l'Esport,despesa,1,5147665.81,4515648.52
2019,07040AV001,Inst. M. l'Esport,despesa,2,10266895.58,9485414.93
2019,07040AV001,Inst. M. l'Esport,ingres,7,8339309.59,1119136.41
2019,07040AV001,Inst. M. l'Esport,ingres,3,4368762.76,4182697.65
2019,07040AV001,Inst. M. l'Esport,ingres,4,10986298.63,9795060.55
2019,07040AV001,Inst. M. l'Esport,despesa,7,500000.00,0
2019,07040AV001,Inst. M. l'Esport,despesa,3,5000.00,4161.38
2019,07040AV001,Inst. M. l'Esport,despesa,6,8608538.92,1084893.07
2019,07040AV001,Inst. M. l'Esport,despesa,4,166500.00,0
2019,07040AV001,Inst. M. l'Esport,ingres,8,869229.33,61075.84
2019,07040AV001,Inst. M. l'Esport,ingres,5,231000.00,174437.93
2019,07040AV004,P. M. l'Habitatge,despesa,3,1712.28,564.26
2019,07040AV004,P. M. l'Habitatge,despesa,4,90000.00,25052.12
2019,07040AV004,P. M. l'Habitatge,despesa,9,314101.35,314100.46
2019,07040AV004,P. M. l'Habitatge,ingres,5,540000.00,861250.68
2019,07040AV004,P. M. l'Habitatge,ingres,8,93000.00,5642.87
2019,07040AV004,P. M. l'Habitatge,despesa,2,607350.00,420656.39
2019,07040AV004,P. M. l'Habitatge,despesa,7,780453.13,359561.11
2019,07040AV004,P. M. l'Habitatge,ingres,3,95006.00,122118.66
2019,07040AV004,P. M. l'Habitatge,despesa,6,2825602.31,92637.09
2019,07040AV004,P. M. l'Habitatge,despesa,8,93000.00,10000.00
2019,07040AV004,P. M. l'Habitatge,despesa,1,1771700.75,1577212.29
2019,07040AV004,P. M. l'Habitatge,ingres,4,1835757.03,1040115.72
2019,07040AV004,P. M. l'Habitatge,ingres,7,3920156.79,766298.66
2019,07040AV006,Instituto Municipal Innovación  (IMI),despesa,2,4340853.26,3998476.03
2019,07040AV006,Instituto Municipal Innovación  (IMI),despesa,3,101000.00,455.71
2019,07040AV006,Instituto Municipal Innovación  (IMI),despesa,8,60000.00,33917.25
2019,07040AV006,Instituto Municipal Innovación  (IMI),ingres,7,821508.27,125031.49
2019,07040AV006,Instituto Municipal Innovación  (IMI),ingres,8,60000.00,33875.63
2019,07040AV006,Instituto Municipal Innovación  (IMI),despesa,1,5604347.19,4151780.10
2019,07040AV006,Instituto Municipal Innovación  (IMI),ingres,3,54251.80,57707.30
2019,07040AV006,Instituto Municipal Innovación  (IMI),despesa,6,821508.24,125031.49
2019,07040AV006,Instituto Municipal Innovación  (IMI),ingres,5,50.00,5
2019,07040AV006,Instituto Municipal Innovación  (IMI),ingres,4,9991898.62,8094709.35
2019,07062AA000,Son Servera,despesa,1,5459797.27,5335481.24
2019,07062AA000,Son Servera,ingres,2,410414.23,404827.44
2019,07062AA000,Son Servera,despesa,6,2393993.20,842390.27
2019,07062AA000,Son Servera,despesa,9,1697267.29,1560254.63
2019,07062AA000,Son Servera,ingres,8,1497246.92,61099.92
2019,07062AA000,Son Servera,ingres,1,8385570.51,8374470.99
2019,07062AA000,Son Servera,despesa,3,278764.30,278764.30
2019,07062AA000,Son Servera,despesa,4,338151.70,326024.92
2019,07062AA000,Son Servera,despesa,5,150000.00,0
2019,07062AA000,Son Servera,despesa,2,7333199.31,7138495.03
2019,07062AA000,Son Servera,despesa,8,60000.00,59100.00
2019,07062AA000,Son Servera,ingres,3,3869439.87,3851147.34
2019,07062AA000,Son Servera,ingres,4,2705734.45,3252154.45
2019,07062AA000,Son Servera,ingres,5,565642.21,753196.70
2019,07062AA000,Son Servera,despesa,7,125800.00,125654.06
2019,07062AA000,Son Servera,ingres,7,402924.88,306213.75
2019,07003AV002,F. Esc. M. Música,despesa,6,6510.00,4921.67
2019,07003AV002,F. Esc. M. Música,ingres,5,10.00,0
2019,07003AV002,F. Esc. M. Música,ingres,3,73000.00,71166.41
2019,07003AV002,F. Esc. M. Música,despesa,1,80670.00,69615.76
2019,07003AV002,F. Esc. M. Música,ingres,7,6510.00,4921.67
2019,07003AV002,F. Esc. M. Música,despesa,2,279090.00,201746.94
2019,07003AV002,F. Esc. M. Música,despesa,3,30.00,0
2019,07003AV002,F. Esc. M. Música,ingres,4,286780.00,200196.29
2019,07003AV003,Emisora Alcúdia Radio,ingres,4,175270.00,159720.07
2019,07003AV003,Emisora Alcúdia Radio,despesa,2,20657.00,19574.94
2019,07003AV003,Emisora Alcúdia Radio,ingres,7,3978.00,3920.49
2019,07003AV003,Emisora Alcúdia Radio,despesa,1,154573.00,140150.34
2019,07003AV003,Emisora Alcúdia Radio,despesa,3,50.00,0
2019,07003AV003,Emisora Alcúdia Radio,despesa,6,3978.00,3920.49
2019,07003AV003,Emisora Alcúdia Radio,ingres,5,10.00,5.21
2019,07039AA000,Muro,despesa,1,4097601.18,4032790.26
2019,07039AA000,Muro,despesa,2,6338492.34,6074113.67
2019,07039AA000,Muro,ingres,3,3610227.46,3999499.36
2019,07039AA000,Muro,ingres,4,1882244.61,2248582.95
2019,07039AA000,Muro,ingres,1,4510536.95,4888893.62
2019,07039AA000,Muro,despesa,3,9000.00,5804.11
2019,07039AA000,Muro,despesa,6,1734991.61,1364725.38
2019,07039AA000,Muro,ingres,7,415400.01,463267.17
2019,07039AA000,Muro,despesa,4,312168.24,291403.05
2019,07039AA000,Muro,despesa,7,118547.64,84699.84
2019,07039AA000,Muro,ingres,8,66520.09,0
2019,07039AA000,Muro,ingres,5,1825871.90,1775486.48
2019,07039AA000,Muro,ingres,2,300000.00,377276.22
2019,07011AA000,Calvià,despesa,1,36111574.90,36099185.67
2019,07011AA000,Calvià,despesa,3,504195.20,252104.11
2019,07011AA000,Calvià,ingres,1,53135000.00,56726342.81
2019,07011AA000,Calvià,despesa,4,29304651.81,29068324.69
2019,07011AA000,Calvià,despesa,2,17695469.32,15366396.88
2019,07011AA000,Calvià,despesa,7,14521718.05,14429453.03
2019,07011AA000,Calvià,ingres,5,4976901.00,4576499.99
2019,07011AA000,Calvià,ingres,6,2000.00,101.01
2019,07011AA000,Calvià,ingres,3,9861000.00,8510982.66
2019,07011AA000,Calvià,despesa,9,6798098.31,6798098.31
2019,07011AA000,Calvià,ingres,4,20700420.14,20835414.44
2019,07011AA000,Calvià,ingres,7,3122103.22,136394.00
2019,07011AA000,Calvià,ingres,8,36329427.97,294924.00
2019,07011AA000,Calvià,despesa,8,310001.00,303184.00
2019,07011AA000,Calvià,despesa,6,27882643.74,7460383.30
2019,07011AA000,Calvià,ingres,2,5001500.00,8641375.04
2019,07033AA000,Manacor,despesa,8,60100.00,60000.00
2019,07033AA000,Manacor,ingres,8,7683953.94,55604.78
2019,07033AA000,Manacor,despesa,2,19758801.70,16843514.13
2019,07033AA000,Manacor,despesa,9,1070001.00,1065900.18
2019,07033AA000,Manacor,ingres,3,9215804.02,11601057.31
2019,07033AA000,Manacor,ingres,1,19189303.68,21317573.32
2019,07033AA000,Manacor,ingres,7,630538.94,884937.63
2019,07033AA000,Manacor,despesa,3,30000.00,16813.83
2019,07033AA000,Manacor,ingres,2,505000.00,1270194.73
2019,07033AA000,Manacor,ingres,4,11180530.88,11686043.49
2019,07033AA000,Manacor,despesa,7,739404.83,656394.27
2019,07033AA000,Manacor,despesa,4,1359455.42,1269414.50
2019,07033AA000,Manacor,despesa,6,9125410.16,4587933.32
2019,07033AA000,Manacor,ingres,5,825791.00,570099.34
2019,07033AA000,Manacor,despesa,1,17087749.35,16307983.34
2019,07033AV002,P. l'Escola M. de Mallorqui,ingres,7,4500.00,4500.00
2019,07033AV002,P. l'Escola M. de Mallorqui,despesa,3,31.00,0
2019,07033AV002,P. l'Escola M. de Mallorqui,despesa,2,82170.00,74807.28
2019,07033AV002,P. l'Escola M. de Mallorqui,ingres,5,1.00,0
2019,07033AV002,P. l'Escola M. de Mallorqui,ingres,4,60200.00,60200.00
2019,07033AV002,P. l'Escola M. de Mallorqui,ingres,3,22000.00,30190.75
2019,07033AV002,P. l'Escola M. de Mallorqui,despesa,6,4500.00,4457.57
2019,07033AV003,P. M. d'Esports,despesa,2,337849.12,300570.64
2019,07033AV003,P. M. d'Esports,ingres,4,297398.00,297398.00
2019,07033AV003,P. M. d'Esports,ingres,3,8745.00,3832.87
2019,07033AV003,P. M. d'Esports,ingres,7,409200.00,409200.00
2019,07033AV003,P. M. d'Esports,ingres,8,318041.31,0
2019,07033AV003,P. M. d'Esports,despesa,6,732035.19,153793.08
2019,07033AV003,P. M. d'Esports,ingres,5,36500.00,38095.34
2019,07044AA000,Pobla (Sa),despesa,6,2351327.41,2044756.29
2019,07044AA000,Pobla (Sa),despesa,5,2760.33,0
2019,07044AA000,Pobla (Sa),despesa,1,4752041.02,4703384.51
2019,07044AA000,Pobla (Sa),despesa,7,160966.93,160966.93
2019,07044AA000,Pobla (Sa),ingres,4,3630251.20,3653649.21
2019,07044AA000,Pobla (Sa),ingres,8,2515849.67,0
2019,07044AA000,Pobla (Sa),ingres,1,4675600.00,4740962.56
2019,07044AA000,Pobla (Sa),ingres,7,198597.19,254323.14
2019,07044AA000,Pobla (Sa),ingres,3,3887663.88,3812192.87
2019,07044AA000,Pobla (Sa),ingres,2,275000.00,266852.31
2019,07044AA000,Pobla (Sa),despesa,9,1449001.73,1449001.73
2019,07044AA000,Pobla (Sa),ingres,5,16339.91,16437.80
2019,07044AA000,Pobla (Sa),despesa,3,366220.01,354861.01
2019,07044AA000,Pobla (Sa),despesa,4,299815.00,263445.78
2019,07044AA000,Pobla (Sa),despesa,2,5817169.42,5781782.71
2019,07901AA000,Ariany,ingres,7,761925.19,583359.83
2019,07901AA000,Ariany,ingres,2,50000.00,65146.36
2019,07901AA000,Ariany,despesa,6,915351.66,747342.19
2019,07901AA000,Ariany,ingres,4,387533.28,362841.97
2019,07901AA000,Ariany,ingres,5,20.00,1.17
2019,07901AA000,Ariany,despesa,3,1510.00,1127.61
2019,07901AA000,Ariany,despesa,4,125652.00,81112.39
2019,07901AA000,Ariany,despesa,2,404264.84,388046.79
2019,07901AA000,Ariany,ingres,8,180334.57,0
2019,07901AA000,Ariany,ingres,3,127332.00,143313.07
2019,07901AA000,Ariany,despesa,1,289603.03,247118.73
2019,07901AA000,Ariany,ingres,1,378921.00,391313.04
2019,07008AA000,Binissalem,despesa,6,625787.55,494880.11
2019,07008AA000,Binissalem,despesa,5,23400.00,0
2019,07008AA000,Binissalem,despesa,3,52000.00,36133.58
2019,07008AA000,Binissalem,ingres,4,2087000.00,2244885.07
2019,07008AA000,Binissalem,ingres,8,397791.83,0
2019,07008AA000,Binissalem,despesa,2,2788100.72,2716610.64
2019,07008AA000,Binissalem,ingres,1,2787377.00,2852396.62
2019,07008AA000,Binissalem,despesa,9,741000.00,738533.31
2019,07008AA000,Binissalem,ingres,7,260832.72,251993.83
2019,07008AA000,Binissalem,despesa,1,2287807.32,2240964.07
2019,07008AA000,Binissalem,despesa,4,683922.80,588440.04
2019,07008AA000,Binissalem,ingres,5,13200.00,54711.96
2019,07008AA000,Binissalem,ingres,6,60000.00,0
2019,07008AA000,Binissalem,ingres,2,270000.00,256398.13
2019,07008AA000,Binissalem,ingres,3,1456400.00,1224144.64
2019,07008AV001,P. M. d'Esports,ingres,4,1.00,1.00
2019,07008AV001,P. M. d'Esports,despesa,4,1.00,1.00
2019,07017AA000,Costitx,despesa,1,368946.07,367796.37
2019,07017AA000,Costitx,ingres,4,577319.65,592994.22
2019,07017AA000,Costitx,ingres,2,30200.00,37756.16
2019,07017AA000,Costitx,despesa,6,853941.40,851386.07
2019,07017AA000,Costitx,despesa,4,16000.00,15408.71
2019,07017AA000,Costitx,ingres,1,400000.00,451233.22
2019,07017AA000,Costitx,despesa,3,1500.00,1217.85
2019,07017AA000,Costitx,despesa,9,68565.48,65672.74
2019,07017AA000,Costitx,ingres,5,12100.00,13710.52
2019,07017AA000,Costitx,ingres,7,603778.00,574013.00
2019,07017AA000,Costitx,ingres,8,218728.88,0
2019,07017AA000,Costitx,ingres,3,64200.00,90188.64
2019,07017AA000,Costitx,despesa,2,597373.58,597173.25
2019,07018AA000,Deyá,despesa,4,155343.00,92341.42
2019,07018AA000,Deyá,despesa,6,158617.66,8262.43
2019,07018AA000,Deyá,ingres,2,60000.00,89590.30
2019,07018AA000,Deyá,ingres,8,188051.06,0
2019,07018AA000,Deyá,despesa,1,676563.80,642251.77
2019,07018AA000,Deyá,despesa,2,1381256.39,1149172.59
2019,07018AA000,Deyá,ingres,4,623372.99,492552.28
2019,07018AA000,Deyá,ingres,3,493601.00,526951.57
2019,07018AA000,Deyá,ingres,5,10000.00,5198.00
2019,07018AA000,Deyá,ingres,7,0,0
2019,07018AA000,Deyá,despesa,3,94244.20,57748.63
2019,07018AA000,Deyá,ingres,1,1091000.00,1113562.57
2019,07025AA000,Fornalutx,ingres,3,326450.00,380208.97
2019,07025AA000,Fornalutx,despesa,1,516110.00,480321.86
2019,07025AA000,Fornalutx,ingres,5,12128.19,12122.69
2019,07025AA000,Fornalutx,despesa,4,32135.00,27699.97
2019,07025AA000,Fornalutx,despesa,2,577180.95,523202.96
2019,07025AA000,Fornalutx,despesa,3,400.00,173.54
2019,07025AA000,Fornalutx,ingres,2,25345.00,39095.04
2019,07025AA000,Fornalutx,ingres,7,603193.83,603193.83
2019,07025AA000,Fornalutx,ingres,1,382849.53,407076.24
2019,07025AA000,Fornalutx,despesa,6,568056.99,77393.00
2019,07025AA000,Fornalutx,despesa,9,13907.00,13906.84
2019,07025AA000,Fornalutx,ingres,4,357823.39,386599.76
2019,07027AA000,Inca,despesa,7,609877.31,509877.31
2019,07027AA000,Inca,despesa,8,5005210.22,1653543.76
2019,07027AA000,Inca,ingres,2,377996.46,477561.53
2019,07027AA000,Inca,despesa,1,12131911.35,11608550.58
2019,07027AA000,Inca,ingres,5,166530.00,162138.78
2019,07027AA000,Inca,despesa,3,16776.25,2.40
2019,07027AA000,Inca,despesa,6,6254718.51,3300990.43
2019,07027AA000,Inca,despesa,2,13162066.64,11351111.17
2019,07027AA000,Inca,ingres,8,12653178.74,45950.00
2019,07027AA000,Inca,despesa,4,2126830.93,1170894.71
2019,07027AA000,Inca,ingres,3,8660731.89,9107333.03
2019,07027AA000,Inca,ingres,7,775408.43,398068.31
2019,07027AA000,Inca,ingres,1,10073251.80,10333312.71
2019,07027AA000,Inca,ingres,6,10.00,1179.87
2019,07027AA000,Inca,despesa,9,2618949.22,2618937.22
2019,07027AA000,Inca,ingres,4,9781423.73,9746606.56
2019,07010AA000,Bunyola,despesa,2,2827598.15,2703105.49
2019,07010AA000,Bunyola,despesa,6,1350868.57,1130382.18
2019,07010AA000,Bunyola,ingres,2,373688.34,648105.86
2019,07010AA000,Bunyola,ingres,8,889597.45,0
2019,07010AA000,Bunyola,ingres,7,615914.90,494568.00
2019,07010AA000,Bunyola,ingres,1,2647309.19,2619613.77
2019,07010AA000,Bunyola,despesa,5,18987.94,0
2019,07010AA000,Bunyola,despesa,9,1412579.80,1285363.34
2019,07010AA000,Bunyola,ingres,3,1636534.07,1575685.39
2019,07010AA000,Bunyola,ingres,5,1594.80,1297.75
2019,07010AA000,Bunyola,despesa,1,1900444.66,1717835.21
2019,07010AA000,Bunyola,ingres,4,1999039.90,2037997.66
2019,07010AA000,Bunyola,despesa,3,64471.99,41798.69
2019,07010AA000,Bunyola,despesa,4,588727.54,568526.84
2019,07035AA000,Maria de la Salut,despesa,2,1044854.63,1002697.80
2019,07035AA000,Maria de la Salut,ingres,5,15565.87,15554.77
2019,07035AA000,Maria de la Salut,ingres,7,260750.00,260754.00
2019,07035AA000,Maria de la Salut,despesa,3,2349.94,2219.21
2019,07035AA000,Maria de la Salut,ingres,1,620500.00,715853.19
2019,07035AA000,Maria de la Salut,despesa,9,80749.64,58385.96
2019,07035AA000,Maria de la Salut,despesa,4,170594.73,99752.38
2019,07035AA000,Maria de la Salut,ingres,2,55800.00,73864.29
2019,07035AA000,Maria de la Salut,ingres,4,718826.21,714243.15
2019,07035AA000,Maria de la Salut,ingres,8,354856.61,0
2019,07035AA000,Maria de la Salut,despesa,1,811044.78,756748.16
2019,07035AA000,Maria de la Salut,despesa,6,288179.27,252213.47
2019,07035AA000,Maria de la Salut,ingres,3,371474.30,294588.93
2019,07001AA000,Alaró,despesa,7,52400.00,51295.77
2019,07001AA000,Alaró,ingres,2,181100.00,245824.91
2019,07001AA000,Alaró,ingres,1,1890000.00,1839534.62
2019,07001AA000,Alaró,despesa,9,70500.00,70356.44
2019,07001AA000,Alaró,despesa,1,2266957.40,2230204.47
2019,07001AA000,Alaró,ingres,3,787900.00,803304.22
2019,07001AA000,Alaró,ingres,5,45500.00,48755.39
2019,07001AA000,Alaró,ingres,8,489429.50,0
2019,07001AA000,Alaró,despesa,3,34290.00,24318.06
2019,07001AA000,Alaró,despesa,4,396010.00,335119.35
2019,07001AA000,Alaró,despesa,2,1288908.65,1211160.92
2019,07001AA000,Alaró,ingres,7,335627.35,276814.56
2019,07001AA000,Alaró,ingres,4,1656103.40,1715258.26
2019,07001AA000,Alaró,despesa,6,1273187.61,1101247.62
2019,07015AA000,Ciutadella de Menorca,despesa,2,12929734.58,10645425.78
2019,07015AA000,Ciutadella de Menorca,ingres,2,453300.00,1140630.61
2019,07015AA000,Ciutadella de Menorca,ingres,4,8393535.28,9336629.55
2019,07015AA000,Ciutadella de Menorca,ingres,8,7045058.43,0
2019,07015AA000,Ciutadella de Menorca,despesa,7,751397.56,718441.41
2019,07015AA000,Ciutadella de Menorca,ingres,5,679260.84,558891.28
2019,07015AA000,Ciutadella de Menorca,despesa,5,142560.00,0
2019,07015AA000,Ciutadella de Menorca,despesa,1,12157096.04,11228765.04
2019,07015AA000,Ciutadella de Menorca,despesa,4,6055420.54,4641846.91
2019,07015AA000,Ciutadella de Menorca,despesa,3,1331040.10,1217111.33
2019,07015AA000,Ciutadella de Menorca,ingres,3,9421869.10,9479208.67
2019,07015AA000,Ciutadella de Menorca,despesa,9,927425.95,927425.94
2019,07015AA000,Ciutadella de Menorca,ingres,7,2342998.91,2174582.80
2019,07015AA000,Ciutadella de Menorca,despesa,6,8811347.79,3613141.81
2019,07015AA000,Ciutadella de Menorca,ingres,1,14770000.00,15456169.77
2019,07015AV002,Hospital Municipal,ingres,7,35000.00,30032.73
2019,07015AV002,Hospital Municipal,despesa,5,45440.79,0
2019,07015AV002,Hospital Municipal,ingres,4,1875917.88,1840139.71
2019,07015AV002,Hospital Municipal,ingres,5,93000.00,91447.98
2019,07015AV002,Hospital Municipal,despesa,1,2105375.21,2104938.25
2019,07015AV002,Hospital Municipal,despesa,4,2300.00,2259.00
2019,07015AV002,Hospital Municipal,ingres,3,808536.00,924052.16
2019,07015AV002,Hospital Municipal,ingres,8,75000.00,0
2019,07015AV002,Hospital Municipal,despesa,2,693720.00,683883.06
2019,07015AV002,Hospital Municipal,despesa,6,40617.88,5286.25
2019,07023AA000,Ferreries,despesa,1,2181082.58,2065079.01
2019,07023AA000,Ferreries,ingres,5,728503.00,875496.84
2019,07023AA000,Ferreries,ingres,4,1890118.45,2089053.55
2019,07023AA000,Ferreries,ingres,7,1626039.14,1069380.15
2019,07023AA000,Ferreries,ingres,8,951123.32,32790.00
2019,07023AA000,Ferreries,despesa,7,30475.00,19200.00
2019,07023AA000,Ferreries,ingres,1,2226000.00,2076139.03
2019,07023AA000,Ferreries,despesa,2,2097402.68,1935094.09
2019,07023AA000,Ferreries,despesa,3,196849.50,181044.67
2019,07023AA000,Ferreries,despesa,4,899352.50,771726.63
2019,07023AA000,Ferreries,despesa,8,40000.00,32790.00
2019,07023AA000,Ferreries,despesa,5,94972.36,0
2019,07023AA000,Ferreries,despesa,6,2524151.29,1355499.89
2019,07023AA000,Ferreries,ingres,2,62000.00,99220.51
2019,07023AA000,Ferreries,ingres,3,580502.00,655617.61
2019,07042AA000,Pollença,despesa,4,3579826.46,3426938.10
2019,07042AA000,Pollença,ingres,8,6756797.86,0
2019,07042AA000,Pollença,ingres,5,64217.32,48785.68
2019,07042AA000,Pollença,despesa,2,8658224.18,8072888.84
2019,07042AA000,Pollença,ingres,2,850040.00,1171932.97
2019,07042AA000,Pollença,despesa,1,9307981.94,8436242.13
2019,07042AA000,Pollença,ingres,1,10490000.00,11276639.03
2019,07042AA000,Pollença,despesa,3,81000.00,12719.26
2019,07042AA000,Pollença,despesa,7,250000.00,0
2019,07042AA000,Pollença,despesa,6,8016345.71,2804091.28
2019,07042AA000,Pollença,ingres,3,6902240.00,7729909.99
2019,07042AA000,Pollença,ingres,4,4499999.39,4857009.30
2019,07042AA000,Pollença,ingres,7,516584.13,209051.49
2019,07051AA000,Sant Llorenç des Cardassar,ingres,4,2468032.81,2990357.85
2019,07051AA000,Sant Llorenç des Cardassar,ingres,8,11607007.71,23900.00
2019,07051AA000,Sant Llorenç des Cardassar,despesa,1,4897239.50,4827525.74
2019,07051AA000,Sant Llorenç des Cardassar,despesa,5,7319.35,0
2019,07051AA000,Sant Llorenç des Cardassar,despesa,4,5962208.71,5888057.46
2019,07051AA000,Sant Llorenç des Cardassar,ingres,2,802000.00,1462826.98
2019,07051AA000,Sant Llorenç des Cardassar,despesa,7,5194236.23,3322181.61
2019,07051AA000,Sant Llorenç des Cardassar,ingres,1,8835000.00,9357803.07
2019,07051AA000,Sant Llorenç des Cardassar,ingres,5,1178000.00,892423.52
2019,07051AA000,Sant Llorenç des Cardassar,ingres,9,5077210.51,0
2019,07051AA000,Sant Llorenç des Cardassar,despesa,3,39373.77,12283.37
2019,07051AA000,Sant Llorenç des Cardassar,despesa,2,4794802.85,4374011.18
2019,07051AA000,Sant Llorenç des Cardassar,ingres,3,4473500.00,5514389.49
2019,07051AA000,Sant Llorenç des Cardassar,ingres,7,6820860.80,8235485.09
2019,07051AA000,Sant Llorenç des Cardassar,despesa,8,10000.00,8900.00
2019,07051AA000,Sant Llorenç des Cardassar,despesa,6,20356431.42,15990765.11
2019,07054AA000,Santa Eulalia del Río,despesa,4,3083514.82,2103983.86
2019,07054AA000,Santa Eulalia del Río,ingres,2,2000260.00,3054453.76
2019,07054AA000,Santa Eulalia del Río,ingres,6,20.00,4032.00
2019,07054AA000,Santa Eulalia del Río,ingres,8,19866539.36,12000.00
2019,07054AA000,Santa Eulalia del Río,ingres,9,20.00,0
2019,07054AA000,Santa Eulalia del Río,despesa,2,24329238.92,22727255.56
2019,07054AA000,Santa Eulalia del Río,despesa,8,1521010.00,1518000.00
2019,07054AA000,Santa Eulalia del Río,despesa,9,4231520.00,4231295.19
2019,07054AA000,Santa Eulalia del Río,ingres,4,8904939.94,9228745.05
2019,07054AA000,Santa Eulalia del Río,despesa,6,19002769.17,10984912.39
2019,07054AA000,Santa Eulalia del Río,ingres,5,1267106.47,1191929.38
2019,07054AA000,Santa Eulalia del Río,ingres,1,17789522.97,19291593.94
2019,07054AA000,Santa Eulalia del Río,despesa,7,391693.98,280207.75
2019,07054AA000,Santa Eulalia del Río,ingres,7,1597891.30,1165685.46
2019,07054AA000,Santa Eulalia del Río,despesa,1,10243799.84,9628287.75
2019,07054AA000,Santa Eulalia del Río,despesa,3,110380.00,49762.88
2019,07054AA000,Santa Eulalia del Río,ingres,3,11487626.69,12780155.82
2019,07056AA000,Santa María del Camí,despesa,6,2435474.09,1346393.04
2019,07056AA000,Santa María del Camí,despesa,1,2903698.04,2785077.55
2019,07056AA000,Santa María del Camí,ingres,1,2241548.33,2409906.35
2019,07056AA000,Santa María del Camí,ingres,5,100.00,0
2019,07056AA000,Santa María del Camí,ingres,4,2105674.63,2160461.17
2019,07056AA000,Santa María del Camí,ingres,2,141799.00,185648.88
2019,07056AA000,Santa María del Camí,ingres,7,177820.40,150000.00
2019,07056AA000,Santa María del Camí,ingres,8,2123864.08,0
2019,07056AA000,Santa María del Camí,despesa,2,2568861.82,2382980.94
2019,07056AA000,Santa María del Camí,despesa,4,380172.94,319003.61
2019,07056AA000,Santa María del Camí,ingres,3,1497400.45,1660967.85
2019,07057AA000,Santanyí,despesa,7,39583.69,37156.78
2019,07057AA000,Santanyí,ingres,7,491777.83,316872.28
2019,07057AA000,Santanyí,ingres,4,3267471.42,3658029.70
2019,07057AA000,Santanyí,despesa,4,2381200.00,2346863.76
2019,07057AA000,Santanyí,despesa,2,9832670.28,9045295.39
2019,07057AA000,Santanyí,despesa,6,3101546.42,2163253.87
2019,07057AA000,Santanyí,ingres,3,4865201.91,6217761.30
2019,07057AA000,Santanyí,ingres,8,1412091.16,0
2019,07057AA000,Santanyí,ingres,1,10618833.76,11920029.45
2019,07057AA000,Santanyí,ingres,2,855000.00,1912865.38
2019,07057AA000,Santanyí,despesa,1,7221763.38,7076549.29
2019,07057AA000,Santanyí,despesa,3,6900.00,2799.77
2019,07057AA000,Santanyí,ingres,5,1073287.69,1074331.29
2019,07902AA000,Migjorn Gran (Es),ingres,7,1502161.85,1411773.73
2019,07902AA000,Migjorn Gran (Es),ingres,1,1078000.00,1112049.00
2019,07902AA000,Migjorn Gran (Es),despesa,1,1041172.30,974831.32
2019,07902AA000,Migjorn Gran (Es),despesa,3,1000.00,490.81
2019,07902AA000,Migjorn Gran (Es),ingres,4,684804.81,796434.58
2019,07902AA000,Migjorn Gran (Es),ingres,8,1702420.86,0
2019,07902AA000,Migjorn Gran (Es),despesa,7,2000.00,1860.64
2019,07902AA000,Migjorn Gran (Es),ingres,2,70700.00,35842.00
2019,07902AA000,Migjorn Gran (Es),despesa,6,3347348.21,1359695.96
2019,07902AA000,Migjorn Gran (Es),ingres,5,119100.00,118718.50
2019,07902AA000,Migjorn Gran (Es),despesa,8,1000.00,0
2019,07902AA000,Migjorn Gran (Es),despesa,2,1040937.48,809588.18
2019,07902AA000,Migjorn Gran (Es),despesa,4,378871.45,321629.20
2019,07902AA000,Migjorn Gran (Es),despesa,9,35178.08,35175.08
2019,07902AA000,Migjorn Gran (Es),ingres,3,690320.00,683308.25
2019,07001DD000,Consejo Insular de Ibiza,despesa,7,7338187.96,2756821.35
2019,07001DD000,Consejo Insular de Ibiza,ingres,2,3336790.00,3109776.88
2019,07001DD000,Consejo Insular de Ibiza,despesa,2,25415190.90,15793781.42
2019,07001DD000,Consejo Insular de Ibiza,despesa,1,34903904.95,29852858.67
2019,07001DD000,Consejo Insular de Ibiza,ingres,3,4984064.99,7363265.64
2019,07001DD000,Consejo Insular de Ibiza,despesa,3,124127.79,16232.71
2019,07001DD000,Consejo Insular de Ibiza,ingres,9,200000.00,61944.36
2019,07001DD000,Consejo Insular de Ibiza,despesa,9,211800.00,16883.97
2019,07001DD000,Consejo Insular de Ibiza,ingres,7,44342387.16,7122869.55
2019,07001DD000,Consejo Insular de Ibiza,despesa,8,250000.00,169505.80
2019,07001DD000,Consejo Insular de Ibiza,ingres,8,1265453.82,202276.45
2019,07001DD000,Consejo Insular de Ibiza,despesa,4,20396797.76,14593531.37
2019,07001DD000,Consejo Insular de Ibiza,despesa,6,45068306.15,12334347.98
2019,07001DD000,Consejo Insular de Ibiza,ingres,1,3000000.00,2616816.18
2019,07001DD000,Consejo Insular de Ibiza,ingres,4,76529619.54,75600023.26
2019,07001DD000,Consejo Insular de Ibiza,ingres,5,50000.00,823312.14
2019,07002DD000,Consejo Insular de Mallorca,ingres,2,17138500.54,18260612.41
2019,07002DD000,Consejo Insular de Mallorca,despesa,1,75737857.27,72730975.02
2019,07002DD000,Consejo Insular de Mallorca,despesa,6,273605211.05,54925967.90
2019,07002DD000,Consejo Insular de Mallorca,ingres,3,15673291.51,7311136.12
2019,07002DD000,Consejo Insular de Mallorca,ingres,5,1952201.87,2915493.90
2019,07002DD000,Consejo Insular de Mallorca,ingres,1,14376930.22,17604157.39
2019,07002DD000,Consejo Insular de Mallorca,ingres,4,368627970.01,367664185.30
2019,07002DD000,Consejo Insular de Mallorca,despesa,8,108039.00,70147.98
2019,07002DD000,Consejo Insular de Mallorca,despesa,5,559967.06,0
2019,07002DD000,Consejo Insular de Mallorca,ingres,8,89125189.61,62108.98
2019,07002DD000,Consejo Insular de Mallorca,despesa,2,70691208.57,35626399.21
2019,07002DD000,Consejo Insular de Mallorca,despesa,3,2973520.35,2044585.08
2019,07002DD000,Consejo Insular de Mallorca,despesa,4,217016554.00,213297580.77
2019,07002DD000,Consejo Insular de Mallorca,despesa,7,49230980.29,30410555.90
2019,07002DD000,Consejo Insular de Mallorca,despesa,9,2919503.63,2919503.63
2019,07002DD000,Consejo Insular de Mallorca,ingres,7,185948757.46,51901801.49
2019,07003DD000,Consejo Insular de Menorca,despesa,7,19871647.14,14559197.05
2019,07003DD000,Consejo Insular de Menorca,despesa,8,335000.00,172007.49
2019,07003DD000,Consejo Insular de Menorca,despesa,5,300000.00,0
2019,07003DD000,Consejo Insular de Menorca,despesa,3,669437.76,258988.30
2019,07003DD000,Consejo Insular de Menorca,despesa,4,22316847.55,19265366.96
2019,07003DD000,Consejo Insular de Menorca,despesa,9,16176331.36,15924801.34
2019,07003DD000,Consejo Insular de Menorca,ingres,4,70667527.89,70456244.90
2019,07003DD000,Consejo Insular de Menorca,despesa,6,27666746.85,7848946.22
2019,07003DD000,Consejo Insular de Menorca,ingres,9,17041937.21,5992323.72
2019,07003DD000,Consejo Insular de Menorca,despesa,2,15181992.93,12089495.28
2019,07003DD000,Consejo Insular de Menorca,ingres,1,1221894.24,1383681.86
2019,07003DD000,Consejo Insular de Menorca,despesa,1,23489024.89,22122301.31
2019,07003DD000,Consejo Insular de Menorca,ingres,2,1707024.19,1639755.67
2019,07003DD000,Consejo Insular de Menorca,ingres,3,3035128.57,2677160.61
2019,07003DD000,Consejo Insular de Menorca,ingres,6,0,31857.62
2019,07003DD000,Consejo Insular de Menorca,ingres,7,23575532.26,9814110.93
2019,07003DD000,Consejo Insular de Menorca,ingres,5,74244.68,58312.13
2019,07003DD000,Consejo Insular de Menorca,ingres,8,8683739.44,164753.78
2019,07003DV002,Consell Economic i Social,despesa,4,10000.00,10000.00
2019,07003DV002,Consell Economic i Social,despesa,2,13250.00,0
2019,07003DV002,Consell Economic i Social,ingres,4,23250.00,10000.00
2019,07002DO001,Agència  Protecció Legalitat Urbanística i Territorial de Mallorca,despesa,6,180719.08,35553.02
2019,07002DO001,Agència  Protecció Legalitat Urbanística i Territorial de Mallorca,despesa,8,6000.00,0
2019,07002DO001,Agència  Protecció Legalitat Urbanística i Territorial de Mallorca,despesa,1,2199265.99,1766106.95
2019,07002DO001,Agència  Protecció Legalitat Urbanística i Territorial de Mallorca,ingres,8,6000.00,0
2019,07002DO001,Agència  Protecció Legalitat Urbanística i Territorial de Mallorca,despesa,2,262000.00,30467.03
2019,07002DO001,Agència  Protecció Legalitat Urbanística i Territorial de Mallorca,ingres,3,2126985.07,6363851.94
2019,07002DO001,Agència  Protecció Legalitat Urbanística i Territorial de Mallorca,ingres,4,515000.00,964999.80
2019,07010AE001,Palmanyola,despesa,6,338765.70,125507.71
2019,07010AE001,Palmanyola,despesa,1,318045.79,303002.36
2019,07010AE001,Palmanyola,ingres,3,29832.00,34400.72
2019,07010AE001,Palmanyola,ingres,4,589751.53,586952.23
2019,07010AE001,Palmanyola,ingres,8,116357.47,0
2019,07010AE001,Palmanyola,despesa,2,330563.20,320266.72
2019,07010AE001,Palmanyola,ingres,5,15900.00,15659.97
2019,07010AE001,Palmanyola,despesa,4,1564.13,1564.13
2019,07010AE001,Palmanyola,despesa,3,2252.45,2157.82
2019,07010AE001,Palmanyola,ingres,7,239350.27,206303.39
2019,07040AV002,P. M. d'Escoles d'Infants,ingres,8,11000.00,0
2019,07040AV002,P. M. d'Escoles d'Infants,ingres,5,20.00,0
2019,07040AV002,P. M. d'Escoles d'Infants,despesa,6,1925498.16,437811.61
2019,07040AV002,P. M. d'Escoles d'Infants,despesa,1,3618802.47,3598315.97
2019,07040AV002,P. M. d'Escoles d'Infants,ingres,3,790882.07,1101178.41
2019,07040AV002,P. M. d'Escoles d'Infants,despesa,8,11000.00,0
2019,07040AV002,P. M. d'Escoles d'Infants,despesa,2,3571109.08,3221043.09
2019,07040AV002,P. M. d'Escoles d'Infants,despesa,4,270050.00,230912.50
2019,07040AV002,P. M. d'Escoles d'Infants,ingres,4,6701059.48,6299713.81
2019,07040AV002,P. M. d'Escoles d'Infants,ingres,7,1893498.16,426305.76
2019,07029AA000,Lloseta,ingres,9,149277.62,0
2019,07029AA000,Lloseta,despesa,2,2486942.48,2135042.89
2019,07029AA000,Lloseta,ingres,8,635121.06,0
2019,07029AA000,Lloseta,ingres,3,1610709.52,1233378.23
2019,07029AA000,Lloseta,despesa,1,2905049.94,2842320.62
2019,07029AA000,Lloseta,despesa,3,23021.00,21396.64
2019,07029AA000,Lloseta,despesa,6,381552.75,183826.16
2019,07029AA000,Lloseta,ingres,1,2046983.38,1933968.67
2019,07029AA000,Lloseta,ingres,7,176721.56,49439.56
2019,07029AA000,Lloseta,ingres,4,1773470.76,1806399.88
2019,07029AA000,Lloseta,ingres,5,28329.56,80879.49
2019,07029AA000,Lloseta,despesa,4,579572.54,487813.09
2019,07029AA000,Lloseta,despesa,9,169474.75,169474.75
2019,07029AA000,Lloseta,ingres,2,125000.00,98505.12
2019,07004AA000,Algaida,despesa,1,1661213.72,1549021.65
2019,07004AA000,Algaida,despesa,6,996296.47,620455.90
2019,07004AA000,Algaida,ingres,1,1878309.13,1903891.67
2019,07004AA000,Algaida,ingres,2,152100.00,300920.96
2019,07004AA000,Algaida,despesa,2,2109683.88,1674115.77
2019,07004AA000,Algaida,ingres,5,25650.00,26011.14
2019,07004AA000,Algaida,ingres,4,1240023.86,1338461.22
2019,07004AA000,Algaida,ingres,7,219853.00,234997.44
2019,07004AA000,Algaida,ingres,8,540721.76,0
2019,07004AA000,Algaida,despesa,3,2520.00,2058.78
2019,07004AA000,Algaida,ingres,3,862006.79,401787.13
2019,07004AA000,Algaida,despesa,4,111890.20,103709.98
2019,07004AA000,Algaida,despesa,9,37060.27,37060.26
2019,07013AA000,Campos,despesa,1,4657205.89,4392216.74
2019,07013AA000,Campos,ingres,2,972700.00,676210.00
2019,07013AA000,Campos,despesa,7,399180.88,353062.75
2019,07013AA000,Campos,ingres,1,4967722.10,5372081.34
2019,07013AA000,Campos,ingres,8,6073764.67,0
2019,07013AA000,Campos,despesa,3,6775.00,6774.92
2019,07013AA000,Campos,despesa,6,6620942.17,1588287.91
2019,07013AA000,Campos,ingres,3,3816700.00,4414303.56
2019,07013AA000,Campos,ingres,5,520025.00,881634.83
2019,07013AA000,Campos,despesa,2,7509009.81,6876720.11
2019,07013AA000,Campos,ingres,7,551859.65,181601.61
2019,07013AA000,Campos,despesa,4,116758.14,100637.43
2019,07013AA000,Campos,ingres,4,2407100.47,2947415.89
2019,07020AV001,"P. M. Cultura, Deporte y Tiempo libre",despesa,4,39620.98,39477.02
2019,07020AV001,"P. M. Cultura, Deporte y Tiempo libre",ingres,4,42000.00,18000.00
2019,07020AV001,"P. M. Cultura, Deporte y Tiempo libre",despesa,2,2379.02,2379.02
2019,07022AA000,Felanitx,despesa,2,9096870.03,8500627.62
2019,07022AA000,Felanitx,ingres,1,8808396.52,9360936.63
2019,07022AA000,Felanitx,despesa,3,21150.00,9787.44
2019,07022AA000,Felanitx,despesa,4,978773.63,804713.97
2019,07022AA000,Felanitx,ingres,2,352900.00,899839.06
2019,07022AA000,Felanitx,despesa,6,2312345.46,1353947.09
2019,07022AA000,Felanitx,despesa,7,159818.38,13825.12
2019,07022AA000,Felanitx,ingres,3,4665818.00,4408128.88
2019,07022AA000,Felanitx,ingres,4,4740822.13,4406701.56
2019,07022AA000,Felanitx,ingres,5,327400.00,517287.96
2019,07022AA000,Felanitx,ingres,8,542749.47,0
2019,07022AA000,Felanitx,ingres,7,509110.00,390381.03
2019,07022AA000,Felanitx,despesa,1,7378238.62,6902577.45
2019,07031AA000,Llucmajor,despesa,6,6634273.41,2624155.23
2019,07031AA000,Llucmajor,despesa,9,2441500.00,2441434.42
2019,07031AA000,Llucmajor,ingres,3,11102773.16,12808583.43
2019,07031AA000,Llucmajor,ingres,4,8518562.23,9641122.33
2019,07031AA000,Llucmajor,despesa,5,723506.25,0
2019,07031AA000,Llucmajor,despesa,1,21556501.51,17772902.01
2019,07031AA000,Llucmajor,despesa,7,353945.32,92945.32
2019,07031AA000,Llucmajor,ingres,1,20140000.00,20739418.05
2019,07031AA000,Llucmajor,ingres,7,1654978.92,325599.04
2019,07031AA000,Llucmajor,despesa,2,17790683.01,14674813.25
2019,07031AA000,Llucmajor,despesa,8,72085.28,72085.28
2019,07031AA000,Llucmajor,ingres,2,860000.00,1150580.02
2019,07031AA000,Llucmajor,ingres,5,2862600.00,919910.98
2019,07031AA000,Llucmajor,despesa,3,745000.00,355371.82
2019,07031AA000,Llucmajor,ingres,8,6490208.65,40468.41
2019,07031AA000,Llucmajor,despesa,4,1311628.18,1289690.82
2019,07055AA000,Santa Margalida,despesa,2,7521868.35,6238817.37
2019,07055AA000,Santa Margalida,ingres,4,2748311.46,3350975.27
2019,07055AA000,Santa Margalida,ingres,5,998950.00,1011401.32
2019,07055AA000,Santa Margalida,despesa,6,5585785.16,2629236.92
2019,07055AA000,Santa Margalida,despesa,3,4690.00,2258.88
2019,07055AA000,Santa Margalida,ingres,2,120000.00,564377.88
2019,07055AA000,Santa Margalida,ingres,8,2586084.20,0
2019,07055AA000,Santa Margalida,despesa,4,252345.98,225072.37
2019,07055AA000,Santa Margalida,ingres,3,4079672.93,4707243.48
2019,07055AA000,Santa Margalida,ingres,7,1591154.54,956809.67
2019,07055AA000,Santa Margalida,despesa,1,5281283.64,4630466.71
2019,07055AA000,Santa Margalida,despesa,7,12000.00,12000.00
2019,07055AA000,Santa Margalida,ingres,1,6533800.00,7044206.60
2019,07064AA000,Castell (Es),despesa,4,487979.00,463968.26
2019,07064AA000,Castell (Es),ingres,2,140000.00,98092.71
2019,07064AA000,Castell (Es),ingres,5,7700.00,5603.71
2019,07064AA000,Castell (Es),ingres,4,2100341.00,2304981.04
2019,07064AA000,Castell (Es),despesa,1,3679414.00,3679284.69
2019,07064AA000,Castell (Es),despesa,6,5035594.34,1046624.58
2019,07064AA000,Castell (Es),ingres,3,520100.00,576477.21
2019,07064AA000,Castell (Es),ingres,8,1195546.84,0
2019,07064AA000,Castell (Es),despesa,2,1709700.00,1699781.61
2019,07064AA000,Castell (Es),ingres,1,3997837.24,4531396.18
2019,07064AA000,Castell (Es),despesa,7,46510.13,40378.48
2019,07064AA000,Castell (Es),despesa,3,33000.00,23497.51
2019,07064AA000,Castell (Es),despesa,9,275000.00,273723.37
2019,07064AA000,Castell (Es),ingres,7,3305672.39,838941.68
2019,07003AV001,P. M. D'Esports,despesa,1,338127.00,284542.50
2019,07003AV001,P. M. D'Esports,despesa,2,542720.00,469599.11
2019,07003AV001,P. M. D'Esports,ingres,4,806137.00,607468.16
2019,07003AV001,P. M. D'Esports,ingres,5,3910.00,1905.00
2019,07003AV001,P. M. D'Esports,ingres,7,42020.00,6225.75
2019,07003AV001,P. M. D'Esports,ingres,3,132000.00,145286.33
2019,07003AV001,P. M. D'Esports,despesa,3,200.00,117.88
2019,07003AV001,P. M. D'Esports,despesa,6,42020.00,6225.75
2019,07003AV001,P. M. D'Esports,despesa,4,61000.00,400.00
2019,07011AO001,"Inst. M. de Educación y Bibliotecas, IMEB -Calvià",ingres,3,1583102.89,1285063.62
2019,07011AO001,"Inst. M. de Educación y Bibliotecas, IMEB -Calvià",ingres,8,42154.10,16078.00
2019,07011AO001,"Inst. M. de Educación y Bibliotecas, IMEB -Calvià",despesa,2,2183400.36,1916323.18
2019,07011AO001,"Inst. M. de Educación y Bibliotecas, IMEB -Calvià",despesa,4,255013.66,247559.95
2019,07011AO001,"Inst. M. de Educación y Bibliotecas, IMEB -Calvià",ingres,5,100.00,73.98
2019,07011AO001,"Inst. M. de Educación y Bibliotecas, IMEB -Calvià",despesa,8,22000.00,16078.00
2019,07011AO001,"Inst. M. de Educación y Bibliotecas, IMEB -Calvià",despesa,7,50000.00,49999.98
2019,07011AO001,"Inst. M. de Educación y Bibliotecas, IMEB -Calvià",ingres,4,5663051.89,5663051.89
2019,07011AO001,"Inst. M. de Educación y Bibliotecas, IMEB -Calvià",despesa,1,4718994.87,4718207.85
2019,07011AO001,"Inst. M. de Educación y Bibliotecas, IMEB -Calvià",despesa,6,177000.00,138025.64
2019,07011AO001,"Inst. M. de Educación y Bibliotecas, IMEB -Calvià",ingres,7,118000.00,518000.00
2019,07011AO002,Oficina Municipal de Tributos de Calvià,despesa,8,22000.00,14000.00
2019,07011AO002,Oficina Municipal de Tributos de Calvià,ingres,3,286552.05,206723.96
2019,07011AO002,Oficina Municipal de Tributos de Calvià,ingres,8,109906.75,14000.00
2019,07011AO002,Oficina Municipal de Tributos de Calvià,despesa,1,1329460.42,1190414.37
2019,07011AO002,Oficina Municipal de Tributos de Calvià,ingres,4,1494115.00,1407614.96
2019,07011AO002,Oficina Municipal de Tributos de Calvià,despesa,6,5000.00,3216.23
2019,07011AO002,Oficina Municipal de Tributos de Calvià,ingres,7,5000.00,0
2019,07011AO002,Oficina Municipal de Tributos de Calvià,despesa,2,539113.38,344172.99
2019,07027AV001,Llar d'infants d'Inca,despesa,6,4500.00,3366.70
2019,07027AV001,Llar d'infants d'Inca,despesa,2,134710.37,125864.76
2019,07027AV001,Llar d'infants d'Inca,despesa,1,661379.87,636662.41
2019,07027AV001,Llar d'infants d'Inca,ingres,3,305794.04,319599.60
2019,07027AV001,Llar d'infants d'Inca,ingres,8,10.00,0
2019,07027AV001,Llar d'infants d'Inca,ingres,4,486586.20,400000.00
2019,07027AV001,Llar d'infants d'Inca,despesa,8,10.00,0
2019,07027AV001,Llar d'infants d'Inca,ingres,7,4500.00,0
2019,07027AV001,Llar d'infants d'Inca,ingres,5,3710.00,256.33
2019,07015AV003,P. Esc. Infantiles,despesa,6,31848.41,4873.41
2019,07015AV003,P. Esc. Infantiles,despesa,5,9183.85,0
2019,07015AV003,P. Esc. Infantiles,ingres,8,15037.41,0
2019,07015AV003,P. Esc. Infantiles,ingres,3,200000.00,199908.11
2019,07015AV003,P. Esc. Infantiles,ingres,4,800526.70,810826.93
2019,07015AV003,P. Esc. Infantiles,despesa,1,467542.85,445204.85
2019,07015AV003,P. Esc. Infantiles,despesa,2,536989.00,517817.07
2019,07015AV003,P. Esc. Infantiles,ingres,5,0,10.57
2019,07015AV003,P. Esc. Infantiles,ingres,7,30000.00,3025.00
2019,07043AA000,Porreres,ingres,2,192674.34,196368.88
2019,07043AA000,Porreres,despesa,5,18419.19,0
2019,07043AA000,Porreres,ingres,4,1640842.31,1594923.06
2019,07043AA000,Porreres,ingres,7,1604294.60,1536341.99
2019,07043AA000,Porreres,despesa,4,428034.93,422269.10
2019,07043AA000,Porreres,despesa,7,50765.67,50765.67
2019,07043AA000,Porreres,despesa,1,1132300.99,1126819.44
2019,07043AA000,Porreres,ingres,1,1590463.86,2035851.23
2019,07043AA000,Porreres,ingres,5,15025.00,19093.20
2019,07043AA000,Porreres,despesa,6,1845129.01,1768946.29
2019,07043AA000,Porreres,despesa,9,212296.67,212296.67
2019,07043AA000,Porreres,ingres,3,270370.10,254096.04
2019,07043AA000,Porreres,despesa,3,16200.00,15324.22
2019,07043AA000,Porreres,despesa,2,1610523.75,1608363.54
2019,07002DV001,Inst. l'Esport Hipic,ingres,3,272500.00,275366.45
2019,07002DV001,Inst. l'Esport Hipic,ingres,8,2134954.76,2163.96
2019,07002DV001,Inst. l'Esport Hipic,ingres,7,447000.00,447000.00
2019,07002DV001,Inst. l'Esport Hipic,ingres,4,2553000.00,2556000.00
2019,07002DV001,Inst. l'Esport Hipic,ingres,5,399347.16,443489.28
2019,07002DV001,Inst. l'Esport Hipic,despesa,1,1120188.45,998546.16
2019,07002DV001,Inst. l'Esport Hipic,despesa,2,864155.11,632645.13
2019,07002DV001,Inst. l'Esport Hipic,despesa,3,3000.00,0
2019,07002DV001,Inst. l'Esport Hipic,despesa,6,1152939.79,286326.17
2019,07002DV001,Inst. l'Esport Hipic,despesa,4,2661518.57,2509563.01
2019,07002DV001,Inst. l'Esport Hipic,despesa,8,5000.00,2163.96
2019,07002DV003,Inst.  Mallorquí d'Afers Socials,ingres,7,768500.00,835916.36
2019,07002DV003,Inst.  Mallorquí d'Afers Socials,despesa,4,33214146.48,32268151.06
2019,07002DV003,Inst.  Mallorquí d'Afers Socials,ingres,3,6109443.30,7470051.72
2019,07002DV003,Inst.  Mallorquí d'Afers Socials,ingres,5,28519.81,18305.45
2019,07002DV003,Inst.  Mallorquí d'Afers Socials,despesa,2,108089522.62,97767860.08
2019,07002DV003,Inst.  Mallorquí d'Afers Socials,despesa,1,70613302.50,70402121.99
2019,07002DV003,Inst.  Mallorquí d'Afers Socials,despesa,7,6160609.59,734423.16
2019,07002DV003,Inst.  Mallorquí d'Afers Socials,ingres,4,193128515.48,191773358.30
2019,07002DV003,Inst.  Mallorquí d'Afers Socials,ingres,6,0,80650.72
2019,07002DV003,Inst.  Mallorquí d'Afers Socials,ingres,8,27918464.20,159159.56
2019,07002DV003,Inst.  Mallorquí d'Afers Socials,despesa,3,30000.00,4572.43
2019,07002DV003,Inst.  Mallorquí d'Afers Socials,despesa,8,120000.00,91984.30
2019,07002DV003,Inst.  Mallorquí d'Afers Socials,despesa,6,9725861.60,2069344.68
2019,07003DV001,Inst. Menorquín de Estudios,despesa,1,396805.87,318593.31
2019,07003DV001,Inst. Menorquín de Estudios,despesa,4,33100.00,32394.47
2019,07003DV001,Inst. Menorquín de Estudios,ingres,3,85000.00,93468.07
2019,07003DV001,Inst. Menorquín de Estudios,ingres,5,0,22
2019,07003DV001,Inst. Menorquín de Estudios,despesa,2,402495.23,402489.45
2019,07003DV001,Inst. Menorquín de Estudios,despesa,6,3108.98,3108.98
2019,07003DV001,Inst. Menorquín de Estudios,ingres,4,750510.08,748481.14
2019,07003MM000,Mc. Migjorn de Mallorca,ingres,3,1282554.59,1373382.07
2019,07003MM000,Mc. Migjorn de Mallorca,despesa,3,2500.00,163.02
2019,07003MM000,Mc. Migjorn de Mallorca,ingres,8,324046.04,0
2019,07003MM000,Mc. Migjorn de Mallorca,despesa,2,536260.00,379484.31
2019,07003MM000,Mc. Migjorn de Mallorca,despesa,4,4600.00,3962.19
2019,07003MM000,Mc. Migjorn de Mallorca,ingres,4,24004.40,24014.40
2019,07003MM000,Mc. Migjorn de Mallorca,despesa,6,362276.04,70585.56
2019,07003MM000,Mc. Migjorn de Mallorca,ingres,5,10000.00,0
2019,07003MM000,Mc. Migjorn de Mallorca,despesa,1,734968.99,601275.38
2019,07005AA000,Andratx,despesa,5,100.00,0
2019,07005AA000,Andratx,ingres,3,5264230.00,5747883.46
2019,07005AA000,Andratx,ingres,8,6894776.11,7666.64
2019,07005AA000,Andratx,ingres,7,772448.78,459815.82
2019,07005AA000,Andratx,ingres,5,365000.00,269186.45
2019,07005AA000,Andratx,despesa,8,10000.00,0
2019,07005AA000,Andratx,despesa,3,38000.00,7751.35
2019,07005AA000,Andratx,despesa,6,7080666.13,1276130.57
2019,07005AA000,Andratx,despesa,7,145000.00,100000.00
2019,07005AA000,Andratx,despesa,1,9152841.08,8280665.93
2019,07005AA000,Andratx,despesa,2,13020006.59,10538255.02
2019,07005AA000,Andratx,ingres,2,1650000.00,3343578.71
2019,07005AA000,Andratx,despesa,4,631730.00,395175.50
2019,07005AA000,Andratx,ingres,1,12960000.00,12393645.67
2019,07005AA000,Andratx,ingres,4,2600000.00,3110042.72
2019,07007AA000,Banyalbufar,despesa,1,428028.01,426478.50
2019,07007AA000,Banyalbufar,despesa,6,272816.00,19721.58
2019,07007AA000,Banyalbufar,despesa,9,38095.82,37772.14
2019,07007AA000,Banyalbufar,despesa,2,662940.34,599326.85
2019,07007AA000,Banyalbufar,ingres,7,267516.00,14520.00
2019,07007AA000,Banyalbufar,ingres,1,413649.56,424483.53
2019,07007AA000,Banyalbufar,ingres,2,55669.10,49785.55
2019,07007AA000,Banyalbufar,ingres,4,388539.94,436046.43
2019,07007AA000,Banyalbufar,despesa,3,8380.90,8045.14
2019,07007AA000,Banyalbufar,ingres,3,274346.34,234486.76
2019,07007AA000,Banyalbufar,despesa,4,18259.87,8332.68
2019,07007AA000,Banyalbufar,ingres,5,28800.00,43966.15
2019,07031AV002,P. Molí d'En Gaspar,despesa,2,1.00,1.00
2019,07031AV002,P. Molí d'En Gaspar,ingres,4,1.00,1.00
2019,07063AA000,Valldemossa,despesa,3,23081.18,23051.05
2019,07063AA000,Valldemossa,despesa,4,233168.54,185244.87
2019,07063AA000,Valldemossa,despesa,6,1243333.45,733718.20
2019,07063AA000,Valldemossa,ingres,5,103300.00,71628.56
2019,07063AA000,Valldemossa,ingres,7,426642.63,396242.73
2019,07063AA000,Valldemossa,ingres,8,1182195.60,0
2019,07063AA000,Valldemossa,ingres,3,1503170.00,1507558.18
2019,07063AA000,Valldemossa,ingres,2,205400.00,215580.93
2019,07063AA000,Valldemossa,despesa,9,895000.00,895000.00
2019,07063AA000,Valldemossa,despesa,1,1695935.90,1453524.56
2019,07063AA000,Valldemossa,despesa,2,1522815.27,1392244.67
2019,07063AA000,Valldemossa,ingres,1,1456509.94,1636035.85
2019,07063AA000,Valldemossa,ingres,4,831190.44,815821.21
2019,07056AV001,P. Res. Pers. Majors. Cas Metge Rei,despesa,2,158569.68,158539.48
2019,07056AV001,P. Res. Pers. Majors. Cas Metge Rei,despesa,6,72905.87,52905.87
2019,07056AV001,P. Res. Pers. Majors. Cas Metge Rei,ingres,3,475200.00,517513.20
2019,07056AV001,P. Res. Pers. Majors. Cas Metge Rei,ingres,4,254318.07,231187.75
2019,07056AV001,P. Res. Pers. Majors. Cas Metge Rei,ingres,5,130.00,0
2019,07056AV001,P. Res. Pers. Majors. Cas Metge Rei,ingres,8,58555.00,0
2019,07056AV001,P. Res. Pers. Majors. Cas Metge Rei,despesa,1,556727.52,556727.52
2019,07026AA000,Eivissa,ingres,7,2980010.85,4720543.61
2019,07026AA000,Eivissa,despesa,6,15765316.43,9154200.72
2019,07026AA000,Eivissa,despesa,8,274808.35,274808.35
2019,07026AA000,Eivissa,despesa,3,40000.00,31966.80
2019,07026AA000,Eivissa,despesa,7,821700.17,817905.21
2019,07026AA000,Eivissa,ingres,1,27156010.00,27511225.84
2019,07026AA000,Eivissa,despesa,5,220854.36,0
2019,07026AA000,Eivissa,despesa,1,19205954.08,17202966.40
2019,07026AA000,Eivissa,despesa,4,6343706.09,5568437.56
2019,07026AA000,Eivissa,ingres,3,16691024.44,19330164.06
2019,07026AA000,Eivissa,ingres,4,14021319.09,13548490.28
2019,07026AA000,Eivissa,ingres,6,10.00,0
2019,07026AA000,Eivissa,despesa,2,28086256.95,24506914.68
2019,07026AA000,Eivissa,ingres,2,1500000.00,1861366.84
2019,07026AA000,Eivissa,ingres,5,984620.00,3187609.28
2019,07026AA000,Eivissa,ingres,8,7425602.05,274808.61
2019,07061AA000,Sóller,despesa,2,5537456.40,5210449.09
2019,07061AA000,Sóller,ingres,8,1307910.90,0
2019,07061AA000,Sóller,ingres,1,8363075.82,8129976.88
2019,07061AA000,Sóller,ingres,7,610084.85,597814.25
2019,07061AA000,Sóller,ingres,2,401074.39,473169.36
2019,07061AA000,Sóller,ingres,3,3748847.12,3982526.50
2019,07061AA000,Sóller,ingres,4,4543701.85,4348523.24
2019,07061AA000,Sóller,despesa,4,565599.71,482256.03
2019,07061AA000,Sóller,despesa,1,6296464.32,5051206.05
2019,07061AA000,Sóller,despesa,3,69897.78,61057.32
2019,07061AA000,Sóller,despesa,7,194000.00,192332.75
2019,07061AA000,Sóller,despesa,6,2277995.75,1173683.95
2019,07061AA000,Sóller,despesa,9,1436314.60,1336314.61
2019,07061AA000,Sóller,ingres,5,263243.99,256411.92
2019,07001DV003,P. Esc. Turismo,ingres,3,109990.00,102575.84
2019,07001DV003,P. Esc. Turismo,despesa,5,5000.00,0
2019,07001DV003,P. Esc. Turismo,ingres,5,10.00,0
2019,07001DV003,P. Esc. Turismo,despesa,1,470468.47,470397.77
2019,07001DV003,P. Esc. Turismo,despesa,2,85666.20,84018.88
2019,07001DV003,P. Esc. Turismo,despesa,6,3700.00,2828.66
2019,07001DV003,P. Esc. Turismo,ingres,4,500000.00,524415.70
2019,07001DV003,P. Esc. Turismo,despesa,4,45165.33,24415.70
2019,07036AO001,Institut Municipal Comunicació,despesa,2,122920.00,97744.97
2019,07036AO001,Institut Municipal Comunicació,ingres,4,122920.00,111061.91
2019,07033AO001,Institut Públic del Teatre Municipal,ingres,4,239403.50,239403.50
2019,07033AO001,Institut Públic del Teatre Municipal,despesa,6,52196.20,46174.77
2019,07033AO001,Institut Públic del Teatre Municipal,ingres,3,334298.86,371170.68
2019,07033AO001,Institut Públic del Teatre Municipal,ingres,8,92580.20,0
2019,07033AO001,Institut Públic del Teatre Municipal,despesa,2,644086.36,641192.59
2019,07033AO001,Institut Públic del Teatre Municipal,ingres,7,30000.00,30000.00
2019,07033AO002,Institució Pública Antoni M. Alcover,ingres,4,69000.00,69000.00
2019,07033AO002,Institució Pública Antoni M. Alcover,ingres,5,0,87.66
2019,07033AO002,Institució Pública Antoni M. Alcover,despesa,2,63000.00,62981.35
2019,07033AO002,Institució Pública Antoni M. Alcover,despesa,6,11000.00,10706.84
2019,07033AO002,Institució Pública Antoni M. Alcover,ingres,7,5000.00,5000.00
2019,07041AO001,F. Escuela Municipal de Música de Petra,despesa,1,69665.87,69665.87
2019,07041AO001,F. Escuela Municipal de Música de Petra,despesa,3,1398.00,490.53
2019,07041AO001,F. Escuela Municipal de Música de Petra,ingres,3,48813.87,43689.76
2019,07041AO001,F. Escuela Municipal de Música de Petra,ingres,4,23500.00,23500.00
2019,07041AO001,F. Escuela Municipal de Música de Petra,despesa,2,1250.00,530.00
2020,07049AA000,Sant Joan,ingres,5,33710.00,30855.52
2020,07049AA000,Sant Joan,ingres,7,496368.24,605612.92
2020,07049AA000,Sant Joan,ingres,8,343820.45,0
2020,07049AA000,Sant Joan,ingres,4,653598.16,677027.76
2020,07049AA000,Sant Joan,despesa,9,50500.00,50461.79
2020,07049AA000,Sant Joan,ingres,1,683500.00,733116.53
2020,07049AA000,Sant Joan,ingres,2,40000.00,59263.15
2020,07049AA000,Sant Joan,despesa,3,600.00,265.68
2020,07049AA000,Sant Joan,despesa,4,264867.27,238037.41
2020,07049AA000,Sant Joan,despesa,6,930509.69,424975.12
2020,07049AA000,Sant Joan,despesa,2,684055.30,581426.69
2020,07049AA000,Sant Joan,ingres,3,470157.92,432689.65
2020,07049AA000,Sant Joan,despesa,1,790622.51,632067.31
2020,07059AA000,Salines (Ses),ingres,5,255800.00,160816.98
2020,07059AA000,Salines (Ses),despesa,2,3414423.23,2922829.35
2020,07059AA000,Salines (Ses),despesa,1,2785774.13,2477248.98
2020,07059AA000,Salines (Ses),despesa,4,617693.00,413335.33
2020,07059AA000,Salines (Ses),ingres,2,221000.00,371791.17
2020,07059AA000,Salines (Ses),ingres,8,2906351.65,0
2020,07059AA000,Salines (Ses),ingres,4,1532360.64,1385968.52
2020,07059AA000,Salines (Ses),ingres,9,300000.00,0
2020,07059AA000,Salines (Ses),despesa,6,3079977.77,914428.80
2020,07059AA000,Salines (Ses),ingres,1,2877500.00,3030299.98
2020,07059AA000,Salines (Ses),despesa,5,70000.00,0
2020,07059AA000,Salines (Ses),despesa,3,6500.00,4826.83
2020,07059AA000,Salines (Ses),despesa,7,160803.23,118824.88
2020,07059AA000,Salines (Ses),ingres,3,1725001.00,1562481.89
2020,07059AA000,Salines (Ses),ingres,7,317158.07,344529.10
2020,07002AA000,Alaior,despesa,1,4748009.65,4434522.53
2020,07002AA000,Alaior,despesa,9,1188997.36,1154127.87
2020,07002AA000,Alaior,ingres,3,2153062.81,1804481.22
2020,07002AA000,Alaior,ingres,8,3928041.64,4468.37
2020,07002AA000,Alaior,ingres,5,824113.19,126631.12
2020,07002AA000,Alaior,ingres,1,5220365.92,5456145.14
2020,07002AA000,Alaior,despesa,8,10000.00,4468.20
2020,07002AA000,Alaior,despesa,2,5083657.75,4121695.16
2020,07002AA000,Alaior,despesa,6,4129579.73,1631214.15
2020,07002AA000,Alaior,despesa,7,196992.00,63210.57
2020,07002AA000,Alaior,despesa,3,34711.71,10842.16
2020,07002AA000,Alaior,despesa,4,904411.98,627679.56
2020,07002AA000,Alaior,ingres,2,252487.69,196783.08
2020,07002AA000,Alaior,ingres,4,3041550.05,3113038.29
2020,07002AA000,Alaior,despesa,5,123323.68,0
2020,07002AA000,Alaior,ingres,7,1000062.56,557561.76
2020,07011AA000,Calvià,despesa,3,348484.07,340819.83
2020,07011AA000,Calvià,ingres,1,54720000.00,49247246.36
2020,07011AA000,Calvià,despesa,4,32038807.32,31081317.32
2020,07011AA000,Calvià,despesa,2,19221599.02,14200449.25
2020,07011AA000,Calvià,despesa,7,2258094.80,1759243.88
2020,07011AA000,Calvià,ingres,5,4190414.50,1382555.95
2020,07011AA000,Calvià,ingres,6,2000.00,37471.54
2020,07011AA000,Calvià,ingres,3,10141600.00,6671398.99
2020,07011AA000,Calvià,despesa,9,3201000.00,3200974.35
2020,07011AA000,Calvià,ingres,4,22701508.49,21139548.34
2020,07011AA000,Calvià,ingres,7,2901797.23,154505.54
2020,07011AA000,Calvià,ingres,8,23192306.06,275036.00
2020,07011AA000,Calvià,despesa,8,266000.00,265792.00
2020,07011AA000,Calvià,despesa,6,29772579.08,8723246.32
2020,07011AA000,Calvià,ingres,2,6101500.00,5568441.65
2020,07011AA000,Calvià,despesa,1,36844561.99,36776405.52
2020,07033AA000,Manacor,despesa,2,18933715.66,16052087.51
2020,07033AA000,Manacor,ingres,3,9833024.23,10903407.25
2020,07033AA000,Manacor,despesa,9,1.00,0
2020,07033AA000,Manacor,ingres,1,19597529.35,18739700.27
2020,07033AA000,Manacor,ingres,7,1568087.53,853093.23
2020,07033AA000,Manacor,despesa,3,148000.00,117467.09
2020,07033AA000,Manacor,ingres,2,816600.00,984934.86
2020,07033AA000,Manacor,ingres,4,10700077.74,11379989.27
2020,07033AA000,Manacor,despesa,7,1196868.56,657946.61
2020,07033AA000,Manacor,despesa,4,3629254.85,2064608.87
2020,07033AA000,Manacor,despesa,6,10837059.52,3580101.99
2020,07033AA000,Manacor,ingres,5,573791.00,51659.17
2020,07033AA000,Manacor,despesa,1,18424975.47,16285071.68
2020,07033AA000,Manacor,despesa,8,60100.00,60000.00
2020,07033AA000,Manacor,ingres,8,10140865.21,60804.02
2020,07033AV003,P. M. d'Esports,ingres,3,4000.00,-303.88
2020,07033AV003,P. M. d'Esports,ingres,7,230000.00,164230.98
2020,07033AV003,P. M. d'Esports,ingres,8,441464.48,0
2020,07033AV003,P. M. d'Esports,despesa,6,671464.48,453185.28
2020,07033AV003,P. M. d'Esports,ingres,5,36500.00,23554.54
2020,07033AV003,P. M. d'Esports,despesa,2,322150.00,249790.34
2020,07033AV003,P. M. d'Esports,ingres,4,281650.00,285946.56
2020,07901AA000,Ariany,despesa,6,383752.54,114704.04
2020,07901AA000,Ariany,ingres,4,341746.99,358956.09
2020,07901AA000,Ariany,ingres,5,20.00,0
2020,07901AA000,Ariany,despesa,3,1510.00,1471.72
2020,07901AA000,Ariany,despesa,4,236272.47,108303.10
2020,07901AA000,Ariany,despesa,2,373341.74,355435.52
2020,07901AA000,Ariany,ingres,8,88333.17,0
2020,07901AA000,Ariany,ingres,3,145760.00,175993.76
2020,07901AA000,Ariany,despesa,1,268959.04,247776.33
2020,07901AA000,Ariany,ingres,1,362028.72,314974.57
2020,07901AA000,Ariany,ingres,7,295946.91,239999.85
2020,07901AA000,Ariany,ingres,2,30000.00,35284.16
2020,07011AO002,Oficina Municipal de Tributos de Calvià,despesa,1,1435291.59,1283551.05
2020,07011AO002,Oficina Municipal de Tributos de Calvià,ingres,4,1652144.59,1505833.29
2020,07011AO002,Oficina Municipal de Tributos de Calvià,despesa,6,15000.00,14698.66
2020,07011AO002,Oficina Municipal de Tributos de Calvià,ingres,7,5000.00,0
2020,07011AO002,Oficina Municipal de Tributos de Calvià,despesa,2,435753.00,278913.88
2020,07011AO002,Oficina Municipal de Tributos de Calvià,despesa,8,25000.00,22602.00
2020,07011AO002,Oficina Municipal de Tributos de Calvià,ingres,3,120000.00,114960.22
2020,07011AO002,Oficina Municipal de Tributos de Calvià,ingres,8,133900.00,22602.00
2020,07008AA000,Binissalem,ingres,4,2433500.00,1957358.98
2020,07008AA000,Binissalem,despesa,2,2090020.00,1422601.53
2020,07008AA000,Binissalem,ingres,1,2757377.00,2358826.97
2020,07008AA000,Binissalem,despesa,9,718456.31,163779.36
2020,07008AA000,Binissalem,ingres,7,607288.77,312515.20
2020,07008AA000,Binissalem,despesa,1,2953192.74,2112849.25
2020,07008AA000,Binissalem,despesa,4,728561.51,411877.80
2020,07008AA000,Binissalem,ingres,5,26200.00,41950.69
2020,07008AA000,Binissalem,ingres,6,10000.00,0
2020,07008AA000,Binissalem,ingres,2,270000.00,142007.68
2020,07008AA000,Binissalem,ingres,3,1320400.00,851074.06
2020,07008AA000,Binissalem,despesa,6,858003.59,162716.97
2020,07008AA000,Binissalem,despesa,5,47000.00,0
2020,07008AA000,Binissalem,despesa,3,28271.69,8751.80
2020,07017AA000,Costitx,ingres,2,30200.00,47629.03
2020,07017AA000,Costitx,despesa,6,504973.80,495822.55
2020,07017AA000,Costitx,despesa,4,48760.00,36560.27
2020,07017AA000,Costitx,ingres,1,415000.00,482922.06
2020,07017AA000,Costitx,despesa,3,1000.00,977.45
2020,07017AA000,Costitx,ingres,5,18100.00,17148.64
2020,07017AA000,Costitx,ingres,7,421716.68,427718.12
2020,07017AA000,Costitx,ingres,8,27380.86,0
2020,07017AA000,Costitx,ingres,3,68200.00,67012.81
2020,07017AA000,Costitx,despesa,2,546131.60,544720.57
2020,07017AA000,Costitx,despesa,1,362000.00,346413.58
2020,07017AA000,Costitx,ingres,4,482267.86,575052.60
2020,07025AA000,Fornalutx,despesa,1,526968.04,497740.81
2020,07025AA000,Fornalutx,ingres,5,12244.19,10773.52
2020,07025AA000,Fornalutx,despesa,4,41331.95,33383.54
2020,07025AA000,Fornalutx,despesa,2,654251.98,543246.99
2020,07025AA000,Fornalutx,despesa,3,400.00,370.97
2020,07025AA000,Fornalutx,ingres,2,25345.00,28012.77
2020,07025AA000,Fornalutx,ingres,7,774458.49,535475.73
2020,07025AA000,Fornalutx,ingres,8,488925.52,0
2020,07025AA000,Fornalutx,ingres,1,432443.27,366288.49
2020,07025AA000,Fornalutx,despesa,6,1256365.59,235910.73
2020,07025AA000,Fornalutx,ingres,4,407076.09,433355.35
2020,07025AA000,Fornalutx,ingres,3,338825.00,304884.74
2020,07027AA000,Inca,despesa,6,5096457.86,3061070.22
2020,07027AA000,Inca,despesa,2,13920962.03,12083893.80
2020,07027AA000,Inca,ingres,8,9417454.07,960559.49
2020,07027AA000,Inca,despesa,4,2842469.62,1643050.36
2020,07027AA000,Inca,ingres,3,9276182.54,9463182.41
2020,07027AA000,Inca,ingres,7,875769.72,331943.31
2020,07027AA000,Inca,ingres,1,10697606.71,11077521.22
2020,07027AA000,Inca,despesa,9,0,0
2020,07027AA000,Inca,ingres,4,9180005.42,10214489.56
2020,07027AA000,Inca,despesa,7,270000.00,112518.88
2020,07027AA000,Inca,despesa,8,3386656.46,22200.00
2020,07027AA000,Inca,ingres,2,457332.03,617281.68
2020,07027AA000,Inca,despesa,1,13263597.24,12419194.68
2020,07027AA000,Inca,ingres,5,131692.00,156476.85
2020,07022AA000,Felanitx,ingres,1,8235000.00,8385887.00
2020,07022AA000,Felanitx,despesa,3,45000.00,11477.48
2020,07022AA000,Felanitx,despesa,4,1542915.03,1065881.08
2020,07022AA000,Felanitx,ingres,2,723000.00,998563.71
2020,07022AA000,Felanitx,despesa,6,5071460.13,1332689.37
2020,07022AA000,Felanitx,despesa,7,189783.07,9918.62
2020,07022AA000,Felanitx,ingres,3,4615943.65,4716277.60
2020,07022AA000,Felanitx,ingres,4,4509773.58,4871366.51
2020,07022AA000,Felanitx,ingres,5,641200.00,9979.82
2020,07022AA000,Felanitx,ingres,8,2836541.39,0
2020,07022AA000,Felanitx,ingres,9,500000.00,0
2020,07022AA000,Felanitx,ingres,7,998800.24,624557.28
2020,07022AA000,Felanitx,despesa,1,7758832.43,6993886.85
2020,07022AA000,Felanitx,despesa,2,8452268.20,7528608.11
2020,07022AV001,Ctro. Cultural,ingres,3,0,24.00
2020,07022AV001,Ctro. Cultural,ingres,4,131500.00,131500.00
2020,07022AV001,Ctro. Cultural,despesa,2,124900.00,40672.95
2020,07022AV001,Ctro. Cultural,despesa,3,100.00,0
2020,07022AV001,Ctro. Cultural,despesa,4,6500.00,5500.00
2020,07065AA000,Vilafranc de Bonany,despesa,1,521412.66,440159.80
2020,07065AA000,Vilafranc de Bonany,despesa,2,882237.14,767518.79
2020,07065AA000,Vilafranc de Bonany,despesa,4,836985.37,824635.94
2020,07065AA000,Vilafranc de Bonany,ingres,4,1053397.38,1092299.74
2020,07065AA000,Vilafranc de Bonany,ingres,8,186911.64,0
2020,07065AA000,Vilafranc de Bonany,despesa,3,12100.00,10532.02
2020,07065AA000,Vilafranc de Bonany,despesa,6,511905.17,317314.85
2020,07065AA000,Vilafranc de Bonany,ingres,2,100000.00,98452.82
2020,07065AA000,Vilafranc de Bonany,ingres,5,700.00,368.17
2020,07065AA000,Vilafranc de Bonany,despesa,9,121600.00,121440.56
2020,07065AA000,Vilafranc de Bonany,ingres,1,850200.00,860323.19
2020,07065AA000,Vilafranc de Bonany,ingres,3,394500.00,377191.81
2020,07065AA000,Vilafranc de Bonany,ingres,7,310531.32,288811.51
2020,07065AA000,Vilafranc de Bonany,despesa,5,10000.00,0
2020,07001AA000,Alaró,despesa,9,363401.17,363257.61
2020,07001AA000,Alaró,despesa,1,2501728.40,2315949.56
2020,07001AA000,Alaró,ingres,3,857170.61,805022.31
2020,07001AA000,Alaró,ingres,5,47450.00,33302.29
2020,07001AA000,Alaró,ingres,8,470305.57,0
2020,07001AA000,Alaró,despesa,3,17390.00,15941.09
2020,07001AA000,Alaró,despesa,4,405020.66,349296.78
2020,07001AA000,Alaró,despesa,2,1277699.48,1224791.04
2020,07001AA000,Alaró,ingres,7,193900.71,211204.27
2020,07001AA000,Alaró,ingres,4,1777683.46,1780583.16
2020,07001AA000,Alaró,despesa,6,667456.75,409237.65
2020,07001AA000,Alaró,ingres,2,251100.00,354043.02
2020,07001AA000,Alaró,ingres,1,1877000.00,1835024.43
2020,07015AA000,Ciutadella de Menorca,despesa,1,12509350.92,10938863.97
2020,07015AA000,Ciutadella de Menorca,despesa,4,7786686.97,6312386.80
2020,07015AA000,Ciutadella de Menorca,despesa,3,1580987.59,936310.48
2020,07015AA000,Ciutadella de Menorca,ingres,3,9176180.59,8687992.34
2020,07015AA000,Ciutadella de Menorca,despesa,9,940445.53,940445.53
2020,07015AA000,Ciutadella de Menorca,ingres,7,2664371.45,1381563.07
2020,07015AA000,Ciutadella de Menorca,despesa,6,11867825.52,5324082.21
2020,07015AA000,Ciutadella de Menorca,ingres,1,14945000.00,15441773.86
2020,07015AA000,Ciutadella de Menorca,ingres,6,0,55530.00
2020,07015AA000,Ciutadella de Menorca,despesa,2,14570790.31,12207378.24
2020,07015AA000,Ciutadella de Menorca,ingres,2,633300.00,2131993.88
2020,07015AA000,Ciutadella de Menorca,ingres,4,9368320.90,9844705.50
2020,07015AA000,Ciutadella de Menorca,ingres,8,12549632.71,0
2020,07015AA000,Ciutadella de Menorca,despesa,7,661089.20,625619.51
2020,07015AA000,Ciutadella de Menorca,ingres,5,675410.39,119359.61
2020,07015AA000,Ciutadella de Menorca,despesa,5,95040.00,0
2020,07023AA000,Ferreries,ingres,4,2217406.91,2050902.24
2020,07023AA000,Ferreries,ingres,7,523788.97,143618.52
2020,07023AA000,Ferreries,ingres,8,646864.17,14052.00
2020,07023AA000,Ferreries,despesa,7,174925.00,11275.00
2020,07023AA000,Ferreries,ingres,1,2182000.00,2221972.34
2020,07023AA000,Ferreries,despesa,2,2928816.99,2143834.34
2020,07023AA000,Ferreries,despesa,3,14800.00,14793.81
2020,07023AA000,Ferreries,despesa,4,590295.78,508292.82
2020,07023AA000,Ferreries,despesa,8,40000.00,14052.00
2020,07023AA000,Ferreries,despesa,5,58280.36,0
2020,07023AA000,Ferreries,despesa,6,1389474.38,516744.42
2020,07023AA000,Ferreries,ingres,2,85000.00,114941.82
2020,07023AA000,Ferreries,ingres,3,879602.00,586582.25
2020,07023AA000,Ferreries,despesa,1,2213070.54,2104488.47
2020,07023AA000,Ferreries,ingres,5,875001.00,227339.39
2020,07042AA000,Pollença,despesa,2,8687268.21,6597401.18
2020,07042AA000,Pollença,ingres,2,1000040.00,1123301.42
2020,07042AA000,Pollença,despesa,1,10090159.75,8413540.21
2020,07042AA000,Pollença,ingres,1,10720000.00,10967542.22
2020,07042AA000,Pollença,despesa,3,228360.63,166206.66
2020,07042AA000,Pollença,despesa,7,190157.30,61267.06
2020,07042AA000,Pollença,despesa,6,12315710.82,3698047.39
2020,07042AA000,Pollença,ingres,3,7046240.00,5951573.77
2020,07042AA000,Pollença,ingres,4,5300612.58,4989142.45
2020,07042AA000,Pollença,ingres,7,431515.48,341998.17
2020,07042AA000,Pollença,despesa,4,4211528.54,3824751.32
2020,07042AA000,Pollença,ingres,8,11177309.57,0
2020,07042AA000,Pollença,ingres,5,49217.32,6631.99
2020,07051AA000,Sant Llorenç des Cardassar,despesa,4,5726668.35,4464519.08
2020,07051AA000,Sant Llorenç des Cardassar,ingres,2,802000.00,264900.74
2020,07051AA000,Sant Llorenç des Cardassar,despesa,7,959853.65,290313.88
2020,07051AA000,Sant Llorenç des Cardassar,ingres,1,9255000.00,9267728.79
2020,07051AA000,Sant Llorenç des Cardassar,ingres,5,828000.00,248620.86
2020,07051AA000,Sant Llorenç des Cardassar,despesa,3,23027.11,21673.86
2020,07051AA000,Sant Llorenç des Cardassar,despesa,2,4920386.83,3593736.56
2020,07051AA000,Sant Llorenç des Cardassar,ingres,3,4638500.00,2919579.56
2020,07051AA000,Sant Llorenç des Cardassar,ingres,7,888434.02,5169395.40
2020,07051AA000,Sant Llorenç des Cardassar,despesa,8,10000.00,10000.00
2020,07051AA000,Sant Llorenç des Cardassar,despesa,6,8111842.51,2413121.99
2020,07051AA000,Sant Llorenç des Cardassar,ingres,4,2271000.00,3065140.01
2020,07051AA000,Sant Llorenç des Cardassar,ingres,8,6326093.97,10000.00
2020,07051AA000,Sant Llorenç des Cardassar,despesa,1,5136463.75,4732722.52
2020,07051AA000,Sant Llorenç des Cardassar,despesa,5,120785.79,0
2020,07052AA000,Sant Lluís,despesa,3,275500.00,260569.85
2020,07052AA000,Sant Lluís,despesa,7,556100.01,25368.98
2020,07052AA000,Sant Lluís,despesa,8,60000.00,35709.28
2020,07052AA000,Sant Lluís,despesa,9,870790.00,839706.49
2020,07052AA000,Sant Lluís,ingres,8,3284087.15,35709.28
2020,07052AA000,Sant Lluís,ingres,9,658862.70,0
2020,07052AA000,Sant Lluís,ingres,4,2785212.37,2887076.11
2020,07052AA000,Sant Lluís,despesa,2,4181136.55,3391115.00
2020,07052AA000,Sant Lluís,despesa,4,1250713.19,620679.99
2020,07052AA000,Sant Lluís,ingres,3,2491500.00,2051423.65
2020,07052AA000,Sant Lluís,ingres,5,422000.00,205829.64
2020,07052AA000,Sant Lluís,ingres,1,5604000.00,5715928.25
2020,07052AA000,Sant Lluís,ingres,6,612463.30,0
2020,07052AA000,Sant Lluís,despesa,6,5862834.21,915446.66
2020,07052AA000,Sant Lluís,ingres,7,2489119.69,436173.53
2020,07052AA000,Sant Lluís,despesa,1,5650171.25,4661353.10
2020,07052AA000,Sant Lluís,ingres,2,360000.00,329734.06
2020,07056AV001,P. Res. Pers. Majors. Cas Metge Rei,despesa,2,236242.40,236112.40
2020,07056AV001,P. Res. Pers. Majors. Cas Metge Rei,despesa,3,200.00,0
2020,07056AV001,P. Res. Pers. Majors. Cas Metge Rei,despesa,6,23759.40,23759.40
2020,07056AV001,P. Res. Pers. Majors. Cas Metge Rei,ingres,3,513499.00,534116.31
2020,07056AV001,P. Res. Pers. Majors. Cas Metge Rei,ingres,4,294318.07,251988.36
2020,07056AV001,P. Res. Pers. Majors. Cas Metge Rei,ingres,5,1.00,0
2020,07056AV001,P. Res. Pers. Majors. Cas Metge Rei,ingres,8,59466.20,0
2020,07056AV001,P. Res. Pers. Majors. Cas Metge Rei,despesa,1,607082.47,607082.47
2020,07002DD000,Consejo Insular de Mallorca,ingres,1,14160010.00,18816692.95
2020,07002DD000,Consejo Insular de Mallorca,ingres,4,360476351.95,365031544.18
2020,07002DD000,Consejo Insular de Mallorca,despesa,8,600000.00,51878.08
2020,07002DD000,Consejo Insular de Mallorca,ingres,8,97313023.70,52028.52
2020,07002DD000,Consejo Insular de Mallorca,despesa,2,58744951.94,39304418.33
2020,07002DD000,Consejo Insular de Mallorca,despesa,3,1119239.73,776537.06
2020,07002DD000,Consejo Insular de Mallorca,ingres,6,0,82446.34
2020,07002DD000,Consejo Insular de Mallorca,despesa,4,256798942.51,249374305.80
2020,07002DD000,Consejo Insular de Mallorca,despesa,7,69040493.29,31428616.54
2020,07002DD000,Consejo Insular de Mallorca,despesa,9,1052348.25,1050000.00
2020,07002DD000,Consejo Insular de Mallorca,ingres,7,223224235.31,49993197.56
2020,07002DD000,Consejo Insular de Mallorca,ingres,2,16769570.00,18824001.63
2020,07002DD000,Consejo Insular de Mallorca,despesa,1,83210119.25,74039356.60
2020,07002DD000,Consejo Insular de Mallorca,despesa,6,261723764.35,44888861.31
2020,07002DD000,Consejo Insular de Mallorca,ingres,3,18172863.10,14348673.96
2020,07002DD000,Consejo Insular de Mallorca,ingres,5,2173805.26,1409790.33
2020,07002DV001,Inst. l'Esport Hipic,ingres,7,857000.00,857000.00
2020,07002DV001,Inst. l'Esport Hipic,ingres,4,2493000.00,2493000.00
2020,07002DV001,Inst. l'Esport Hipic,ingres,5,456347.16,339992.60
2020,07002DV001,Inst. l'Esport Hipic,despesa,1,1154485.06,1020267.65
2020,07002DV001,Inst. l'Esport Hipic,despesa,2,1063698.03,899934.48
2020,07002DV001,Inst. l'Esport Hipic,despesa,3,10000.00,0
2020,07002DV001,Inst. l'Esport Hipic,despesa,6,1723613.62,410197.53
2020,07002DV001,Inst. l'Esport Hipic,despesa,4,1024000.00,972223.34
2020,07002DV001,Inst. l'Esport Hipic,despesa,8,5000.00,2142.00
2020,07002DV001,Inst. l'Esport Hipic,ingres,3,302753.83,245136.94
2020,07002DV001,Inst. l'Esport Hipic,ingres,8,871695.72,2142.00
2020,07002DO001,Agència  Protecció Legalitat Urbanística i Territorial de Mallorca,despesa,8,6000.00,3272.60
2020,07002DO001,Agència  Protecció Legalitat Urbanística i Territorial de Mallorca,despesa,1,2199265.99,2020800.75
2020,07002DO001,Agència  Protecció Legalitat Urbanística i Territorial de Mallorca,ingres,8,6000.00,3272.60
2020,07002DO001,Agència  Protecció Legalitat Urbanística i Territorial de Mallorca,despesa,7,0,0
2020,07002DO001,Agència  Protecció Legalitat Urbanística i Territorial de Mallorca,despesa,2,237000.00,51417.60
2020,07002DO001,Agència  Protecció Legalitat Urbanística i Territorial de Mallorca,ingres,3,1546265.99,5325873.68
2020,07002DO001,Agència  Protecció Legalitat Urbanística i Territorial de Mallorca,ingres,4,965000.00,1265000.00
2020,07002DO001,Agència  Protecció Legalitat Urbanística i Territorial de Mallorca,despesa,6,75000.00,44056.10
2020,07003DV001,Inst. Menorquín de Estudios,despesa,4,600.00,405.00
2020,07003DV001,Inst. Menorquín de Estudios,despesa,7,35000.00,31995.24
2020,07003DV001,Inst. Menorquín de Estudios,ingres,3,86000.00,42898.09
2020,07003DV001,Inst. Menorquín de Estudios,ingres,5,0,87
2020,07003DV001,Inst. Menorquín de Estudios,despesa,2,412703.27,409453.72
2020,07003DV001,Inst. Menorquín de Estudios,despesa,6,11000.00,10713.66
2020,07003DV001,Inst. Menorquín de Estudios,ingres,4,826200.00,828921.18
2020,07003DV001,Inst. Menorquín de Estudios,despesa,1,452896.73,337074.40
2020,07002MM000,Mc. Pla de Mallorca,ingres,3,1244400.00,1363206.68
2020,07002MM000,Mc. Pla de Mallorca,despesa,3,10463.69,9497.57
2020,07002MM000,Mc. Pla de Mallorca,despesa,4,401900.26,340976.56
2020,07002MM000,Mc. Pla de Mallorca,ingres,8,86218.22,0
2020,07002MM000,Mc. Pla de Mallorca,despesa,2,5923106.94,5198442.03
2020,07002MM000,Mc. Pla de Mallorca,ingres,7,35053.20,7843.20
2020,07002MM000,Mc. Pla de Mallorca,ingres,5,2500.00,0
2020,07002MM000,Mc. Pla de Mallorca,ingres,4,6812094.46,5883003.03
2020,07002MM000,Mc. Pla de Mallorca,despesa,1,917999.90,759689.35
2020,07002MM000,Mc. Pla de Mallorca,despesa,6,926795.09,206123.37
2020,07006AA000,Artà,despesa,7,1.00,0
2020,07006AA000,Artà,despesa,5,19002.00,0
2020,07006AA000,Artà,ingres,8,2489049.83,0
2020,07006AA000,Artà,ingres,2,570595.85,583357.69
2020,07006AA000,Artà,ingres,4,2565275.25,2722711.82
2020,07006AA000,Artà,ingres,3,3778752.00,3546408.87
2020,07006AA000,Artà,despesa,6,3063857.81,1817643.56
2020,07006AA000,Artà,ingres,5,33102.00,18842.93
2020,07006AA000,Artà,despesa,1,5209913.47,4921968.25
2020,07006AA000,Artà,despesa,2,4606692.81,4274389.67
2020,07006AA000,Artà,despesa,9,2102896.32,1994561.25
2020,07006AA000,Artà,despesa,3,23002.00,19752.53
2020,07006AA000,Artà,despesa,4,562148.90,507345.49
2020,07006AA000,Artà,ingres,1,4760000.00,4859218.92
2020,07006AA000,Artà,ingres,7,1390739.38,625856.22
2020,07013AA000,Campos,ingres,8,7897574.76,0
2020,07013AA000,Campos,despesa,1,5397556.63,4600928.61
2020,07013AA000,Campos,ingres,2,910400.00,611763.94
2020,07013AA000,Campos,despesa,7,146106.79,99999.96
2020,07013AA000,Campos,ingres,1,4808722.10,4943418.15
2020,07013AA000,Campos,despesa,3,222766.59,222750.53
2020,07013AA000,Campos,despesa,6,8002319.97,1563959.31
2020,07013AA000,Campos,ingres,3,4153550.00,4318775.03
2020,07013AA000,Campos,ingres,5,449500.00,123379.52
2020,07013AA000,Campos,despesa,2,8481514.53,6164805.71
2020,07013AA000,Campos,ingres,7,882402.79,449153.02
2020,07013AA000,Campos,despesa,4,279677.08,216732.42
2020,07013AA000,Campos,ingres,4,3427791.94,3599887.60
2020,07014AO001,F. Castell de Capdepera,ingres,5,500.00,0
2020,07014AO001,F. Castell de Capdepera,despesa,5,2484.10,0
2020,07014AO001,F. Castell de Capdepera,ingres,8,45249.91,0
2020,07014AO001,F. Castell de Capdepera,ingres,3,281000.00,62579.50
2020,07014AO001,F. Castell de Capdepera,despesa,2,160000.00,39656.08
2020,07014AO001,F. Castell de Capdepera,despesa,1,99364.10,96894.89
2020,07014AO001,F. Castell de Capdepera,despesa,3,13500.00,1327.44
2020,07014AO001,F. Castell de Capdepera,ingres,4,73848.20,20000.00
2020,07014AO001,F. Castell de Capdepera,despesa,6,125249.91,59275.95
2020,07064AA000,Castell (Es),ingres,5,3000.00,0
2020,07064AA000,Castell (Es),ingres,8,1680800.73,0
2020,07064AA000,Castell (Es),despesa,3,21000.00,19144.81
2020,07064AA000,Castell (Es),despesa,9,210000.00,206385.89
2020,07064AA000,Castell (Es),ingres,7,2691659.36,946922.78
2020,07064AA000,Castell (Es),despesa,4,523842.72,470772.13
2020,07064AA000,Castell (Es),ingres,2,140000.00,55605.61
2020,07064AA000,Castell (Es),ingres,4,2241241.00,2504377.44
2020,07064AA000,Castell (Es),despesa,1,3788123.30,3403658.32
2020,07064AA000,Castell (Es),despesa,6,5133710.09,1759168.72
2020,07064AA000,Castell (Es),ingres,3,545400.00,449349.74
2020,07064AA000,Castell (Es),despesa,2,1693850.00,1592375.77
2020,07064AA000,Castell (Es),ingres,1,4282935.15,4104472.68
2020,07064AA000,Castell (Es),despesa,7,214510.13,23468.42
2020,07015AV002,Hospital Municipal,despesa,5,18000.00,0
2020,07015AV002,Hospital Municipal,ingres,4,1990687.67,2010651.46
2020,07015AV002,Hospital Municipal,ingres,5,93100.00,91446.69
2020,07015AV002,Hospital Municipal,despesa,1,2319300.71,2318490.85
2020,07015AV002,Hospital Municipal,despesa,4,1400.00,1389.91
2020,07015AV002,Hospital Municipal,ingres,3,832500.00,845130.83
2020,07015AV002,Hospital Municipal,ingres,8,30032.73,0
2020,07015AV002,Hospital Municipal,despesa,2,568750.00,564865.87
2020,07015AV002,Hospital Municipal,despesa,6,58869.69,57096.95
2020,07015AV002,Hospital Municipal,ingres,7,20000.00,19701.69
2020,07043AA000,Porreres,despesa,5,18211.91,0
2020,07043AA000,Porreres,ingres,4,1521256.19,1664620.61
2020,07043AA000,Porreres,ingres,7,520142.81,172883.60
2020,07043AA000,Porreres,despesa,4,481113.35,336499.01
2020,07043AA000,Porreres,despesa,7,237411.68,237411.68
2020,07043AA000,Porreres,despesa,1,1291091.43,1045890.16
2020,07043AA000,Porreres,ingres,1,1738481.60,1865497.53
2020,07043AA000,Porreres,ingres,5,15100.00,17041.55
2020,07043AA000,Porreres,despesa,6,804782.59,418753.66
2020,07043AA000,Porreres,despesa,9,486015.64,486015.64
2020,07043AA000,Porreres,ingres,3,223088.85,190773.89
2020,07043AA000,Porreres,ingres,8,534525.70,0
2020,07043AA000,Porreres,despesa,3,11615.03,8849.44
2020,07043AA000,Porreres,despesa,2,1393375.42,1391875.18
2020,07043AA000,Porreres,ingres,2,171021.90,108759.68
2020,07003DD000,Consejo Insular de Menorca,despesa,5,55000.00,0
2020,07003DD000,Consejo Insular de Menorca,despesa,3,154209.98,154209.98
2020,07003DD000,Consejo Insular de Menorca,despesa,4,26856039.81,24868341.18
2020,07003DD000,Consejo Insular de Menorca,despesa,9,8149665.22,6350890.78
2020,07003DD000,Consejo Insular de Menorca,ingres,4,68742861.16,68141532.27
2020,07003DD000,Consejo Insular de Menorca,despesa,6,26493470.51,4891696.27
2020,07003DD000,Consejo Insular de Menorca,ingres,9,1900000.00,0
2020,07003DD000,Consejo Insular de Menorca,despesa,2,15269948.49,12023612.75
2020,07003DD000,Consejo Insular de Menorca,ingres,1,1359862.40,1242502.62
2020,07003DD000,Consejo Insular de Menorca,despesa,1,24170131.05,21913721.59
2020,07003DD000,Consejo Insular de Menorca,ingres,2,1825674.62,1677498.09
2020,07003DD000,Consejo Insular de Menorca,ingres,3,3058798.85,3053405.58
2020,07003DD000,Consejo Insular de Menorca,ingres,6,0,141650.05
2020,07003DD000,Consejo Insular de Menorca,ingres,7,24111039.63,7538547.87
2020,07003DD000,Consejo Insular de Menorca,ingres,5,76080.68,79613.54
2020,07003DD000,Consejo Insular de Menorca,ingres,8,14672990.81,362570.00
2020,07003DD000,Consejo Insular de Menorca,despesa,7,14323843.09,8656846.38
2020,07003DD000,Consejo Insular de Menorca,despesa,8,275000.00,84425.00
2020,07011AO001,"Inst. M. de Educación y Bibliotecas, IMEB -Calvià",despesa,2,2462604.51,1735931.51
2020,07011AO001,"Inst. M. de Educación y Bibliotecas, IMEB -Calvià",despesa,4,294480.00,229491.34
2020,07011AO001,"Inst. M. de Educación y Bibliotecas, IMEB -Calvià",ingres,5,100.00,0
2020,07011AO001,"Inst. M. de Educación y Bibliotecas, IMEB -Calvià",despesa,8,22000.00,16148.00
2020,07011AO001,"Inst. M. de Educación y Bibliotecas, IMEB -Calvià",ingres,4,6040718.01,6399002.77
2020,07011AO001,"Inst. M. de Educación y Bibliotecas, IMEB -Calvià",despesa,1,4768338.35,4728016.77
2020,07011AO001,"Inst. M. de Educación y Bibliotecas, IMEB -Calvià",despesa,6,967968.50,201555.86
2020,07011AO001,"Inst. M. de Educación y Bibliotecas, IMEB -Calvià",despesa,3,3529.54,3237.50
2020,07011AO001,"Inst. M. de Educación y Bibliotecas, IMEB -Calvià",ingres,7,118000.00,118000.00
2020,07011AO001,"Inst. M. de Educación y Bibliotecas, IMEB -Calvià",ingres,3,1583102.89,648075.25
2020,07011AO001,"Inst. M. de Educación y Bibliotecas, IMEB -Calvià",ingres,8,777000.00,13476.00
2020,07053AA000,Santa Eugènia,ingres,5,12589.77,17314.31
2020,07053AA000,Santa Eugènia,ingres,1,605840.00,552287.85
2020,07053AA000,Santa Eugènia,ingres,7,512277.60,534314.42
2020,07053AA000,Santa Eugènia,despesa,1,709184.45,708833.67
2020,07053AA000,Santa Eugènia,despesa,2,753525.31,685207.58
2020,07053AA000,Santa Eugènia,despesa,9,35144.09,35144.09
2020,07053AA000,Santa Eugènia,despesa,3,1200.00,1007.73
2020,07053AA000,Santa Eugènia,ingres,4,646249.29,585289.76
2020,07053AA000,Santa Eugènia,despesa,4,198498.48,178475.87
2020,07053AA000,Santa Eugènia,ingres,2,80000.00,84039.28
2020,07053AA000,Santa Eugènia,ingres,3,393457.02,311574.24
2020,07053AA000,Santa Eugènia,ingres,8,374628.26,0
2020,07053AA000,Santa Eugènia,despesa,6,927489.61,141780.59
2020,07054AA000,Santa Eulalia del Río,despesa,2,22463340.65,20097541.73
2020,07054AA000,Santa Eulalia del Río,despesa,8,3150010.00,3127000.00
2020,07054AA000,Santa Eulalia del Río,ingres,4,10335616.24,10623567.44
2020,07054AA000,Santa Eulalia del Río,despesa,6,15521403.01,7921936.88
2020,07054AA000,Santa Eulalia del Río,ingres,5,1490712.85,505692.53
2020,07054AA000,Santa Eulalia del Río,ingres,1,18399958.15,19152693.05
2020,07054AA000,Santa Eulalia del Río,despesa,7,160628.82,64121.75
2020,07054AA000,Santa Eulalia del Río,ingres,7,1549438.10,1117232.26
2020,07054AA000,Santa Eulalia del Río,despesa,1,11315513.22,9998303.25
2020,07054AA000,Santa Eulalia del Río,despesa,3,45010.00,787.07
2020,07054AA000,Santa Eulalia del Río,ingres,3,11185640.42,10268441.75
2020,07054AA000,Santa Eulalia del Río,despesa,4,4030086.93,3097094.25
2020,07054AA000,Santa Eulalia del Río,ingres,2,2200260.00,3908258.64
2020,07054AA000,Santa Eulalia del Río,ingres,8,11524316.87,14612.00
2020,07054AA000,Santa Eulalia del Río,ingres,6,20.00,0
2020,07054AA000,Santa Eulalia del Río,ingres,9,20.00,0
2020,07902AA000,Migjorn Gran (Es),despesa,1,1131391.49,977177.79
2020,07902AA000,Migjorn Gran (Es),despesa,3,1000.00,499.49
2020,07902AA000,Migjorn Gran (Es),ingres,4,813467.98,777426.17
2020,07902AA000,Migjorn Gran (Es),ingres,8,2019614.90,0
2020,07902AA000,Migjorn Gran (Es),despesa,7,700.00,465.16
2020,07902AA000,Migjorn Gran (Es),ingres,2,175700.00,221926.02
2020,07902AA000,Migjorn Gran (Es),despesa,6,2931265.72,712566.00
2020,07902AA000,Migjorn Gran (Es),despesa,8,1000.00,0
2020,07902AA000,Migjorn Gran (Es),ingres,5,120100.00,0
2020,07902AA000,Migjorn Gran (Es),despesa,2,1133052.62,713005.09
2020,07902AA000,Migjorn Gran (Es),despesa,4,424767.81,365486.07
2020,07902AA000,Migjorn Gran (Es),despesa,9,114319.05,114319.05
2020,07902AA000,Migjorn Gran (Es),ingres,3,865920.00,794418.32
2020,07902AA000,Migjorn Gran (Es),ingres,7,633693.81,616203.96
2020,07902AA000,Migjorn Gran (Es),ingres,1,1109000.00,1082055.96
2020,07001DV003,P. Esc. Turismo,ingres,3,110000.00,100844.98
2020,07001DV003,P. Esc. Turismo,despesa,5,5000.00,0
2020,07001DV003,P. Esc. Turismo,despesa,1,489334.89,489334.89
2020,07001DV003,P. Esc. Turismo,despesa,2,82665.11,46004.93
2020,07001DV003,P. Esc. Turismo,despesa,6,23000.00,17683.06
2020,07001DV003,P. Esc. Turismo,ingres,4,530000.00,530000.00
2020,07001DV003,P. Esc. Turismo,despesa,4,40000.00,26584.17
2020,07002DV003,Inst.  Mallorquí d'Afers Socials,despesa,4,32216583.68,30075005.13
2020,07002DV003,Inst.  Mallorquí d'Afers Socials,ingres,3,6348928.66,6562168.79
2020,07002DV003,Inst.  Mallorquí d'Afers Socials,ingres,5,24745.97,9491.66
2020,07002DV003,Inst.  Mallorquí d'Afers Socials,despesa,2,113650933.42,102193829.87
2020,07002DV003,Inst.  Mallorquí d'Afers Socials,despesa,1,75888948.04,74337082.21
2020,07002DV003,Inst.  Mallorquí d'Afers Socials,despesa,7,8101186.43,4412934.41
2020,07002DV003,Inst.  Mallorquí d'Afers Socials,ingres,4,215657047.79,214845503.49
2020,07002DV003,Inst.  Mallorquí d'Afers Socials,ingres,8,13209083.59,47450.60
2020,07002DV003,Inst.  Mallorquí d'Afers Socials,despesa,3,30000.00,166.63
2020,07002DV003,Inst.  Mallorquí d'Afers Socials,despesa,8,120000.00,56343.08
2020,07002DV003,Inst.  Mallorquí d'Afers Socials,despesa,6,10877921.21,873782.23
2020,07002DV003,Inst.  Mallorquí d'Afers Socials,ingres,7,5645766.77,5645766.77
2020,07010AE001,Palmanyola,despesa,2,406448.65,347503.06
2020,07010AE001,Palmanyola,ingres,5,16700.00,14887.35
2020,07010AE001,Palmanyola,despesa,4,11277.63,11277.63
2020,07010AE001,Palmanyola,despesa,3,250.00,7.00
2020,07010AE001,Palmanyola,ingres,7,427611.49,236125.60
2020,07010AE001,Palmanyola,despesa,6,436990.47,425178.97
2020,07010AE001,Palmanyola,despesa,1,298813.58,282102.29
2020,07010AE001,Palmanyola,ingres,3,31500.00,24398.33
2020,07010AE001,Palmanyola,ingres,4,668589.86,870736.88
2020,07010AE001,Palmanyola,ingres,8,9378.98,0
2020,07003MM000,Mc. Migjorn de Mallorca,despesa,3,1250.00,299.44
2020,07003MM000,Mc. Migjorn de Mallorca,ingres,8,498611.11,0
2020,07003MM000,Mc. Migjorn de Mallorca,despesa,2,638493.96,328642.17
2020,07003MM000,Mc. Migjorn de Mallorca,despesa,4,4720.00,3733.82
2020,07003MM000,Mc. Migjorn de Mallorca,ingres,4,100.00,0
2020,07003MM000,Mc. Migjorn de Mallorca,despesa,6,406050.15,117596.33
2020,07003MM000,Mc. Migjorn de Mallorca,ingres,5,1000.00,0
2020,07003MM000,Mc. Migjorn de Mallorca,despesa,1,745974.61,602814.48
2020,07003MM000,Mc. Migjorn de Mallorca,ingres,3,1296777.61,1258862.53
2020,07010AA000,Bunyola,despesa,5,67742.17,0
2020,07010AA000,Bunyola,despesa,4,660693.78,624088.03
2020,07010AA000,Bunyola,despesa,2,2762336.02,2687631.11
2020,07010AA000,Bunyola,despesa,6,1646434.18,453367.81
2020,07010AA000,Bunyola,ingres,2,367850.92,480290.89
2020,07010AA000,Bunyola,ingres,7,495101.30,477050.46
2020,07010AA000,Bunyola,ingres,1,2797492.17,2989831.66
2020,07010AA000,Bunyola,despesa,9,121547.47,121547.47
2020,07010AA000,Bunyola,ingres,3,1823092.06,1282115.44
2020,07010AA000,Bunyola,ingres,5,1547.00,1857.80
2020,07010AA000,Bunyola,despesa,1,2147947.19,1668087.89
2020,07010AA000,Bunyola,ingres,4,1983517.36,2322906.37
2020,07010AA000,Bunyola,despesa,3,61900.00,30008.53
2020,07028AA000,Lloret de Vistalegre,ingres,8,66749.88,0
2020,07028AA000,Lloret de Vistalegre,ingres,5,6460.00,0
2020,07028AA000,Lloret de Vistalegre,ingres,3,136636.01,91186.51
2020,07028AA000,Lloret de Vistalegre,despesa,6,922427.33,261041.26
2020,07028AA000,Lloret de Vistalegre,despesa,4,29181.08,20325.86
2020,07028AA000,Lloret de Vistalegre,ingres,2,45050.00,23234.00
2020,07028AA000,Lloret de Vistalegre,ingres,4,627563.60,668007.90
2020,07028AA000,Lloret de Vistalegre,despesa,1,560931.07,476584.62
2020,07028AA000,Lloret de Vistalegre,ingres,1,390871.29,353411.86
2020,07028AA000,Lloret de Vistalegre,despesa,3,2100.36,1143.07
2020,07028AA000,Lloret de Vistalegre,despesa,2,492656.14,436172.87
2020,07028AA000,Lloret de Vistalegre,despesa,9,37200.00,36871.92
2020,07028AA000,Lloret de Vistalegre,ingres,7,771165.20,788040.66
2020,07031AV001,P. Res. Personas Mayores,ingres,8,27743.07,0
2020,07031AV001,P. Res. Personas Mayores,despesa,8,3000.00,0
2020,07031AV001,P. Res. Personas Mayores,ingres,5,100.00,0
2020,07031AV001,P. Res. Personas Mayores,despesa,5,27247.23,0
2020,07031AV001,P. Res. Personas Mayores,ingres,7,343000.00,0
2020,07031AV001,P. Res. Personas Mayores,ingres,4,1320227.81,1146969.66
2020,07031AV001,P. Res. Personas Mayores,despesa,3,1000.00,274.65
2020,07031AV001,P. Res. Personas Mayores,despesa,2,238843.07,189804.56
2020,07031AV001,P. Res. Personas Mayores,despesa,1,1403080.58,1265181.15
2020,07031AV001,P. Res. Personas Mayores,despesa,6,343000.00,19767.80
2020,07031AV001,P. Res. Personas Mayores,ingres,3,325100.00,345788.62
2020,07036AO001,Institut Municipal Comunicació,ingres,7,3000.00,0
2020,07036AO001,Institut Municipal Comunicació,despesa,6,3000.00,0
2020,07036AO001,Institut Municipal Comunicació,despesa,2,119670.00,86300.46
2020,07036AO001,Institut Municipal Comunicació,despesa,3,250.00,180.42
2020,07036AO001,Institut Municipal Comunicació,ingres,4,119920.00,86480.88
2020,07033AV002,P. l'Escola M. de Mallorqui,ingres,5,1.00,0
2020,07033AV002,P. l'Escola M. de Mallorqui,ingres,4,83163.50,83163.50
2020,07033AV002,P. l'Escola M. de Mallorqui,ingres,3,22000.00,18567.25
2020,07033AV002,P. l'Escola M. de Mallorqui,despesa,6,6536.50,3433.47
2020,07033AV002,P. l'Escola M. de Mallorqui,ingres,7,6536.50,6536.50
2020,07033AV002,P. l'Escola M. de Mallorqui,despesa,3,31.00,0
2020,07033AV002,P. l'Escola M. de Mallorqui,despesa,2,105132.50,81373.41
2020,07018AA000,Deyá,ingres,8,2301939.80,0
2020,07018AA000,Deyá,despesa,1,750159.42,615648.65
2020,07018AA000,Deyá,despesa,2,1173419.92,757016.18
2020,07018AA000,Deyá,ingres,4,485141.59,459768.50
2020,07018AA000,Deyá,ingres,3,493601.00,540610.11
2020,07018AA000,Deyá,ingres,5,10000.00,6872.60
2020,07018AA000,Deyá,ingres,7,251156.34,545827.69
2020,07018AA000,Deyá,despesa,3,500.00,445.36
2020,07018AA000,Deyá,ingres,1,1091000.00,1080651.39
2020,07018AA000,Deyá,despesa,4,303835.88,109943.02
2020,07018AA000,Deyá,despesa,6,2464923.51,107553.50
2020,07018AA000,Deyá,ingres,2,60000.00,21945.47
2020,07015AV003,P. Esc. Infantiles,ingres,8,9698.15,0
2020,07015AV003,P. Esc. Infantiles,ingres,3,180000.00,106295.37
2020,07015AV003,P. Esc. Infantiles,ingres,4,905500.00,910289.95
2020,07015AV003,P. Esc. Infantiles,despesa,1,497269.12,479934.84
2020,07015AV003,P. Esc. Infantiles,despesa,2,585259.80,530603.34
2020,07015AV003,P. Esc. Infantiles,ingres,7,30000.00,0
2020,07015AV003,P. Esc. Infantiles,despesa,6,42669.23,5387.63
2020,07033AO001,Institut Públic del Teatre Municipal,ingres,4,250000.00,370300.00
2020,07033AO001,Institut Públic del Teatre Municipal,despesa,6,50000.00,33499.52
2020,07033AO001,Institut Públic del Teatre Municipal,ingres,3,200000.00,74841.47
2020,07033AO001,Institut Públic del Teatre Municipal,despesa,2,450000.00,401344.79
2020,07033AO001,Institut Públic del Teatre Municipal,ingres,7,50000.00,50000.00
2020,07033AO002,Institució Pública Antoni M. Alcover,ingres,4,69000.00,69000.00
2020,07033AO002,Institució Pública Antoni M. Alcover,despesa,2,68233.14,67135.47
2020,07033AO002,Institució Pública Antoni M. Alcover,despesa,6,5766.86,5766.86
2020,07033AO002,Institució Pública Antoni M. Alcover,ingres,7,5000.00,5000.00
2020,07044AA000,Pobla (Sa),ingres,1,4755000.00,4628199.38
2020,07044AA000,Pobla (Sa),ingres,7,68728.89,207575.58
2020,07044AA000,Pobla (Sa),ingres,3,3844645.00,3574150.00
2020,07044AA000,Pobla (Sa),ingres,2,266000.00,429407.57
2020,07044AA000,Pobla (Sa),despesa,9,731663.08,299160.91
2020,07044AA000,Pobla (Sa),ingres,5,16523.16,5046.00
2020,07044AA000,Pobla (Sa),despesa,3,51823.46,34058.33
2020,07044AA000,Pobla (Sa),despesa,4,412948.48,385150.25
2020,07044AA000,Pobla (Sa),despesa,2,6152956.27,5794850.21
2020,07044AA000,Pobla (Sa),despesa,6,607348.74,356839.66
2020,07044AA000,Pobla (Sa),despesa,1,5209007.50,5155558.25
2020,07044AA000,Pobla (Sa),despesa,7,87276.07,87276.07
2020,07044AA000,Pobla (Sa),ingres,4,3960298.75,3912978.26
2020,07044AA000,Pobla (Sa),ingres,8,341827.79,0
2020,07038AA000,Montuïri,ingres,4,908352.36,937562.17
2020,07038AA000,Montuïri,ingres,5,300.00,120.19
2020,07038AA000,Montuïri,ingres,7,776755.14,211871.83
2020,07038AA000,Montuïri,despesa,4,413840.01,383898.42
2020,07038AA000,Montuïri,ingres,3,471174.99,406725.68
2020,07038AA000,Montuïri,despesa,2,946267.62,710081.62
2020,07038AA000,Montuïri,despesa,9,140130.86,123793.50
2020,07038AA000,Montuïri,ingres,2,125032.90,228432.52
2020,07038AA000,Montuïri,despesa,1,1071211.68,1030578.09
2020,07038AA000,Montuïri,despesa,3,106369.14,76274.13
2020,07038AA000,Montuïri,ingres,1,1210309.91,2187716.50
2020,07038AA000,Montuïri,despesa,6,896721.35,128629.14
2020,07038AA000,Montuïri,ingres,8,82615.36,0
2020,07001DD000,Consejo Insular de Ibiza,despesa,1,34939605.26,32951648.17
2020,07001DD000,Consejo Insular de Ibiza,ingres,3,7352592.40,5192058.76
2020,07001DD000,Consejo Insular de Ibiza,despesa,3,182000.00,6937.43
2020,07001DD000,Consejo Insular de Ibiza,ingres,9,200000.00,214049.05
2020,07001DD000,Consejo Insular de Ibiza,despesa,9,160000.00,63866.05
2020,07001DD000,Consejo Insular de Ibiza,ingres,7,19237368.93,9428751.22
2020,07001DD000,Consejo Insular de Ibiza,despesa,8,250000.00,149594.98
2020,07001DD000,Consejo Insular de Ibiza,ingres,8,20307286.68,156976.52
2020,07001DD000,Consejo Insular de Ibiza,despesa,4,20553532.76,13635510.63
2020,07001DD000,Consejo Insular de Ibiza,despesa,6,31193826.62,19920422.24
2020,07001DD000,Consejo Insular de Ibiza,ingres,1,3000000.00,3014452.08
2020,07001DD000,Consejo Insular de Ibiza,ingres,4,68795991.56,70627724.87
2020,07001DD000,Consejo Insular de Ibiza,ingres,5,0,645450.03
2020,07001DD000,Consejo Insular de Ibiza,despesa,5,978572.92,0
2020,07001DD000,Consejo Insular de Ibiza,despesa,7,11275563.15,5558624.72
2020,07001DD000,Consejo Insular de Ibiza,ingres,2,3336790.00,3207870.22
2020,07001DD000,Consejo Insular de Ibiza,despesa,2,22696928.86,17190118.07
2020,07061AA000,Sóller,ingres,8,10794847.94,0
2020,07061AA000,Sóller,despesa,1,7285541.53,5323589.07
2020,07061AA000,Sóller,despesa,3,217228.98,89767.00
2020,07061AA000,Sóller,despesa,7,194000.00,192332.75
2020,07061AA000,Sóller,despesa,6,8710234.24,6081139.05
2020,07061AA000,Sóller,despesa,9,4049449.32,3857116.55
2020,07061AA000,Sóller,ingres,5,291545.00,163934.16
2020,07061AA000,Sóller,despesa,2,7214786.25,5350285.45
2020,07061AA000,Sóller,ingres,1,8182535.00,8676420.63
2020,07061AA000,Sóller,ingres,7,764570.10,434507.70
2020,07061AA000,Sóller,ingres,2,430000.00,418161.99
2020,07061AA000,Sóller,ingres,3,3743573.17,3485768.54
2020,07061AA000,Sóller,ingres,4,4280740.46,4530257.35
2020,07061AA000,Sóller,despesa,4,702692.74,460791.08
2020,07063AA000,Valldemossa,ingres,8,379756.16,0
2020,07063AA000,Valldemossa,despesa,9,265000.00,265000.00
2020,07063AA000,Valldemossa,despesa,1,1796154.52,1569190.22
2020,07063AA000,Valldemossa,despesa,2,1494648.17,959780.35
2020,07063AA000,Valldemossa,ingres,1,1456509.94,1485402.49
2020,07063AA000,Valldemossa,ingres,4,751400.02,752716.18
2020,07063AA000,Valldemossa,despesa,3,12885.87,11433.21
2020,07063AA000,Valldemossa,despesa,4,249431.37,136469.38
2020,07063AA000,Valldemossa,despesa,6,793534.26,382234.86
2020,07063AA000,Valldemossa,ingres,5,103300.00,18796.17
2020,07063AA000,Valldemossa,ingres,7,256905.00,251953.20
2020,07063AA000,Valldemossa,ingres,3,1561170.00,907683.84
2020,07063AA000,Valldemossa,ingres,2,205400.00,103845.16
2020,07003DV002,Consell Economic i Social,despesa,2,13250.00,0
2020,07003DV002,Consell Economic i Social,ingres,4,24050.00,10800.00
2020,07003DV002,Consell Economic i Social,despesa,4,10800.00,10800.00
2020,07047AA000,Sencelles,despesa,3,10020.00,9892.72
2020,07047AA000,Sencelles,despesa,6,396236.04,388788.42
2020,07047AA000,Sencelles,ingres,2,245250.00,304402.00
2020,07047AA000,Sencelles,ingres,5,46000.00,4970.49
2020,07047AA000,Sencelles,ingres,8,99320.00,0
2020,07047AA000,Sencelles,ingres,1,1151202.00,1123080.04
2020,07047AA000,Sencelles,despesa,4,576000.00,483146.80
2020,07047AA000,Sencelles,ingres,4,961458.74,962957.27
2020,07047AA000,Sencelles,ingres,7,263865.78,270787.74
2020,07047AA000,Sencelles,despesa,1,1100780.46,1068458.92
2020,07047AA000,Sencelles,despesa,9,257960.00,255214.07
2020,07047AA000,Sencelles,despesa,2,1063300.02,1012521.80
2020,07047AA000,Sencelles,ingres,3,637200.00,601662.68
2020,07056AA000,Santa María del Camí,ingres,4,2476217.15,2561754.29
2020,07056AA000,Santa María del Camí,ingres,2,141799.00,106622.98
2020,07056AA000,Santa María del Camí,ingres,7,1462196.81,1368401.48
2020,07056AA000,Santa María del Camí,ingres,8,1780964.18,0
2020,07056AA000,Santa María del Camí,despesa,2,2777041.54,2582669.76
2020,07056AA000,Santa María del Camí,despesa,4,489006.69,440054.67
2020,07056AA000,Santa María del Camí,ingres,3,1689164.45,1379790.79
2020,07056AA000,Santa María del Camí,despesa,6,3362306.44,659746.51
2020,07056AA000,Santa María del Camí,despesa,1,3295385.25,2950400.70
2020,07056AA000,Santa María del Camí,ingres,1,2373348.33,2354853.30
2020,07056AA000,Santa María del Camí,ingres,5,50.00,0
2020,07057AA000,Santanyí,ingres,4,3280997.89,4082318.29
2020,07057AA000,Santanyí,despesa,4,4274538.01,2658498.28
2020,07057AA000,Santanyí,despesa,2,9608215.77,7657820.58
2020,07057AA000,Santanyí,despesa,6,5778263.26,1123954.55
2020,07057AA000,Santanyí,ingres,3,5347298.29,5700424.67
2020,07057AA000,Santanyí,ingres,8,2499347.95,0
2020,07057AA000,Santanyí,ingres,1,10843449.13,11209406.25
2020,07057AA000,Santanyí,ingres,2,1055000.00,1471509.06
2020,07057AA000,Santanyí,despesa,1,7772147.27,7032872.34
2020,07057AA000,Santanyí,despesa,3,13000.00,7718.64
2020,07057AA000,Santanyí,ingres,5,1079870.38,358256.45
2020,07057AA000,Santanyí,despesa,7,356797.85,56255.00
2020,07057AA000,Santanyí,ingres,7,3696998.52,1119961.64
2020,07030AA000,Llubí,ingres,8,871189.91,0
2020,07030AA000,Llubí,ingres,4,727759.40,774215.83
2020,07030AA000,Llubí,despesa,7,1950.00,0
2020,07030AA000,Llubí,despesa,1,816293.67,799158.61
2020,07030AA000,Llubí,despesa,4,137515.00,121298.37
2020,07030AA000,Llubí,despesa,2,637016.72,605931.31
2020,07030AA000,Llubí,despesa,9,14500.00,14461.56
2020,07030AA000,Llubí,despesa,3,6800.00,6649.86
2020,07030AA000,Llubí,ingres,3,252590.00,219552.02
2020,07030AA000,Llubí,ingres,7,495308.00,424669.92
2020,07030AA000,Llubí,ingres,5,19552.00,13392.20
2020,07030AA000,Llubí,despesa,6,1580442.92,959329.32
2020,07030AA000,Llubí,ingres,1,728119.00,732000.79
2020,07030AA000,Llubí,ingres,2,100000.00,90508.38
2020,07040AV001,Inst. M. l'Esport,despesa,7,500000.00,0
2020,07040AV001,Inst. M. l'Esport,despesa,4,162000.00,0
2020,07040AV001,Inst. M. l'Esport,ingres,8,895957.04,48961.82
2020,07040AV001,Inst. M. l'Esport,ingres,5,208210.00,166456.86
2020,07040AV001,Inst. M. l'Esport,despesa,8,90000.00,25500.00
2020,07040AV001,Inst. M. l'Esport,despesa,1,5206349.44,4533035.40
2020,07040AV001,Inst. M. l'Esport,despesa,2,10796748.65,8434102.52
2020,07040AV001,Inst. M. l'Esport,ingres,7,8220643.29,4886719.60
2020,07040AV001,Inst. M. l'Esport,ingres,3,4351208.32,1822906.02
2020,07040AV001,Inst. M. l'Esport,ingres,4,11710679.27,10836791.46
2020,07040AV001,Inst. M. l'Esport,despesa,3,5000.00,2405.38
2020,07040AV001,Inst. M. l'Esport,despesa,6,8626599.83,4930099.14
2020,07026AA000,Eivissa,despesa,5,314219.82,0
2020,07026AA000,Eivissa,ingres,6,10.00,0
2020,07026AA000,Eivissa,ingres,2,1490000.00,1402054.20
2020,07026AA000,Eivissa,ingres,5,3408520.00,284312.92
2020,07026AA000,Eivissa,ingres,8,7152919.38,190141.33
2020,07026AA000,Eivissa,ingres,7,4542711.93,2380850.88
2020,07026AA000,Eivissa,despesa,6,14532449.66,4756176.68
2020,07026AA000,Eivissa,despesa,8,190141.33,190141.33
2020,07026AA000,Eivissa,despesa,3,48000.00,20662.54
2020,07026AA000,Eivissa,despesa,7,825700.17,819944.11
2020,07026AA000,Eivissa,ingres,1,29353275.00,28855322.91
2020,07026AA000,Eivissa,despesa,1,20365177.86,17603811.67
2020,07026AA000,Eivissa,despesa,4,9914471.86,9192953.49
2020,07026AA000,Eivissa,ingres,3,16887278.05,13876099.52
2020,07026AA000,Eivissa,ingres,4,13759273.34,13936200.77
2020,07026AA000,Eivissa,despesa,2,30403827.00,24405616.74
2020,07026AV002,P. M. Música,ingres,8,10.00,0
2020,07026AV002,P. M. Música,despesa,3,700.00,696.43
2020,07026AV002,P. M. Música,despesa,6,2000.00,532.51
2020,07026AV002,P. M. Música,despesa,1,402309.81,368963.38
2020,07026AV002,P. M. Música,despesa,2,254980.19,221373.20
2020,07026AV002,P. M. Música,ingres,7,2500.00,532.51
2020,07026AV002,P. M. Música,ingres,4,609980.00,553357.32
2020,07026AV002,P. M. Música,ingres,3,47510.00,37675.69
2020,07026AV002,P. M. Música,despesa,8,10.00,0
2020,07050AA000,Sant Joan de Labritja,ingres,6,1000.00,0
2020,07050AA000,Sant Joan de Labritja,ingres,5,1500.00,27001.69
2020,07050AA000,Sant Joan de Labritja,despesa,1,1919236.02,1555633.10
2020,07050AA000,Sant Joan de Labritja,ingres,7,5150673.88,359113.66
2020,07050AA000,Sant Joan de Labritja,ingres,8,3130645.95,0
2020,07050AA000,Sant Joan de Labritja,ingres,3,1964159.12,1702157.61
2020,07050AA000,Sant Joan de Labritja,despesa,2,4160692.96,3240188.25
2020,07050AA000,Sant Joan de Labritja,despesa,3,6100.00,3403.70
2020,07050AA000,Sant Joan de Labritja,ingres,2,256067.00,247971.22
2020,07050AA000,Sant Joan de Labritja,despesa,6,8024739.97,2177818.89
2020,07050AA000,Sant Joan de Labritja,ingres,1,3320000.00,4005647.64
2020,07050AA000,Sant Joan de Labritja,despesa,4,1160510.87,549446.35
2020,07050AA000,Sant Joan de Labritja,ingres,4,1447233.87,1715817.06
2020,07039AA000,Muro,ingres,8,676429.72,0
2020,07039AA000,Muro,ingres,2,531230.50,491842.45
2020,07039AA000,Muro,despesa,1,4216448.11,4137241.08
2020,07039AA000,Muro,despesa,2,6580853.93,5753157.82
2020,07039AA000,Muro,ingres,3,3389261.52,3093809.36
2020,07039AA000,Muro,ingres,4,2041435.25,2145319.94
2020,07039AA000,Muro,ingres,1,4889711.21,4560460.03
2020,07039AA000,Muro,despesa,3,126501.49,114276.17
2020,07039AA000,Muro,despesa,6,1228941.42,539616.04
2020,07039AA000,Muro,ingres,7,519177.65,437778.52
2020,07039AA000,Muro,despesa,4,387833.09,309394.56
2020,07039AA000,Muro,despesa,7,43000.00,30937.25
2020,07039AA000,Muro,ingres,5,536332.19,492423.36
2020,07004AA000,Algaida,ingres,8,581412.28,0
2020,07004AA000,Algaida,despesa,4,148400.00,124548.32
2020,07004AA000,Algaida,despesa,9,37060.27,37060.27
2020,07004AA000,Algaida,despesa,1,1893395.79,1555109.80
2020,07004AA000,Algaida,despesa,6,1128952.75,411058.34
2020,07004AA000,Algaida,ingres,1,1916939.73,1895693.81
2020,07004AA000,Algaida,ingres,2,187048.13,294243.60
2020,07004AA000,Algaida,despesa,2,2170160.24,1624098.14
2020,07004AA000,Algaida,ingres,5,25935.00,27519.64
2020,07004AA000,Algaida,ingres,4,1426141.63,1511403.19
2020,07004AA000,Algaida,ingres,7,499876.21,499876.31
2020,07004AA000,Algaida,despesa,3,2320.00,1045.47
2020,07004AA000,Algaida,ingres,3,742936.07,314343.34
2020,07016AA000,Consell,ingres,8,428688.67,0
2020,07016AA000,Consell,despesa,2,1165389.17,1059819.27
2020,07016AA000,Consell,despesa,4,342917.71,311392.99
2020,07016AA000,Consell,despesa,6,1648883.08,818096.23
2020,07016AA000,Consell,ingres,2,70000.00,174732.18
2020,07016AA000,Consell,ingres,7,395571.45,215700.57
2020,07016AA000,Consell,ingres,4,1349343.46,1311162.67
2020,07016AA000,Consell,ingres,5,34071.16,33414.91
2020,07016AA000,Consell,ingres,1,1168488.46,1235339.09
2020,07016AA000,Consell,despesa,1,1437123.13,1180005.23
2020,07016AA000,Consell,despesa,3,8450.00,8127.06
2020,07016AA000,Consell,ingres,3,1156599.89,1070119.63
2020,07055AA000,Santa Margalida,ingres,8,2235006.90,0
2020,07055AA000,Santa Margalida,despesa,1,5558458.11,4548057.93
2020,07055AA000,Santa Margalida,ingres,1,6804000.00,7669172.56
2020,07055AA000,Santa Margalida,despesa,2,7366881.05,5336929.37
2020,07055AA000,Santa Margalida,ingres,4,2923395.20,2942560.17
2020,07055AA000,Santa Margalida,ingres,5,970960.00,51345.52
2020,07055AA000,Santa Margalida,despesa,6,6967338.40,2837940.26
2020,07055AA000,Santa Margalida,despesa,3,650.00,588.13
2020,07055AA000,Santa Margalida,ingres,2,160000.00,255110.74
2020,07055AA000,Santa Margalida,despesa,4,372904.99,265034.88
2020,07055AA000,Santa Margalida,ingres,3,4188396.62,3941131.44
2020,07055AA000,Santa Margalida,ingres,7,2984473.83,504530.39
2020,07058AA000,Selva,despesa,5,28400.00,0
2020,07058AA000,Selva,ingres,8,432214.60,0
2020,07058AA000,Selva,ingres,2,250000.00,286050.21
2020,07058AA000,Selva,ingres,3,527775.38,673938.83
2020,07058AA000,Selva,ingres,5,53824.37,59930.34
2020,07058AA000,Selva,despesa,3,7212.49,7202.49
2020,07058AA000,Selva,despesa,6,1621537.54,509682.05
2020,07058AA000,Selva,ingres,1,1442990.00,1781187.81
2020,07058AA000,Selva,ingres,4,1181760.54,1240530.35
2020,07058AA000,Selva,despesa,2,1009447.95,958282.13
2020,07058AA000,Selva,ingres,7,999407.83,340079.16
2020,07058AA000,Selva,despesa,1,1601289.51,1430134.61
2020,07058AA000,Selva,despesa,4,548130.69,421735.32
2020,07032AA000,Maó,ingres,9,2500000.00,0
2020,07032AA000,Maó,despesa,3,168905.00,101088.59
2020,07032AA000,Maó,despesa,4,5148923.08,4100579.32
2020,07032AA000,Maó,ingres,4,10335335.64,10532221.04
2020,07032AA000,Maó,ingres,5,319020.00,423295.45
2020,07032AA000,Maó,ingres,8,6735977.71,32109.41
2020,07032AA000,Maó,despesa,6,9103159.73,3653537.86
2020,07032AA000,Maó,despesa,7,1984365.60,974163.54
2020,07032AA000,Maó,despesa,8,60000.00,32109.41
2020,07032AA000,Maó,despesa,9,1701943.28,1044198.52
2020,07032AA000,Maó,ingres,3,7152496.36,3436752.69
2020,07032AA000,Maó,despesa,2,14843484.19,10080759.40
2020,07032AA000,Maó,ingres,2,272670.00,239062.77
2020,07032AA000,Maó,ingres,7,1944261.95,442887.41
2020,07032AA000,Maó,despesa,1,14968779.78,14126207.98
2020,07032AA000,Maó,ingres,1,18665000.00,19078163.04
2020,07032AA000,Maó,ingres,6,968000.00,968000.00
2020,07032AA000,Maó,despesa,5,50312.00,0
2020,07035AA000,Maria de la Salut,ingres,8,140164.47,0
2020,07035AA000,Maria de la Salut,despesa,6,1520974.52,804447.54
2020,07035AA000,Maria de la Salut,ingres,3,332369.67,328458.53
2020,07035AA000,Maria de la Salut,despesa,2,633933.82,619138.02
2020,07035AA000,Maria de la Salut,ingres,5,15565.87,14424.76
2020,07035AA000,Maria de la Salut,ingres,7,1375400.91,1148840.12
2020,07035AA000,Maria de la Salut,despesa,3,1650.00,1648.61
2020,07035AA000,Maria de la Salut,ingres,1,633505.50,642906.87
2020,07035AA000,Maria de la Salut,despesa,9,51849.64,51791.34
2020,07035AA000,Maria de la Salut,despesa,4,177310.05,129485.22
2020,07035AA000,Maria de la Salut,ingres,2,40000.00,34843.93
2020,07035AA000,Maria de la Salut,ingres,4,802057.99,796163.96
2020,07035AA000,Maria de la Salut,despesa,1,909190.27,747991.78
2020,07046AA000,Sant Antoni de Portmany,ingres,7,1605385.17,290610.00
2020,07046AA000,Sant Antoni de Portmany,despesa,2,13560161.06,11101003.10
2020,07046AA000,Sant Antoni de Portmany,ingres,3,6633915.48,5804071.30
2020,07046AA000,Sant Antoni de Portmany,ingres,4,6833396.42,8398993.12
2020,07046AA000,Sant Antoni de Portmany,despesa,4,2895860.00,2576094.65
2020,07046AA000,Sant Antoni de Portmany,ingres,2,650000.00,1204478.42
2020,07046AA000,Sant Antoni de Portmany,despesa,3,77800.00,52427.19
2020,07046AA000,Sant Antoni de Portmany,ingres,5,500.00,2400.29
2020,07046AA000,Sant Antoni de Portmany,ingres,1,14010000.00,14829799.46
2020,07046AA000,Sant Antoni de Portmany,despesa,6,9490751.17,2354936.11
2020,07046AA000,Sant Antoni de Portmany,despesa,1,7720155.63,7263533.36
2020,07046AA000,Sant Antoni de Portmany,ingres,8,4011530.79,0
2020,07048AA000,Sant Josep de sa Talaia,ingres,4,8066609.85,7819446.53
2020,07048AA000,Sant Josep de sa Talaia,ingres,5,4505000.00,1253954.64
2020,07048AA000,Sant Josep de sa Talaia,despesa,7,86992.75,0
2020,07048AA000,Sant Josep de sa Talaia,ingres,8,11095884.53,0
2020,07048AA000,Sant Josep de sa Talaia,despesa,1,9562734.53,9418734.32
2020,07048AA000,Sant Josep de sa Talaia,ingres,2,1350000.00,1625251.94
2020,07048AA000,Sant Josep de sa Talaia,despesa,2,19012943.68,16878486.16
2020,07048AA000,Sant Josep de sa Talaia,despesa,3,13677.00,11678.24
2020,07048AA000,Sant Josep de sa Talaia,ingres,7,1126797.81,648067.72
2020,07048AA000,Sant Josep de sa Talaia,despesa,9,576169.66,576169.66
2020,07048AA000,Sant Josep de sa Talaia,ingres,3,9116648.18,8701481.91
2020,07048AA000,Sant Josep de sa Talaia,despesa,6,16851287.34,11283677.91
2020,07048AA000,Sant Josep de sa Talaia,despesa,4,3263377.17,2542764.96
2020,07048AA000,Sant Josep de sa Talaia,ingres,1,14106241.76,14057016.93
2020,07005AA000,Andratx,despesa,2,29936759.28,23903370.03
2020,07005AA000,Andratx,ingres,2,2800000.00,2529247.63
2020,07005AA000,Andratx,despesa,4,1202790.00,957675.07
2020,07005AA000,Andratx,ingres,1,12076000.00,11945464.52
2020,07005AA000,Andratx,ingres,4,2850000.00,3228369.57
2020,07005AA000,Andratx,ingres,3,5874000.00,5992045.21
2020,07005AA000,Andratx,ingres,8,20355139.64,5446.25
2020,07005AA000,Andratx,ingres,7,106500.00,414442.30
2020,07005AA000,Andratx,despesa,8,10000.00,4000.00
2020,07005AA000,Andratx,ingres,5,338500.00,564509.91
2020,07005AA000,Andratx,despesa,3,31000.00,5603.23
2020,07005AA000,Andratx,despesa,6,2596383.34,1653572.33
2020,07005AA000,Andratx,despesa,7,160000.00,99999.98
2020,07005AA000,Andratx,despesa,1,10362817.46,9475992.64
2020,07005AA000,Andratx,despesa,5,100.00,0
2020,07040AA000,Palma,despesa,4,101569760.21,92016880.43
2020,07040AA000,Palma,despesa,1,159226235.55,151857332.30
2020,07040AA000,Palma,despesa,7,22220844.51,12804485.51
2020,07040AA000,Palma,despesa,2,128368103.24,110962973.37
2020,07040AA000,Palma,despesa,3,7247114.00,3423938.77
2020,07040AA000,Palma,despesa,6,46181937.52,14223156.19
2020,07040AA000,Palma,ingres,8,67725709.89,4139793.63
2020,07040AA000,Palma,ingres,9,32771878.04,25939896.19
2020,07040AA000,Palma,despesa,8,23840000.00,23735645.08
2020,07040AA000,Palma,ingres,2,29836999.96,29956485.75
2020,07040AA000,Palma,ingres,3,102377045.21,89404538.52
2020,07040AA000,Palma,ingres,6,0,226770.08
2020,07040AA000,Palma,ingres,5,4611160.00,2406330.52
2020,07040AA000,Palma,ingres,4,93086414.55,95427212.86
2020,07040AA000,Palma,despesa,9,42453342.05,42452037.66
2020,07040AA000,Palma,ingres,1,191232101.25,189225626.97
2020,07040AA000,Palma,ingres,7,9690977.53,17638951.73
2020,07040AA000,Palma,despesa,5,224949.35,0
2020,07040AV002,P. M. d'Escoles d'Infants,despesa,4,296700.00,151212.00
2020,07040AV002,P. M. d'Escoles d'Infants,ingres,4,7621731.22,5862195.95
2020,07040AV002,P. M. d'Escoles d'Infants,ingres,7,1964908.92,382837.02
2020,07040AV002,P. M. d'Escoles d'Infants,ingres,8,11000.00,3000.00
2020,07040AV002,P. M. d'Escoles d'Infants,despesa,3,1500.00,434.41
2020,07040AV002,P. M. d'Escoles d'Infants,despesa,6,1964908.92,382837.02
2020,07040AV002,P. M. d'Escoles d'Infants,despesa,1,3901514.21,3454263.78
2020,07040AV002,P. M. d'Escoles d'Infants,despesa,8,11000.00,3000.00
2020,07040AV002,P. M. d'Escoles d'Infants,ingres,3,940882.07,587494.21
2020,07040AV002,P. M. d'Escoles d'Infants,despesa,2,4362919.08,3225055.89
2020,07040AV002,P. M. d'Escoles d'Infants,ingres,5,20.00,0
2020,07040AV004,P. M. l'Habitatge,despesa,1,1944743.94,1625406.01
2020,07040AV004,P. M. l'Habitatge,ingres,4,1769411.69,1270685.89
2020,07040AV004,P. M. l'Habitatge,ingres,7,2542487.21,1388643.70
2020,07040AV004,P. M. l'Habitatge,despesa,3,2100.00,1588.72
2020,07040AV004,P. M. l'Habitatge,despesa,4,76000.00,13315.49
2020,07040AV004,P. M. l'Habitatge,ingres,5,700000.00,897394.40
2020,07040AV004,P. M. l'Habitatge,ingres,8,93000.00,9353.19
2020,07040AV004,P. M. l'Habitatge,despesa,2,553073.75,453264.93
2020,07040AV004,P. M. l'Habitatge,despesa,7,819991.34,253482.93
2020,07040AV004,P. M. l'Habitatge,ingres,3,106506.00,91996.04
2020,07040AV004,P. M. l'Habitatge,despesa,6,1722495.87,1140440.11
2020,07040AV004,P. M. l'Habitatge,despesa,8,93000.00,5000.00
2020,07040AV009,Inst. M. Form. Ocupacional i Feina,despesa,1,8030270.75,3986648.30
2020,07040AV009,Inst. M. Form. Ocupacional i Feina,despesa,8,20000.00,18000.00
2020,07040AV009,Inst. M. Form. Ocupacional i Feina,ingres,4,10039392.55,9403529.11
2020,07040AV009,Inst. M. Form. Ocupacional i Feina,despesa,3,1565.16,0
2020,07040AV009,Inst. M. Form. Ocupacional i Feina,despesa,6,209050.00,185206.66
2020,07040AV009,Inst. M. Form. Ocupacional i Feina,despesa,7,77624.22,77624.22
2020,07040AV009,Inst. M. Form. Ocupacional i Feina,despesa,4,1916202.00,1909635.63
2020,07040AV009,Inst. M. Form. Ocupacional i Feina,despesa,2,932782.13,620158.81
2020,07040AV009,Inst. M. Form. Ocupacional i Feina,ingres,5,6300.00,37786.63
2020,07040AV009,Inst. M. Form. Ocupacional i Feina,ingres,8,923751.71,10415.11
2020,07040AV009,Inst. M. Form. Ocupacional i Feina,ingres,3,36000.00,7022.86
2020,07040AV009,Inst. M. Form. Ocupacional i Feina,ingres,7,182050.00,262830.88
2020,07062AA000,Son Servera,ingres,5,654259.29,662019.50
2020,07062AA000,Son Servera,despesa,7,126092.76,125968.75
2020,07062AA000,Son Servera,ingres,7,1001049.98,1311745.99
2020,07062AA000,Son Servera,despesa,1,6314153.32,5572552.57
2020,07062AA000,Son Servera,ingres,2,315115.69,471217.63
2020,07062AA000,Son Servera,despesa,6,2425490.31,1163043.40
2020,07062AA000,Son Servera,despesa,9,1333729.53,1140195.44
2020,07062AA000,Son Servera,ingres,8,1569150.25,46100.00
2020,07062AA000,Son Servera,ingres,1,8231597.80,8261381.68
2020,07062AA000,Son Servera,despesa,3,269455.91,33661.69
2020,07062AA000,Son Servera,despesa,4,687740.34,610248.63
2020,07062AA000,Son Servera,despesa,2,7138031.94,6405898.89
2020,07062AA000,Son Servera,despesa,8,60000.00,46100.00
2020,07062AA000,Son Servera,ingres,3,3503121.78,3168026.26
2020,07062AA000,Son Servera,ingres,4,3080399.32,3363029.88
2020,07003AA000,Alcúdia,ingres,3,7528750.00,7564456.58
2020,07003AA000,Alcúdia,ingres,4,5348605.66,6123718.10
2020,07003AA000,Alcúdia,despesa,2,13545974.41,10185254.98
2020,07003AA000,Alcúdia,despesa,3,156100.00,107698.97
2020,07003AA000,Alcúdia,despesa,4,4403265.07,4198410.29
2020,07003AA000,Alcúdia,ingres,8,5353297.16,0
2020,07003AA000,Alcúdia,ingres,2,350000.00,1789153.96
2020,07003AA000,Alcúdia,ingres,7,3801000.28,2500157.30
2020,07003AA000,Alcúdia,despesa,7,551438.00,444563.69
2020,07003AA000,Alcúdia,ingres,5,2025284.00,188382.47
2020,07003AA000,Alcúdia,ingres,1,18227800.00,18782717.32
2020,07003AA000,Alcúdia,despesa,1,9873879.48,9008846.02
2020,07003AA000,Alcúdia,despesa,6,8899379.51,3900165.26
2020,07008AV001,P. M. d'Esports,despesa,4,1.00,1.00
2020,07008AV001,P. M. d'Esports,ingres,4,1.00,1.00
2020,07014AA000,Capdepera,despesa,5,21979.52,0
2020,07014AA000,Capdepera,ingres,8,8407074.90,0
2020,07014AA000,Capdepera,ingres,1,9010000.00,9259477.29
2020,07014AA000,Capdepera,despesa,7,460000.00,399975.59
2020,07014AA000,Capdepera,ingres,2,1030000.00,891118.02
2020,07014AA000,Capdepera,ingres,7,1022320.24,360931.01
2020,07014AA000,Capdepera,despesa,1,6424747.82,5979406.12
2020,07014AA000,Capdepera,despesa,4,3652830.62,3001960.80
2020,07014AA000,Capdepera,despesa,2,8683453.76,6842460.81
2020,07014AA000,Capdepera,ingres,5,1222000.00,32119.57
2020,07014AA000,Capdepera,despesa,3,9246.99,9204.72
2020,07014AA000,Capdepera,ingres,3,5605500.00,8235026.57
2020,07014AA000,Capdepera,ingres,4,2830000.00,3129982.78
2020,07014AA000,Capdepera,despesa,6,9874636.43,5021559.02
2020,07034AA000,Mancor de la Vall,ingres,8,314882.64,0
2020,07034AA000,Mancor de la Vall,despesa,9,25000.00,24927.98
2020,07034AA000,Mancor de la Vall,despesa,2,807371.91,770267.18
2020,07034AA000,Mancor de la Vall,despesa,3,1660.00,979.99
2020,07034AA000,Mancor de la Vall,ingres,1,566000.00,647204.11
2020,07034AA000,Mancor de la Vall,ingres,5,7700.00,2192.20
2020,07034AA000,Mancor de la Vall,despesa,6,562441.11,520482.51
2020,07034AA000,Mancor de la Vall,despesa,1,601271.28,596324.17
2020,07034AA000,Mancor de la Vall,ingres,7,282637.38,806354.82
2020,07034AA000,Mancor de la Vall,despesa,4,226755.45,224680.50
2020,07034AA000,Mancor de la Vall,ingres,4,767466.73,746575.51
2020,07034AA000,Mancor de la Vall,ingres,3,263012.00,217886.92
2020,07034AA000,Mancor de la Vall,ingres,2,23250.00,36705.54
2020,07041AA000,Petra,ingres,6,6.00,0
2020,07041AA000,Petra,despesa,2,757421.49,746074.77
2020,07041AA000,Petra,ingres,2,118100.00,36593.45
2020,07041AA000,Petra,ingres,3,315050.00,151578.42
2020,07041AA000,Petra,despesa,6,1340858.30,129225.77
2020,07041AA000,Petra,ingres,4,1064912.32,1196135.77
2020,07041AA000,Petra,ingres,5,25016.00,13630.00
2020,07041AA000,Petra,despesa,1,705126.44,643464.84
2020,07041AA000,Petra,despesa,3,51600.00,51598.92
2020,07041AA000,Petra,ingres,7,879959.82,113645.76
2020,07041AA000,Petra,ingres,1,589324.09,618669.87
2020,07041AA000,Petra,despesa,4,137362.00,99367.44
2020,07029AA000,Lloseta,ingres,2,120000.00,95296.40
2020,07029AA000,Lloseta,ingres,9,176735.46,149277.62
2020,07029AA000,Lloseta,despesa,2,2227714.87,1371411.05
2020,07029AA000,Lloseta,ingres,3,1760451.27,869531.60
2020,07029AA000,Lloseta,despesa,1,2784168.77,2437417.66
2020,07029AA000,Lloseta,despesa,3,12305.99,9150.20
2020,07029AA000,Lloseta,despesa,6,867035.84,440171.75
2020,07029AA000,Lloseta,ingres,1,2034800.37,1994051.81
2020,07029AA000,Lloseta,ingres,7,656380.75,357073.14
2020,07029AA000,Lloseta,ingres,4,1801402.15,1773018.64
2020,07029AA000,Lloseta,ingres,5,36323.04,26704.57
2020,07029AA000,Lloseta,despesa,4,590354.61,415949.92
2020,07029AA000,Lloseta,despesa,9,104512.96,104512.94
2020,07031AA000,Llucmajor,despesa,4,2245604.63,1920562.70
2020,07031AA000,Llucmajor,despesa,6,5462770.67,2626183.54
2020,07031AA000,Llucmajor,ingres,3,11478265.69,11647341.16
2020,07031AA000,Llucmajor,ingres,4,9036913.95,9363374.11
2020,07031AA000,Llucmajor,despesa,1,21451716.83,18777477.86
2020,07031AA000,Llucmajor,despesa,7,435945.32,92945.32
2020,07031AA000,Llucmajor,ingres,1,19366700.00,20042670.56
2020,07031AA000,Llucmajor,ingres,7,822840.98,482094.79
2020,07031AA000,Llucmajor,despesa,2,17734586.35,13732107.49
2020,07031AA000,Llucmajor,despesa,8,92419.53,89467.72
2020,07031AA000,Llucmajor,ingres,2,1110000.00,1722697.46
2020,07031AA000,Llucmajor,ingres,5,2942900.00,785780.48
2020,07031AA000,Llucmajor,despesa,3,100000.00,24087.86
2020,07031AA000,Llucmajor,ingres,8,3578622.77,117334.99
2020,07031AA000,Llucmajor,despesa,5,813200.06,0
2020,07037AA000,Mercadal (Es),despesa,9,1540961.00,1540958.17
2020,07037AA000,Mercadal (Es),despesa,2,4862506.18,3657125.50
2020,07037AA000,Mercadal (Es),despesa,1,2853791.00,2546050.11
2020,07037AA000,Mercadal (Es),ingres,4,1792567.11,1933929.25
2020,07037AA000,Mercadal (Es),ingres,8,7030073.97,20170.05
2020,07037AA000,Mercadal (Es),ingres,9,447530.00,447530.00
2020,07037AA000,Mercadal (Es),despesa,6,9416943.48,2598407.25
2020,07037AA000,Mercadal (Es),ingres,7,3314651.44,1157855.67
2020,07037AA000,Mercadal (Es),despesa,4,1225833.86,914211.42
2020,07037AA000,Mercadal (Es),ingres,1,5069000.00,5176068.98
2020,07037AA000,Mercadal (Es),ingres,3,2028619.00,1630032.57
2020,07037AA000,Mercadal (Es),ingres,5,469001.00,155784.60
2020,07037AA000,Mercadal (Es),despesa,3,38500.00,26048.52
2020,07037AA000,Mercadal (Es),despesa,8,25000.00,20170.05
2020,07037AA000,Mercadal (Es),despesa,7,314112.00,64495.73
2020,07037AA000,Mercadal (Es),ingres,2,201800.00,695728.29
2020,07037AA000,Mercadal (Es),despesa,5,75595.00,0
2020,07041AO001,F. Escuela Municipal de Música de Petra,despesa,2,1280.60,1022.15
2020,07041AO001,F. Escuela Municipal de Música de Petra,despesa,1,71087.63,54678.99
2020,07041AO001,F. Escuela Municipal de Música de Petra,despesa,3,948.00,529.65
2020,07041AO001,F. Escuela Municipal de Música de Petra,ingres,3,49816.23,31993.61
2020,07041AO001,F. Escuela Municipal de Música de Petra,ingres,4,23500.00,33500.00
2020,07040AV006,Instituto Municipal Innovación  (IMI),ingres,4,8498577.21,7509061.32
2020,07040AV006,Instituto Municipal Innovación  (IMI),despesa,2,3888730.20,3567411.39
2020,07040AV006,Instituto Municipal Innovación  (IMI),despesa,3,1000.00,1000.00
2020,07040AV006,Instituto Municipal Innovación  (IMI),despesa,8,60000.00,9017.66
2020,07040AV006,Instituto Municipal Innovación  (IMI),ingres,7,631081.15,211042.81
2020,07040AV006,Instituto Municipal Innovación  (IMI),ingres,8,60000.00,5421.62
2020,07040AV006,Instituto Municipal Innovación  (IMI),despesa,1,4611790.01,4174631.90
2020,07040AV006,Instituto Municipal Innovación  (IMI),ingres,3,2893.00,21672.93
2020,07040AV006,Instituto Municipal Innovación  (IMI),despesa,6,631081.15,211042.81
2020,07040AV006,Instituto Municipal Innovación  (IMI),ingres,5,50.00,4
2020,07026AV003,Museo de Arte Contemporáneo,despesa,8,10.00,0
2020,07026AV003,Museo de Arte Contemporáneo,ingres,4,281790.00,217491.50
2020,07026AV003,Museo de Arte Contemporáneo,ingres,8,10.00,0
2020,07026AV003,Museo de Arte Contemporáneo,ingres,7,13200.00,10939.94
2020,07026AV003,Museo de Arte Contemporáneo,despesa,1,187682.28,153155.82
2020,07026AV003,Museo de Arte Contemporáneo,ingres,3,0,297.11
2020,07026AV003,Museo de Arte Contemporáneo,despesa,2,94007.72,64542.44
2020,07026AV003,Museo de Arte Contemporáneo,despesa,3,100.00,90.35
2020,07026AV003,Museo de Arte Contemporáneo,despesa,6,13200.00,10939.94
2020,07026AV001,P. M. Deportes,ingres,4,2147243.22,2133705.79
2020,07026AV001,P. M. Deportes,despesa,4,404253.22,363460.49
2020,07026AV001,P. M. Deportes,ingres,3,390000.00,164818.89
2020,07026AV001,P. M. Deportes,despesa,1,1274627.43,1166131.23
2020,07026AV001,P. M. Deportes,despesa,8,5700.00,5700.00
2020,07026AV001,P. M. Deportes,despesa,2,854362.57,767399.34
2020,07026AV001,P. M. Deportes,ingres,5,0,56
2020,07026AV001,P. M. Deportes,despesa,6,10000.00,8471.49
2020,07026AV001,P. M. Deportes,ingres,7,10000.00,8471.49
2020,07026AV001,P. M. Deportes,ingres,8,5700.00,5700.00
2020,07026AV001,P. M. Deportes,despesa,3,4000.00,1534.18
2020,07036AA000,Marratxí,ingres,7,838428.19,502996.91
2020,07036AA000,Marratxí,despesa,2,7545761.00,4957216.33
2020,07036AA000,Marratxí,ingres,1,15492000.00,15314571.18
2020,07036AA000,Marratxí,ingres,3,7459692.19,6870067.18
2020,07036AA000,Marratxí,ingres,5,241000.00,259706.06
2020,07036AA000,Marratxí,despesa,7,35100.00,14172.81
2020,07036AA000,Marratxí,ingres,4,8987452.56,9164987.32
2020,07036AA000,Marratxí,despesa,6,4977564.74,3554392.19
2020,07036AA000,Marratxí,despesa,8,110500.00,102500.00
2020,07036AA000,Marratxí,ingres,8,764738.20,102500.00
2020,07036AA000,Marratxí,despesa,1,12947119.74,11739704.96
2020,07036AA000,Marratxí,despesa,3,48170.00,40751.83
2020,07036AA000,Marratxí,ingres,2,1600000.00,1336307.04
2020,07036AA000,Marratxí,despesa,4,9719095.66,7942434.90
2020,07031AV002,P. Molí d'En Gaspar,ingres,4,2000.00,1
2020,07031AV002,P. Molí d'En Gaspar,despesa,3,2000.00,586.74
2021,07005AA000,Andratx,despesa,5,100.00,0
2021,07005AA000,Andratx,ingres,3,6143100.00,6204423.48
2021,07005AA000,Andratx,ingres,8,14792455.00,8062.30
2021,07005AA000,Andratx,ingres,7,270857.12,443074.20
2021,07005AA000,Andratx,despesa,8,5510000.00,10000.00
2021,07005AA000,Andratx,ingres,5,440500.00,349703.33
2021,07005AA000,Andratx,despesa,3,31000.00,0
2021,07005AA000,Andratx,despesa,6,8076256.85,3242366.80
2021,07005AA000,Andratx,despesa,7,115000.00,56381.76
2021,07005AA000,Andratx,despesa,1,9934457.96,8896475.40
2021,07005AA000,Andratx,despesa,2,13263052.80,9555323.87
2021,07005AA000,Andratx,ingres,2,2400000.00,1354258.08
2021,07005AA000,Andratx,despesa,4,2109468.73,1256008.38
2021,07005AA000,Andratx,ingres,1,11901000.00,12980689.96
2021,07005AA000,Andratx,ingres,4,3093401.42,4426144.05
2021,07026AV002,P. M. Música,despesa,8,10.00,0
2021,07026AV002,P. M. Música,despesa,1,437003.76,391005.27
2021,07026AV002,P. M. Música,despesa,2,244186.24,237340.10
2021,07026AV002,P. M. Música,ingres,7,2300.00,2300.00
2021,07026AV002,P. M. Música,ingres,4,637180.00,566358.04
2021,07026AV002,P. M. Música,ingres,8,31010.00,0
2021,07026AV002,P. M. Música,ingres,3,47510.00,63437.27
2021,07026AV002,P. M. Música,despesa,4,2000.00,0
2021,07026AV002,P. M. Música,despesa,3,1500.00,612.49
2021,07026AV002,P. M. Música,despesa,6,33300.00,33274.27
2021,07031AA000,Llucmajor,despesa,5,574622.95,0
2021,07031AA000,Llucmajor,despesa,1,23649202.62,19980623.83
2021,07031AA000,Llucmajor,despesa,7,127745.32,92945.32
2021,07031AA000,Llucmajor,ingres,1,18624100.00,19352103.66
2021,07031AA000,Llucmajor,ingres,7,1694543.79,160800.87
2021,07031AA000,Llucmajor,despesa,2,18853561.26,14603121.26
2021,07031AA000,Llucmajor,despesa,8,96367.74,95849.84
2021,07031AA000,Llucmajor,ingres,2,1570500.00,1741439.91
2021,07031AA000,Llucmajor,ingres,5,3869800.00,792987.68
2021,07031AA000,Llucmajor,despesa,3,165000.00,84693.98
2021,07031AA000,Llucmajor,ingres,8,12016574.53,68524.50
2021,07031AA000,Llucmajor,despesa,4,4388258.19,2081546.11
2021,07031AA000,Llucmajor,despesa,6,11989222.63,1834058.76
2021,07031AA000,Llucmajor,ingres,3,11118181.41,13681618.58
2021,07031AA000,Llucmajor,ingres,4,10950280.98,13930713.64
2021,07037AA000,Mercadal (Es),despesa,5,117500.00,0
2021,07037AA000,Mercadal (Es),ingres,9,88100.00,0
2021,07037AA000,Mercadal (Es),despesa,6,7079317.50,2380983.88
2021,07037AA000,Mercadal (Es),ingres,7,1336465.69,516025.01
2021,07037AA000,Mercadal (Es),despesa,4,1290591.37,964287.84
2021,07037AA000,Mercadal (Es),ingres,1,5074000.00,5155623.91
2021,07037AA000,Mercadal (Es),ingres,3,1980419.00,1733549.43
2021,07037AA000,Mercadal (Es),ingres,5,282001.00,234130.47
2021,07037AA000,Mercadal (Es),despesa,3,31000.00,20657.96
2021,07037AA000,Mercadal (Es),despesa,8,20000.00,11468.61
2021,07037AA000,Mercadal (Es),despesa,7,604083.00,170297.72
2021,07037AA000,Mercadal (Es),ingres,2,206700.00,320991.98
2021,07037AA000,Mercadal (Es),despesa,9,1282014.00,1282014.00
2021,07037AA000,Mercadal (Es),despesa,2,4860224.28,3800106.35
2021,07037AA000,Mercadal (Es),despesa,1,2913108.08,2585239.55
2021,07037AA000,Mercadal (Es),ingres,4,2124096.68,2552343.56
2021,07037AA000,Mercadal (Es),ingres,8,7106055.86,11468.61
2021,07040AA000,Palma,despesa,5,4018557.94,0
2021,07040AA000,Palma,ingres,9,118388509.28,109169228.18
2021,07040AA000,Palma,despesa,8,5066346.23,4297379.31
2021,07040AA000,Palma,ingres,2,29033235.21,29030810.08
2021,07040AA000,Palma,ingres,3,94171976.06,105308782.36
2021,07040AA000,Palma,ingres,5,4360500.00,2318920.86
2021,07040AA000,Palma,ingres,4,106962218.43,107371231.01
2021,07040AA000,Palma,despesa,9,104025340.89,104025338.00
2021,07040AA000,Palma,ingres,1,186797732.60,193935843.70
2021,07040AA000,Palma,ingres,7,18540277.30,23166783.55
2021,07040AA000,Palma,despesa,4,127306427.27,111920034.92
2021,07040AA000,Palma,despesa,1,158758868.85,151564767.27
2021,07040AA000,Palma,despesa,7,34338645.87,21235432.32
2021,07040AA000,Palma,despesa,2,135975609.08,116960464.89
2021,07040AA000,Palma,despesa,3,8868080.60,4218012.10
2021,07040AA000,Palma,despesa,6,69138461.23,26724332.45
2021,07040AA000,Palma,ingres,8,89241889.08,4336344.45
2021,07040AV002,P. M. d'Escoles d'Infants,ingres,5,20.00,0
2021,07040AV002,P. M. d'Escoles d'Infants,despesa,3,1500.00,592.09
2021,07040AV002,P. M. d'Escoles d'Infants,despesa,6,1040350.24,792845.36
2021,07040AV002,P. M. d'Escoles d'Infants,despesa,1,4011138.56,3389341.96
2021,07040AV002,P. M. d'Escoles d'Infants,ingres,3,940882.07,861424.67
2021,07040AV002,P. M. d'Escoles d'Infants,despesa,8,11000.00,0
2021,07040AV002,P. M. d'Escoles d'Infants,despesa,2,4157833.85,3189669.53
2021,07040AV002,P. M. d'Escoles d'Infants,despesa,4,350000.00,237295.00
2021,07040AV002,P. M. d'Escoles d'Infants,ingres,4,7706112.90,5951371.01
2021,07040AV002,P. M. d'Escoles d'Infants,ingres,7,913807.68,792845.36
2021,07040AV002,P. M. d'Escoles d'Infants,ingres,8,11000.00,0
2021,07044AA000,Pobla (Sa),ingres,8,903475.44,0
2021,07044AA000,Pobla (Sa),ingres,1,4743000.00,4687750.63
2021,07044AA000,Pobla (Sa),ingres,7,1187314.23,615446.05
2021,07044AA000,Pobla (Sa),ingres,9,269342.22,269342.22
2021,07044AA000,Pobla (Sa),ingres,3,3665600.23,3683956.15
2021,07044AA000,Pobla (Sa),ingres,2,300000.00,422669.19
2021,07044AA000,Pobla (Sa),despesa,9,727571.12,727329.50
2021,07044AA000,Pobla (Sa),ingres,5,16621.16,8241.00
2021,07044AA000,Pobla (Sa),despesa,3,91513.07,86840.84
2021,07044AA000,Pobla (Sa),despesa,4,479874.27,458577.38
2021,07044AA000,Pobla (Sa),despesa,2,6081203.71,5714304.50
2021,07044AA000,Pobla (Sa),despesa,6,2145937.12,931677.18
2021,07044AA000,Pobla (Sa),despesa,1,5709817.30,5554401.20
2021,07044AA000,Pobla (Sa),despesa,7,38814.69,37508.47
2021,07044AA000,Pobla (Sa),ingres,4,4189378.00,4597341.87
2021,07024AA000,Formentera,ingres,8,4714629.69,0
2021,07024AA000,Formentera,ingres,2,274000.00,418285.08
2021,07024AA000,Formentera,ingres,4,14361863.36,15499849.72
2021,07024AA000,Formentera,ingres,7,4095000.00,7860.79
2021,07024AA000,Formentera,ingres,1,6865000.00,7935280.45
2021,07024AA000,Formentera,despesa,7,763000.00,760739.07
2021,07024AA000,Formentera,ingres,5,10000.00,4463.77
2021,07024AA000,Formentera,despesa,4,2549948.36,1911352.96
2021,07024AA000,Formentera,despesa,6,6032000.00,4543340.88
2021,07024AA000,Formentera,despesa,2,12779129.69,12152461.70
2021,07024AA000,Formentera,despesa,1,14199415.00,14123159.86
2021,07024AA000,Formentera,ingres,3,6133000.00,7050999.56
2021,07024AA000,Formentera,despesa,3,130000.00,127218.80
2021,07038AA000,Montuïri,ingres,8,1025470.92,0
2021,07038AA000,Montuïri,ingres,4,985389.72,1139712.75
2021,07038AA000,Montuïri,ingres,5,18100.00,18558.00
2021,07038AA000,Montuïri,ingres,7,1643012.27,1638159.78
2021,07038AA000,Montuïri,despesa,4,404785.97,389948.20
2021,07038AA000,Montuïri,ingres,3,414877.84,444715.71
2021,07038AA000,Montuïri,despesa,2,1136483.79,914976.50
2021,07038AA000,Montuïri,despesa,9,855871.19,761247.29
2021,07038AA000,Montuïri,ingres,2,282180.00,172829.32
2021,07038AA000,Montuïri,despesa,1,1100987.00,1003258.89
2021,07038AA000,Montuïri,despesa,3,93610.99,89328.32
2021,07038AA000,Montuïri,ingres,1,1196900.00,1201895.26
2021,07038AA000,Montuïri,despesa,6,1961421.45,476422.07
2021,07002DD000,Consejo Insular de Mallorca,ingres,9,21737847.83,0
2021,07002DD000,Consejo Insular de Mallorca,ingres,1,14455810.30,19066947.20
2021,07002DD000,Consejo Insular de Mallorca,ingres,4,361947408.56,374225207.42
2021,07002DD000,Consejo Insular de Mallorca,despesa,8,1100000.00,369119.81
2021,07002DD000,Consejo Insular de Mallorca,despesa,5,1000.00,0
2021,07002DD000,Consejo Insular de Mallorca,ingres,8,115285691.46,369119.81
2021,07002DD000,Consejo Insular de Mallorca,despesa,2,64181550.86,43556140.16
2021,07002DD000,Consejo Insular de Mallorca,despesa,3,1177900.00,682685.30
2021,07002DD000,Consejo Insular de Mallorca,ingres,6,0,0
2021,07002DD000,Consejo Insular de Mallorca,despesa,4,280740286.71,274074680.85
2021,07002DD000,Consejo Insular de Mallorca,despesa,7,54918669.44,36001275.32
2021,07002DD000,Consejo Insular de Mallorca,ingres,7,210782949.98,32007943.45
2021,07002DD000,Consejo Insular de Mallorca,ingres,2,17272657.10,18800317.23
2021,07002DD000,Consejo Insular de Mallorca,despesa,1,86776552.63,78497779.39
2021,07002DD000,Consejo Insular de Mallorca,despesa,6,271614242.35,34157527.74
2021,07002DD000,Consejo Insular de Mallorca,ingres,3,17022022.14,20971716.97
2021,07002DD000,Consejo Insular de Mallorca,ingres,5,2005814.62,1816758.47
2021,07002DV001,Inst. l'Esport Hipic,ingres,8,2110478.89,0
2021,07002DV001,Inst. l'Esport Hipic,ingres,7,392800.00,392800.00
2021,07002DV001,Inst. l'Esport Hipic,ingres,4,2528546.53,2528546.53
2021,07002DV001,Inst. l'Esport Hipic,ingres,5,387347.16,131550.41
2021,07002DV001,Inst. l'Esport Hipic,despesa,1,1102708.07,1041594.55
2021,07002DV001,Inst. l'Esport Hipic,despesa,2,1283306.13,997006.50
2021,07002DV001,Inst. l'Esport Hipic,despesa,3,10000.00,0
2021,07002DV001,Inst. l'Esport Hipic,despesa,6,1706216.09,555074.87
2021,07002DV001,Inst. l'Esport Hipic,despesa,4,1574600.00,1537571.20
2021,07002DV001,Inst. l'Esport Hipic,despesa,8,5000.00,0
2021,07002DV001,Inst. l'Esport Hipic,ingres,3,262657.71,236909.61
2021,07003DV001,Inst. Menorquín de Estudios,ingres,8,75000.00,0
2021,07003DV001,Inst. Menorquín de Estudios,despesa,4,600.00,405.00
2021,07003DV001,Inst. Menorquín de Estudios,despesa,7,45000.00,35783.22
2021,07003DV001,Inst. Menorquín de Estudios,ingres,3,88000.00,91789.54
2021,07003DV001,Inst. Menorquín de Estudios,despesa,8,1000.00,0
2021,07003DV001,Inst. Menorquín de Estudios,ingres,5,0,3
2021,07003DV001,Inst. Menorquín de Estudios,despesa,2,505824.22,500414.98
2021,07003DV001,Inst. Menorquín de Estudios,despesa,6,58000.00,21175.72
2021,07003DV001,Inst. Menorquín de Estudios,ingres,4,1055979.14,929326.39
2021,07003DV001,Inst. Menorquín de Estudios,despesa,1,608554.92,433781.61
2021,07006AA000,Artà,despesa,6,3664256.48,1121579.84
2021,07006AA000,Artà,ingres,5,26601.00,4307.32
2021,07006AA000,Artà,despesa,7,1.00,0
2021,07006AA000,Artà,despesa,1,5442908.25,4934099.32
2021,07006AA000,Artà,despesa,2,4880858.98,4411413.00
2021,07006AA000,Artà,despesa,5,10000.00,0
2021,07006AA000,Artà,despesa,9,2.00,0
2021,07006AA000,Artà,despesa,3,7503.00,7500.37
2021,07006AA000,Artà,despesa,4,869474.12,748393.16
2021,07006AA000,Artà,ingres,1,4666000.00,4905906.41
2021,07006AA000,Artà,ingres,7,1603420.50,806927.29
2021,07006AA000,Artà,ingres,8,1626872.11,0
2021,07006AA000,Artà,ingres,2,501500.00,670818.02
2021,07006AA000,Artà,ingres,4,2813867.14,3148109.67
2021,07006AA000,Artà,ingres,3,3636743.08,3903145.71
2021,07013AA000,Campos,despesa,7,146106.79,91666.63
2021,07013AA000,Campos,ingres,1,4973167.12,5219774.72
2021,07013AA000,Campos,ingres,8,9901773.06,0
2021,07013AA000,Campos,despesa,3,19250.00,19213.41
2021,07013AA000,Campos,despesa,6,9233630.91,3812630.36
2021,07013AA000,Campos,ingres,3,4051096.03,4754798.18
2021,07013AA000,Campos,ingres,5,322500.00,254220.04
2021,07013AA000,Campos,despesa,2,9167577.45,6902319.74
2021,07013AA000,Campos,ingres,7,1046995.52,501867.90
2021,07013AA000,Campos,despesa,4,319380.61,249795.35
2021,07013AA000,Campos,ingres,4,3267150.82,3446277.16
2021,07013AA000,Campos,despesa,1,5247321.60,4776808.71
2021,07013AA000,Campos,ingres,2,570584.81,1112102.41
2021,07014AO001,F. Castell de Capdepera,despesa,1,111376.87,91687.36
2021,07014AO001,F. Castell de Capdepera,ingres,5,100.00,0
2021,07014AO001,F. Castell de Capdepera,despesa,3,13785.96,2931.09
2021,07014AO001,F. Castell de Capdepera,ingres,4,96062.83,2258.50
2021,07014AO001,F. Castell de Capdepera,despesa,6,19680.00,2613.60
2021,07014AO001,F. Castell de Capdepera,ingres,3,126000.00,187338.74
2021,07014AO001,F. Castell de Capdepera,despesa,2,77320.00,52951.11
2021,07026AV001,P. M. Deportes,ingres,3,426415.97,260903.88
2021,07026AV001,P. M. Deportes,despesa,1,1288437.07,1245774.93
2021,07026AV001,P. M. Deportes,despesa,8,4975.53,4975.53
2021,07026AV001,P. M. Deportes,despesa,2,853480.33,808706.70
2021,07026AV001,P. M. Deportes,ingres,5,0,1.21
2021,07026AV001,P. M. Deportes,despesa,6,415959.37,90793.05
2021,07026AV001,P. M. Deportes,ingres,7,10000.00,10000.00
2021,07026AV001,P. M. Deportes,ingres,8,415596.33,4975.53
2021,07026AV001,P. M. Deportes,despesa,3,4000.00,2197.80
2021,07026AV001,P. M. Deportes,ingres,4,2067990.00,2067990.00
2021,07026AV001,P. M. Deportes,despesa,4,353150.00,349114.41
2021,07028AA000,Lloret de Vistalegre,despesa,1,602875.00,543328.08
2021,07028AA000,Lloret de Vistalegre,ingres,1,395993.76,400405.69
2021,07028AA000,Lloret de Vistalegre,ingres,8,1441774.21,0
2021,07028AA000,Lloret de Vistalegre,despesa,3,3050.00,2974.22
2021,07028AA000,Lloret de Vistalegre,despesa,2,623638.91,522098.76
2021,07028AA000,Lloret de Vistalegre,despesa,9,37200.00,36871.92
2021,07028AA000,Lloret de Vistalegre,ingres,7,1203283.46,1206336.92
2021,07028AA000,Lloret de Vistalegre,ingres,5,8737.19,8736.19
2021,07028AA000,Lloret de Vistalegre,ingres,3,102061.48,134075.20
2021,07028AA000,Lloret de Vistalegre,despesa,6,2513244.60,1301126.04
2021,07028AA000,Lloret de Vistalegre,despesa,4,65343.99,36930.43
2021,07028AA000,Lloret de Vistalegre,ingres,2,40050.00,67379.41
2021,07028AA000,Lloret de Vistalegre,ingres,4,653452.40,705096.60
2021,07031AV001,P. Res. Personas Mayores,ingres,4,1538367.31,2007651.43
2021,07031AV001,P. Res. Personas Mayores,despesa,3,1000.00,593.95
2021,07031AV001,P. Res. Personas Mayores,ingres,8,303000.00,12000.00
2021,07031AV001,P. Res. Personas Mayores,despesa,2,238100.00,181295.28
2021,07031AV001,P. Res. Personas Mayores,despesa,8,12000.00,12000.00
2021,07031AV001,P. Res. Personas Mayores,ingres,5,100.00,0
2021,07031AV001,P. Res. Personas Mayores,despesa,1,1522197.11,1210284.35
2021,07031AV001,P. Res. Personas Mayores,despesa,6,319800.00,3425.90
2021,07031AV001,P. Res. Personas Mayores,ingres,3,240100.00,254784.88
2021,07031AV001,P. Res. Personas Mayores,despesa,5,8270.20,0
2021,07031AV001,P. Res. Personas Mayores,ingres,7,19800.00,0
2021,07032AA000,Maó,ingres,8,7919585.37,42177.30
2021,07032AA000,Maó,despesa,6,14201600.15,5520466.83
2021,07032AA000,Maó,despesa,7,2466444.16,412879.21
2021,07032AA000,Maó,despesa,8,60000.00,42177.30
2021,07032AA000,Maó,despesa,9,751265.00,751263.89
2021,07032AA000,Maó,ingres,3,6153500.00,5354286.30
2021,07032AA000,Maó,despesa,2,16333763.39,11669524.54
2021,07032AA000,Maó,ingres,2,152600.00,309082.25
2021,07032AA000,Maó,ingres,7,3335769.78,1020179.91
2021,07032AA000,Maó,despesa,1,16366879.73,15999619.58
2021,07032AA000,Maó,ingres,1,19083000.00,19703767.98
2021,07032AA000,Maó,ingres,6,0,19051.31
2021,07032AA000,Maó,ingres,9,8500000.00,2500000.00
2021,07032AA000,Maó,despesa,3,168055.00,68085.38
2021,07032AA000,Maó,despesa,4,5571867.78,4138591.92
2021,07032AA000,Maó,ingres,4,10452818.06,11620661.52
2021,07032AA000,Maó,ingres,5,379900.00,545381.33
2021,07034AA000,Mancor de la Vall,despesa,6,1664034.79,279808.54
2021,07034AA000,Mancor de la Vall,despesa,1,750054.87,748521.29
2021,07034AA000,Mancor de la Vall,ingres,7,809527.22,559382.28
2021,07034AA000,Mancor de la Vall,despesa,4,188700.00,182135.03
2021,07034AA000,Mancor de la Vall,ingres,4,759638.46,778777.76
2021,07034AA000,Mancor de la Vall,ingres,3,284693.00,273473.00
2021,07034AA000,Mancor de la Vall,ingres,2,57250.00,73484.56
2021,07034AA000,Mancor de la Vall,ingres,8,913231.91,0
2021,07034AA000,Mancor de la Vall,despesa,9,150886.34,149567.92
2021,07034AA000,Mancor de la Vall,despesa,2,685934.59,684814.31
2021,07034AA000,Mancor de la Vall,despesa,3,5450.00,5441.23
2021,07034AA000,Mancor de la Vall,ingres,1,614000.00,623427.64
2021,07034AA000,Mancor de la Vall,ingres,5,6720.00,3796.10
2021,07036AA000,Marratxí,ingres,1,15407000.00,15268602.18
2021,07036AA000,Marratxí,ingres,3,7119900.00,7729323.25
2021,07036AA000,Marratxí,ingres,5,240000.00,296975.49
2021,07036AA000,Marratxí,despesa,7,17500.00,6266.97
2021,07036AA000,Marratxí,ingres,4,10596573.22,11967129.32
2021,07036AA000,Marratxí,despesa,6,14028113.82,2387414.02
2021,07036AA000,Marratxí,despesa,8,118300.00,108300.00
2021,07036AA000,Marratxí,ingres,8,9703934.62,108300.00
2021,07036AA000,Marratxí,despesa,1,14091308.67,12780049.75
2021,07036AA000,Marratxí,despesa,3,174520.00,168370.48
2021,07036AA000,Marratxí,ingres,2,1450000.00,978356.64
2021,07036AA000,Marratxí,despesa,4,10922365.98,8970763.23
2021,07036AA000,Marratxí,ingres,7,1628733.04,1152304.87
2021,07036AA000,Marratxí,despesa,2,6794032.41,5004299.16
2021,07040AV001,Inst. M. l'Esport,despesa,2,12701673.20,9029541.44
2021,07040AV001,Inst. M. l'Esport,ingres,7,6723289.09,2675969.59
2021,07040AV001,Inst. M. l'Esport,ingres,3,3062417.24,2479639.23
2021,07040AV001,Inst. M. l'Esport,despesa,7,500000.00,500000.00
2021,07040AV001,Inst. M. l'Esport,ingres,4,15221499.20,10659688.24
2021,07040AV001,Inst. M. l'Esport,despesa,3,5000.00,3801.38
2021,07040AV001,Inst. M. l'Esport,despesa,6,7243095.80,2259050.59
2021,07040AV001,Inst. M. l'Esport,despesa,4,162000.00,79570.73
2021,07040AV001,Inst. M. l'Esport,ingres,8,729189.64,39553.62
2021,07040AV001,Inst. M. l'Esport,ingres,5,171791.83,176144.33
2021,07040AV001,Inst. M. l'Esport,despesa,8,90000.00,29985.00
2021,07040AV001,Inst. M. l'Esport,despesa,1,5206418.00,4244828.37
2021,07040AV006,Instituto Municipal Innovación  (IMI),despesa,8,60000.00,16638.17
2021,07040AV006,Instituto Municipal Innovación  (IMI),ingres,7,1131785.69,49033.59
2021,07040AV006,Instituto Municipal Innovación  (IMI),ingres,8,60000.00,19977.66
2021,07040AV006,Instituto Municipal Innovación  (IMI),despesa,1,5199135.65,3969109.88
2021,07040AV006,Instituto Municipal Innovación  (IMI),ingres,3,2893.00,2587.00
2021,07040AV006,Instituto Municipal Innovación  (IMI),despesa,6,1004664.35,49033.59
2021,07040AV006,Instituto Municipal Innovación  (IMI),ingres,5,50.00,34
2021,07040AV006,Instituto Municipal Innovación  (IMI),ingres,4,13447484.56,11582164.21
2021,07040AV006,Instituto Municipal Innovación  (IMI),despesa,2,5734784.78,5084522.19
2021,07040AV006,Instituto Municipal Innovación  (IMI),despesa,3,2643628.47,2643332.19
2021,07040AV004,P. M. l'Habitatge,ingres,5,700000.00,875923.67
2021,07040AV004,P. M. l'Habitatge,ingres,8,93000.00,7777.80
2021,07040AV004,P. M. l'Habitatge,despesa,2,857042.07,639396.27
2021,07040AV004,P. M. l'Habitatge,despesa,7,669252.46,19305.04
2021,07040AV004,P. M. l'Habitatge,ingres,3,104118.07,127049.35
2021,07040AV004,P. M. l'Habitatge,despesa,6,1415247.16,441045.03
2021,07040AV004,P. M. l'Habitatge,despesa,8,93000.00,5000.00
2021,07040AV004,P. M. l'Habitatge,despesa,1,1849802.26,1534218.77
2021,07040AV004,P. M. l'Habitatge,ingres,4,1926826.26,1061189.38
2021,07040AV004,P. M. l'Habitatge,ingres,7,2084499.62,265759.13
2021,07040AV004,P. M. l'Habitatge,despesa,4,22000.00,8771.15
2021,07040AV004,P. M. l'Habitatge,despesa,3,2100.00,0
2021,07041AA000,Petra,ingres,5,31816.00,22030.00
2021,07041AA000,Petra,despesa,1,1114947.35,1057728.50
2021,07041AA000,Petra,despesa,3,31275.64,30978.66
2021,07041AA000,Petra,despesa,7,29202.84,29202.84
2021,07041AA000,Petra,despesa,9,50371.48,50371.48
2021,07041AA000,Petra,ingres,8,6667169.45,0
2021,07041AA000,Petra,ingres,7,1611554.35,1040334.74
2021,07041AA000,Petra,ingres,1,589324.09,628565.73
2021,07041AA000,Petra,despesa,4,730656.76,630841.90
2021,07041AA000,Petra,ingres,6,6.00,0
2021,07041AA000,Petra,despesa,2,2769893.10,2764646.98
2021,07041AA000,Petra,ingres,2,118100.00,229493.51
2021,07041AA000,Petra,ingres,3,426543.36,364381.04
2021,07041AA000,Petra,despesa,5,20000.00,0
2021,07041AA000,Petra,despesa,6,5557528.87,4626683.91
2021,07041AA000,Petra,ingres,4,859362.79,950068.07
2021,07041AO002,Fundación Teatro y Acción Socio-Cultural de Petra,ingres,4,40000.00,50161.97
2021,07041AO002,Fundación Teatro y Acción Socio-Cultural de Petra,despesa,1,25986.00,25396.61
2021,07041AO002,Fundación Teatro y Acción Socio-Cultural de Petra,ingres,3,9328.00,5166.08
2021,07041AO002,Fundación Teatro y Acción Socio-Cultural de Petra,despesa,2,23342.00,20997.45
2021,07048AA000,Sant Josep de sa Talaia,ingres,2,1400000.00,1625177.93
2021,07048AA000,Sant Josep de sa Talaia,despesa,2,21219631.43,18756234.55
2021,07048AA000,Sant Josep de sa Talaia,despesa,3,10795.59,3871.03
2021,07048AA000,Sant Josep de sa Talaia,ingres,7,2598042.75,1345542.47
2021,07048AA000,Sant Josep de sa Talaia,despesa,9,1805975.69,1805975.69
2021,07048AA000,Sant Josep de sa Talaia,ingres,3,9466239.93,8653289.34
2021,07048AA000,Sant Josep de sa Talaia,despesa,6,14374656.48,8756060.29
2021,07048AA000,Sant Josep de sa Talaia,despesa,4,3919032.82,2830228.59
2021,07048AA000,Sant Josep de sa Talaia,ingres,1,14627526.76,14401671.69
2021,07048AA000,Sant Josep de sa Talaia,ingres,4,7943090.35,10225353.45
2021,07048AA000,Sant Josep de sa Talaia,despesa,5,149777.86,0
2021,07048AA000,Sant Josep de sa Talaia,despesa,7,86992.75,86923.75
2021,07048AA000,Sant Josep de sa Talaia,ingres,5,4495010.00,2813757.55
2021,07048AA000,Sant Josep de sa Talaia,ingres,8,11969956.23,0
2021,07048AA000,Sant Josep de sa Talaia,despesa,1,10933003.40,10753389.27
2021,07050AA000,Sant Joan de Labritja,despesa,2,4491984.79,3311665.89
2021,07050AA000,Sant Joan de Labritja,despesa,3,6100.00,3739.86
2021,07050AA000,Sant Joan de Labritja,ingres,2,351067.00,1026604.05
2021,07050AA000,Sant Joan de Labritja,despesa,6,8704390.15,938359.17
2021,07050AA000,Sant Joan de Labritja,ingres,1,3682000.00,3727477.31
2021,07050AA000,Sant Joan de Labritja,despesa,4,843974.74,424082.47
2021,07050AA000,Sant Joan de Labritja,ingres,4,1661872.74,2305303.21
2021,07050AA000,Sant Joan de Labritja,ingres,6,1000.00,0
2021,07050AA000,Sant Joan de Labritja,ingres,5,1100.00,0
2021,07050AA000,Sant Joan de Labritja,despesa,1,1942446.02,1656225.50
2021,07050AA000,Sant Joan de Labritja,ingres,7,4844401.82,777883.79
2021,07050AA000,Sant Joan de Labritja,ingres,8,3670122.96,0
2021,07050AA000,Sant Joan de Labritja,ingres,3,1777331.18,1949040.70
2021,07062AA000,Son Servera,despesa,9,827150.02,727150.02
2021,07062AA000,Son Servera,ingres,8,3166957.47,34600.00
2021,07062AA000,Son Servera,ingres,1,8123695.87,8337818.69
2021,07062AA000,Son Servera,despesa,3,43537.63,32488.36
2021,07062AA000,Son Servera,despesa,4,1360479.93,1084852.12
2021,07062AA000,Son Servera,despesa,2,7515298.56,6750408.95
2021,07062AA000,Son Servera,despesa,8,60000.00,34600.00
2021,07062AA000,Son Servera,ingres,3,3131020.45,3409760.69
2021,07062AA000,Son Servera,ingres,4,4081534.04,4234198.47
2021,07062AA000,Son Servera,ingres,5,629154.00,122416.76
2021,07062AA000,Son Servera,despesa,7,126216.95,126216.95
2021,07062AA000,Son Servera,ingres,7,883263.37,575174.28
2021,07062AA000,Son Servera,despesa,1,6668173.90,5893770.35
2021,07062AA000,Son Servera,ingres,2,507912.88,332592.84
2021,07062AA000,Son Servera,despesa,6,3922681.09,1719249.79
2021,07063AA000,Valldemossa,despesa,3,11712.91,7853.93
2021,07063AA000,Valldemossa,despesa,4,285555.92,193098.93
2021,07063AA000,Valldemossa,despesa,6,1752887.10,253629.43
2021,07063AA000,Valldemossa,ingres,5,46000.00,12381.72
2021,07063AA000,Valldemossa,ingres,7,851833.82,791385.67
2021,07063AA000,Valldemossa,ingres,8,1185468.03,0
2021,07063AA000,Valldemossa,ingres,3,1302992.73,1202180.22
2021,07063AA000,Valldemossa,ingres,2,150000.00,80641.21
2021,07063AA000,Valldemossa,despesa,9,265000.00,265000.00
2021,07063AA000,Valldemossa,despesa,1,1783049.80,1422567.77
2021,07063AA000,Valldemossa,despesa,2,1556321.64,1205137.45
2021,07063AA000,Valldemossa,ingres,1,1466509.94,1322636.31
2021,07063AA000,Valldemossa,ingres,4,651722.85,839296.70
2021,07003AA000,Alcúdia,despesa,7,195600.00,68916.63
2021,07003AA000,Alcúdia,ingres,5,726686.00,582805.09
2021,07003AA000,Alcúdia,ingres,1,17757600.00,17358431.26
2021,07003AA000,Alcúdia,despesa,1,11338404.88,9783414.74
2021,07003AA000,Alcúdia,despesa,6,15903792.49,2878022.34
2021,07003AA000,Alcúdia,ingres,3,6152510.00,6945071.37
2021,07003AA000,Alcúdia,ingres,4,5453045.02,6819779.86
2021,07003AA000,Alcúdia,despesa,2,15392122.08,11246447.94
2021,07003AA000,Alcúdia,despesa,3,201000.00,144549.31
2021,07003AA000,Alcúdia,despesa,4,8009991.21,7088499.20
2021,07003AA000,Alcúdia,ingres,8,17996992.90,262265.27
2021,07003AA000,Alcúdia,ingres,2,462000.00,819061.35
2021,07003AA000,Alcúdia,ingres,7,2492076.74,1095984.76
2021,07039AA000,Muro,ingres,1,4665160.65,4637143.77
2021,07039AA000,Muro,despesa,3,7800.00,7787.67
2021,07039AA000,Muro,despesa,6,4639939.80,2123289.06
2021,07039AA000,Muro,ingres,7,968035.50,537475.39
2021,07039AA000,Muro,despesa,4,388537.37,341166.19
2021,07039AA000,Muro,despesa,7,15304.71,14669.00
2021,07039AA000,Muro,ingres,8,2491332.08,0
2021,07039AA000,Muro,ingres,5,1822348.27,553495.94
2021,07039AA000,Muro,ingres,2,350000.00,211231.32
2021,07039AA000,Muro,despesa,1,4859634.78,4623755.62
2021,07039AA000,Muro,despesa,2,6369197.07,5438245.63
2021,07039AA000,Muro,ingres,3,3877306.93,3531478.07
2021,07039AA000,Muro,ingres,4,2106230.30,2619932.88
2021,07049AA000,Sant Joan,ingres,5,30910.00,37022.73
2021,07049AA000,Sant Joan,despesa,3,4030.00,90.51
2021,07049AA000,Sant Joan,despesa,4,273650.00,268145.22
2021,07049AA000,Sant Joan,despesa,6,1285718.04,453213.45
2021,07049AA000,Sant Joan,ingres,7,830985.78,460000.79
2021,07049AA000,Sant Joan,ingres,8,397289.57,0
2021,07049AA000,Sant Joan,despesa,2,725443.72,548007.82
2021,07049AA000,Sant Joan,ingres,3,409829.00,457469.33
2021,07049AA000,Sant Joan,ingres,4,736115.81,756912.07
2021,07049AA000,Sant Joan,despesa,1,838398.40,669620.00
2021,07049AA000,Sant Joan,despesa,9,13000.00,12615.45
2021,07049AA000,Sant Joan,ingres,1,682300.00,740046.73
2021,07049AA000,Sant Joan,ingres,2,60000.00,70574.08
2021,07059AA000,Salines (Ses),ingres,5,173250.00,152268.73
2021,07059AA000,Salines (Ses),despesa,2,3231242.48,2757762.46
2021,07059AA000,Salines (Ses),despesa,1,3111957.02,2917918.67
2021,07059AA000,Salines (Ses),despesa,4,736840.96,533567.17
2021,07059AA000,Salines (Ses),ingres,2,221000.00,406054.99
2021,07059AA000,Salines (Ses),ingres,8,3158140.49,0
2021,07059AA000,Salines (Ses),ingres,4,1796313.70,1934163.32
2021,07059AA000,Salines (Ses),despesa,6,4024495.25,2129463.94
2021,07059AA000,Salines (Ses),ingres,1,3055000.00,3086153.63
2021,07059AA000,Salines (Ses),despesa,3,5000.00,4977.62
2021,07059AA000,Salines (Ses),despesa,7,61124.88,31124.88
2021,07059AA000,Salines (Ses),ingres,3,1535501.00,1560897.79
2021,07059AA000,Salines (Ses),ingres,7,1231455.40,955724.63
2021,07011AA000,Calvià,despesa,3,350000.00,283126.44
2021,07011AA000,Calvià,ingres,1,51450000.00,55079648.97
2021,07011AA000,Calvià,ingres,9,10800000.00,10702524.47
2021,07011AA000,Calvià,despesa,4,36648765.43,34613965.05
2021,07011AA000,Calvià,despesa,2,19785431.14,16311667.40
2021,07011AA000,Calvià,despesa,7,312500.00,172013.03
2021,07011AA000,Calvià,ingres,5,4908876.24,4406038.48
2021,07011AA000,Calvià,ingres,3,9941665.08,9714124.78
2021,07011AA000,Calvià,despesa,9,2650000.00,2483625.00
2021,07011AA000,Calvià,ingres,4,23362874.78,26780879.62
2021,07011AA000,Calvià,ingres,7,5138515.78,3445189.27
2021,07011AA000,Calvià,ingres,8,20838298.74,269078.00
2021,07011AA000,Calvià,despesa,8,310000.00,265974.00
2021,07011AA000,Calvià,despesa,6,32918632.56,8448783.09
2021,07011AA000,Calvià,ingres,2,5501700.00,5193567.06
2021,07011AA000,Calvià,despesa,1,38966601.49,38702966.06
2021,07033AA000,Manacor,despesa,2,19316973.70,16884978.76
2021,07033AA000,Manacor,ingres,3,9478174.13,9984270.21
2021,07033AA000,Manacor,ingres,1,19499491.80,19312068.03
2021,07033AA000,Manacor,ingres,7,1881450.24,1960790.19
2021,07033AA000,Manacor,despesa,3,1857463.92,313968.84
2021,07033AA000,Manacor,ingres,2,1104752.00,1180344.42
2021,07033AA000,Manacor,ingres,4,13560035.18,14680096.25
2021,07033AA000,Manacor,despesa,7,2767973.14,1093821.25
2021,07033AA000,Manacor,despesa,4,3641748.90,3298862.58
2021,07033AA000,Manacor,despesa,6,29859889.61,3189696.84
2021,07033AA000,Manacor,ingres,5,112695.00,49776.66
2021,07033AA000,Manacor,despesa,1,20516727.48,18251927.35
2021,07033AA000,Manacor,despesa,8,60100.00,60100.00
2021,07033AA000,Manacor,ingres,8,32384278.40,63580.71
2021,07033AV003,P. M. d'Esports,ingres,3,4000.00,14735.88
2021,07033AV003,P. M. d'Esports,ingres,7,270000.00,378319.60
2021,07033AV003,P. M. d'Esports,ingres,8,713797.52,0
2021,07033AV003,P. M. d'Esports,despesa,6,974457.54,167124.16
2021,07033AV003,P. M. d'Esports,ingres,5,36500.00,41766.75
2021,07033AV003,P. M. d'Esports,despesa,2,331489.98,221109.34
2021,07033AV003,P. M. d'Esports,ingres,4,281650.00,281650.00
2021,07901AA000,Ariany,despesa,6,1878058.58,754478.48
2021,07901AA000,Ariany,ingres,4,410077.95,461923.54
2021,07901AA000,Ariany,ingres,5,20.00,0
2021,07901AA000,Ariany,despesa,3,2010.00,1908.56
2021,07901AA000,Ariany,despesa,4,135070.00,99002.01
2021,07901AA000,Ariany,despesa,2,456459.92,375809.43
2021,07901AA000,Ariany,ingres,8,448737.24,0
2021,07901AA000,Ariany,ingres,3,145760.00,198517.99
2021,07901AA000,Ariany,despesa,1,307318.03,277035.91
2021,07901AA000,Ariany,ingres,1,347000.00,427238.80
2021,07901AA000,Ariany,ingres,7,1412321.34,921063.27
2021,07901AA000,Ariany,ingres,2,15000.00,34975.04
2021,07011AO002,Oficina Municipal de Tributos de Calvià,despesa,1,1522779.07,1521435.58
2021,07011AO002,Oficina Municipal de Tributos de Calvià,ingres,4,1692980.07,1787380.60
2021,07011AO002,Oficina Municipal de Tributos de Calvià,despesa,6,4500.00,541.33
2021,07011AO002,Oficina Municipal de Tributos de Calvià,ingres,7,4500.00,0
2021,07011AO002,Oficina Municipal de Tributos de Calvià,despesa,2,361201.00,203716.31
2021,07011AO002,Oficina Municipal de Tributos de Calvià,despesa,8,22000.00,3390.00
2021,07011AO002,Oficina Municipal de Tributos de Calvià,ingres,3,91000.00,97368.41
2021,07011AO002,Oficina Municipal de Tributos de Calvià,ingres,8,122000.00,3390.00
2021,07008AA000,Binissalem,ingres,4,2066500.00,3082782.36
2021,07008AA000,Binissalem,despesa,2,2101439.08,1975369.94
2021,07008AA000,Binissalem,ingres,1,2757377.00,2575245.93
2021,07008AA000,Binissalem,despesa,9,704456.31,703450.76
2021,07008AA000,Binissalem,ingres,7,678611.51,447171.12
2021,07008AA000,Binissalem,despesa,1,2953192.74,2505793.89
2021,07008AA000,Binissalem,despesa,4,665871.51,582099.28
2021,07008AA000,Binissalem,ingres,5,152735.14,203590.88
2021,07008AA000,Binissalem,ingres,2,270000.00,223726.81
2021,07008AA000,Binissalem,ingres,3,1320400.00,1264456.59
2021,07008AA000,Binissalem,despesa,6,751227.57,308787.86
2021,07008AA000,Binissalem,despesa,5,47000.00,0
2021,07008AA000,Binissalem,despesa,3,22271.69,20504.05
2021,07025AA000,Fornalutx,despesa,1,513588.08,478462.03
2021,07025AA000,Fornalutx,ingres,5,12244.19,11412.97
2021,07025AA000,Fornalutx,despesa,4,85771.22,49830.03
2021,07025AA000,Fornalutx,ingres,6,1694.21,1694.21
2021,07025AA000,Fornalutx,despesa,2,749186.38,584957.29
2021,07025AA000,Fornalutx,despesa,3,500.00,299.61
2021,07025AA000,Fornalutx,ingres,2,25345.00,33619.93
2021,07025AA000,Fornalutx,ingres,7,655677.36,451166.84
2021,07025AA000,Fornalutx,ingres,8,954816.77,0
2021,07025AA000,Fornalutx,ingres,1,473080.00,424263.38
2021,07025AA000,Fornalutx,despesa,6,1547104.76,606221.04
2021,07025AA000,Fornalutx,ingres,4,443567.91,477138.64
2021,07025AA000,Fornalutx,ingres,3,329725.00,297873.59
2021,07027AA000,Inca,despesa,6,10556690.62,4006958.82
2021,07027AA000,Inca,despesa,2,14911611.36,12400692.72
2021,07027AA000,Inca,ingres,8,10834256.81,39290.00
2021,07027AA000,Inca,despesa,4,3062612.59,2277837.96
2021,07027AA000,Inca,ingres,3,9573167.31,9721159.51
2021,07027AA000,Inca,ingres,7,2762159.99,817962.65
2021,07027AA000,Inca,ingres,1,10818513.17,11019177.40
2021,07027AA000,Inca,ingres,4,10518484.82,14232300.49
2021,07027AA000,Inca,despesa,5,11865.88,0
2021,07027AA000,Inca,despesa,7,599774.47,404472.64
2021,07027AA000,Inca,despesa,8,1339290.00,995822.82
2021,07027AA000,Inca,ingres,2,791458.68,661772.83
2021,07027AA000,Inca,despesa,1,14947887.86,14252544.69
2021,07027AA000,Inca,ingres,5,131692.00,105347.71
2021,07022AA000,Felanitx,ingres,1,8059140.00,8566021.78
2021,07022AA000,Felanitx,despesa,3,45000.00,25856.89
2021,07022AA000,Felanitx,despesa,4,1657659.48,1091533.27
2021,07022AA000,Felanitx,ingres,2,553000.00,597273.76
2021,07022AA000,Felanitx,despesa,6,6431998.83,2366128.51
2021,07022AA000,Felanitx,despesa,7,240000.00,9903.73
2021,07022AA000,Felanitx,ingres,3,4255432.00,5387220.83
2021,07022AA000,Felanitx,ingres,4,4962182.55,5996979.23
2021,07022AA000,Felanitx,ingres,5,337600.00,385701.11
2021,07022AA000,Felanitx,ingres,8,7255913.47,0
2021,07022AA000,Felanitx,ingres,9,500000.00,0
2021,07022AA000,Felanitx,ingres,7,733015.07,537997.73
2021,07022AA000,Felanitx,despesa,1,8206950.00,7797377.35
2021,07022AA000,Felanitx,despesa,2,10074674.78,9253195.32
2021,07022AV001,Ctro. Cultural,ingres,3,0,1
2021,07022AV001,Ctro. Cultural,ingres,4,100000.00,100000.00
2021,07022AV001,Ctro. Cultural,despesa,2,92800.00,72533.63
2021,07022AV001,Ctro. Cultural,despesa,3,700.00,679.16
2021,07022AV001,Ctro. Cultural,despesa,4,6500.00,5500.00
2021,07065AA000,Vilafranca de Bonany,despesa,1,657090.93,551873.08
2021,07065AA000,Vilafranca de Bonany,despesa,2,811230.22,803900.88
2021,07065AA000,Vilafranca de Bonany,despesa,4,1056129.71,990563.26
2021,07065AA000,Vilafranca de Bonany,ingres,4,1284125.31,1363771.57
2021,07065AA000,Vilafranca de Bonany,ingres,8,424789.20,0
2021,07065AA000,Vilafranca de Bonany,despesa,3,9409.08,8217.42
2021,07065AA000,Vilafranca de Bonany,despesa,6,1009128.75,895165.43
2021,07065AA000,Vilafranca de Bonany,ingres,2,100000.00,108638.20
2021,07065AA000,Vilafranca de Bonany,ingres,5,700.00,1157.77
2021,07065AA000,Vilafranca de Bonany,despesa,9,122000.00,121880.87
2021,07065AA000,Vilafranca de Bonany,ingres,1,855900.00,864630.97
2021,07065AA000,Vilafranca de Bonany,ingres,3,389540.00,386947.11
2021,07065AA000,Vilafranca de Bonany,ingres,7,614934.18,607751.10
2021,07065AA000,Vilafranca de Bonany,despesa,5,5000.00,0
2021,07010AA000,Bunyola,ingres,1,2543730.56,2853565.78
2021,07010AA000,Bunyola,despesa,5,65849.51,0
2021,07010AA000,Bunyola,despesa,9,121550.00,121547.47
2021,07010AA000,Bunyola,ingres,3,1682320.19,1538562.24
2021,07010AA000,Bunyola,ingres,5,1297.75,1855.25
2021,07010AA000,Bunyola,despesa,1,2252234.14,1876134.00
2021,07010AA000,Bunyola,ingres,4,2172504.64,2725359.98
2021,07010AA000,Bunyola,despesa,3,50500.00,35933.52
2021,07010AA000,Bunyola,despesa,4,737337.31,631219.19
2021,07010AA000,Bunyola,despesa,2,3152173.75,2993334.63
2021,07010AA000,Bunyola,despesa,6,2794275.57,749248.44
2021,07010AA000,Bunyola,ingres,2,309888.23,617910.53
2021,07010AA000,Bunyola,ingres,8,1657736.89,0
2021,07010AA000,Bunyola,ingres,7,806442.02,261995.87
2021,07029AA000,Lloseta,despesa,2,2012871.96,1466233.35
2021,07029AA000,Lloseta,ingres,8,248214.18,0
2021,07029AA000,Lloseta,ingres,3,1496822.93,1070393.23
2021,07029AA000,Lloseta,despesa,1,2980224.46,2679333.27
2021,07029AA000,Lloseta,despesa,3,13631.81,9585.60
2021,07029AA000,Lloseta,despesa,6,2217475.72,871310.57
2021,07029AA000,Lloseta,ingres,1,2031000.00,2153800.89
2021,07029AA000,Lloseta,ingres,7,1308515.17,866563.83
2021,07029AA000,Lloseta,ingres,4,1984078.00,2033507.83
2021,07029AA000,Lloseta,ingres,5,38632.04,38235.54
2021,07029AA000,Lloseta,despesa,4,620723.31,581563.14
2021,07029AA000,Lloseta,despesa,9,125335.06,106260.08
2021,07029AA000,Lloseta,ingres,2,100000.00,274800.38
2021,07029AA000,Lloseta,ingres,9,763000.00,763000.00
2021,07035AA000,Maria de la Salut,ingres,7,735181.85,408720.31
2021,07035AA000,Maria de la Salut,despesa,3,2975.00,2908.41
2021,07035AA000,Maria de la Salut,ingres,1,633505.50,658857.00
2021,07035AA000,Maria de la Salut,despesa,9,18910.00,18908.25
2021,07035AA000,Maria de la Salut,despesa,4,205187.67,88461.20
2021,07035AA000,Maria de la Salut,ingres,2,40000.00,50422.87
2021,07035AA000,Maria de la Salut,ingres,4,815990.26,822887.26
2021,07035AA000,Maria de la Salut,ingres,8,853860.41,0
2021,07035AA000,Maria de la Salut,despesa,1,1033560.43,824658.01
2021,07035AA000,Maria de la Salut,despesa,6,1291823.51,107915.78
2021,07035AA000,Maria de la Salut,ingres,3,334264.62,399230.22
2021,07035AA000,Maria de la Salut,despesa,2,876411.90,712778.43
2021,07035AA000,Maria de la Salut,ingres,5,16065.87,15160.03
2021,07015AA000,Ciutadella de Menorca,despesa,1,13380985.68,11922768.02
2021,07015AA000,Ciutadella de Menorca,despesa,4,7212837.66,5819097.43
2021,07015AA000,Ciutadella de Menorca,despesa,3,1771585.08,1388584.13
2021,07015AA000,Ciutadella de Menorca,ingres,3,8969540.10,8171275.52
2021,07015AA000,Ciutadella de Menorca,despesa,9,2993438.89,2993438.68
2021,07015AA000,Ciutadella de Menorca,ingres,7,1637440.68,1441930.03
2021,07015AA000,Ciutadella de Menorca,despesa,6,12301724.53,4545802.84
2021,07015AA000,Ciutadella de Menorca,ingres,1,14955000.00,15147988.11
2021,07015AA000,Ciutadella de Menorca,ingres,6,149576.16,0
2021,07015AA000,Ciutadella de Menorca,despesa,2,14033796.63,12040138.83
2021,07015AA000,Ciutadella de Menorca,ingres,2,633300.00,813249.12
2021,07015AA000,Ciutadella de Menorca,ingres,4,10677912.74,11338493.57
2021,07015AA000,Ciutadella de Menorca,ingres,8,14934957.76,0
2021,07015AA000,Ciutadella de Menorca,despesa,7,620241.60,593615.96
2021,07015AA000,Ciutadella de Menorca,ingres,5,356882.63,331280.03
2021,07023AA000,Ferreries,ingres,4,2400531.56,2355286.02
2021,07023AA000,Ferreries,ingres,7,858832.13,403502.78
2021,07023AA000,Ferreries,ingres,8,1469632.84,14000.00
2021,07023AA000,Ferreries,despesa,7,163650.00,81812.94
2021,07023AA000,Ferreries,ingres,1,2180000.00,2183018.18
2021,07023AA000,Ferreries,despesa,2,3214486.66,2370910.38
2021,07023AA000,Ferreries,despesa,3,23700.00,23682.60
2021,07023AA000,Ferreries,despesa,4,573462.24,423372.80
2021,07023AA000,Ferreries,despesa,8,40000.00,14000.00
2021,07023AA000,Ferreries,despesa,5,60199.22,0
2021,07023AA000,Ferreries,despesa,6,2137932.24,443639.00
2021,07023AA000,Ferreries,ingres,2,85000.00,98587.48
2021,07023AA000,Ferreries,ingres,3,1084696.05,635010.09
2021,07023AA000,Ferreries,despesa,1,2589063.22,2353401.91
2021,07023AA000,Ferreries,ingres,5,723801.00,508875.60
2021,07042AA000,Pollença,despesa,2,8931706.84,7912671.97
2021,07042AA000,Pollença,ingres,2,1100040.00,1610526.80
2021,07042AA000,Pollença,despesa,1,10089421.59,8124548.38
2021,07042AA000,Pollença,ingres,1,10620000.00,10937720.46
2021,07042AA000,Pollença,despesa,3,50000.00,41024.45
2021,07042AA000,Pollença,despesa,7,61521.76,24842.49
2021,07042AA000,Pollença,despesa,6,11596105.73,2265157.05
2021,07042AA000,Pollença,ingres,3,6536607.26,6504706.87
2021,07042AA000,Pollença,ingres,4,4973151.59,5949533.50
2021,07042AA000,Pollença,ingres,7,1785670.80,894119.65
2021,07042AA000,Pollença,despesa,4,4520907.71,3553734.55
2021,07042AA000,Pollença,ingres,8,10204093.98,0
2021,07042AA000,Pollença,ingres,5,30100.00,29645.24
2021,07051AA000,Sant Llorenç des Cardassar,despesa,4,5888813.23,5126008.49
2021,07051AA000,Sant Llorenç des Cardassar,ingres,2,602000.00,605690.30
2021,07051AA000,Sant Llorenç des Cardassar,despesa,9,75000.00,0
2021,07051AA000,Sant Llorenç des Cardassar,despesa,7,3205099.15,2782919.82
2021,07051AA000,Sant Llorenç des Cardassar,ingres,1,9360000.00,9227764.52
2021,07051AA000,Sant Llorenç des Cardassar,ingres,5,586000.00,91226.37
2021,07051AA000,Sant Llorenç des Cardassar,ingres,9,8086414.15,6511414.15
2021,07051AA000,Sant Llorenç des Cardassar,despesa,3,107565.19,38437.81
2021,07051AA000,Sant Llorenç des Cardassar,despesa,2,5429046.25,4126906.16
2021,07051AA000,Sant Llorenç des Cardassar,ingres,3,4546000.00,8120229.17
2021,07051AA000,Sant Llorenç des Cardassar,ingres,7,874171.24,778199.52
2021,07051AA000,Sant Llorenç des Cardassar,despesa,8,10000.00,10000.00
2021,07051AA000,Sant Llorenç des Cardassar,despesa,6,16970753.23,2726666.52
2021,07051AA000,Sant Llorenç des Cardassar,ingres,4,2378100.00,3378921.65
2021,07051AA000,Sant Llorenç des Cardassar,ingres,8,10891750.32,10000.00
2021,07051AA000,Sant Llorenç des Cardassar,despesa,1,5638158.66,5310978.58
2021,07052AA000,Sant Lluís,despesa,3,262500.00,262497.42
2021,07052AA000,Sant Lluís,despesa,7,390974.01,23417.52
2021,07052AA000,Sant Lluís,despesa,8,30000.00,22562.10
2021,07052AA000,Sant Lluís,despesa,9,646350.00,646238.88
2021,07052AA000,Sant Lluís,ingres,8,3684134.90,22562.10
2021,07052AA000,Sant Lluís,ingres,9,1638260.00,0
2021,07052AA000,Sant Lluís,ingres,4,2577880.45,2618499.94
2021,07052AA000,Sant Lluís,despesa,2,4132609.64,3595803.36
2021,07052AA000,Sant Lluís,despesa,4,1347579.80,805682.05
2021,07052AA000,Sant Lluís,ingres,3,2259300.00,2350657.09
2021,07052AA000,Sant Lluís,ingres,5,392300.00,234299.35
2021,07052AA000,Sant Lluís,despesa,5,116613.32,0
2021,07052AA000,Sant Lluís,ingres,1,5609000.00,5634818.25
2021,07052AA000,Sant Lluís,despesa,6,7173851.80,3100058.19
2021,07052AA000,Sant Lluís,ingres,7,3176773.09,2501416.27
2021,07052AA000,Sant Lluís,despesa,1,5497169.87,4833229.96
2021,07052AA000,Sant Lluís,ingres,2,260000.00,453595.29
2021,07056AV001,P. Res. Pers. Majors. Cas Metge Rei,despesa,2,310914.54,291461.39
2021,07056AV001,P. Res. Pers. Majors. Cas Metge Rei,despesa,3,200.00,0
2021,07056AV001,P. Res. Pers. Majors. Cas Metge Rei,despesa,6,27601.25,22583.44
2021,07056AV001,P. Res. Pers. Majors. Cas Metge Rei,ingres,3,489399.00,511464.11
2021,07056AV001,P. Res. Pers. Majors. Cas Metge Rei,ingres,4,555000.00,579786.08
2021,07056AV001,P. Res. Pers. Majors. Cas Metge Rei,ingres,5,1.00,0
2021,07056AV001,P. Res. Pers. Majors. Cas Metge Rei,ingres,8,3485.24,0
2021,07056AV001,P. Res. Pers. Majors. Cas Metge Rei,despesa,1,709169.45,700168.29
2021,07002MM000,Mc. Pla de Mallorca,ingres,3,1345800.00,1866704.51
2021,07002MM000,Mc. Pla de Mallorca,despesa,3,11000.00,7212.42
2021,07002MM000,Mc. Pla de Mallorca,despesa,4,420555.13,356371.86
2021,07002MM000,Mc. Pla de Mallorca,despesa,2,6272840.07,5148946.40
2021,07002MM000,Mc. Pla de Mallorca,despesa,7,480039.12,480039.12
2021,07002MM000,Mc. Pla de Mallorca,ingres,4,7013464.70,8030451.79
2021,07002MM000,Mc. Pla de Mallorca,despesa,1,891982.08,878767.76
2021,07002MM000,Mc. Pla de Mallorca,despesa,6,282848.30,2666.34
2021,07015AV003,P. Esc. Infantiles,despesa,5,4485.00,0
2021,07015AV003,P. Esc. Infantiles,ingres,3,150000.00,138205.32
2021,07015AV003,P. Esc. Infantiles,ingres,4,1051088.77,1044874.80
2021,07015AV003,P. Esc. Infantiles,despesa,1,584316.33,514628.52
2021,07015AV003,P. Esc. Infantiles,despesa,2,602287.44,540791.02
2021,07015AV003,P. Esc. Infantiles,ingres,7,30000.00,4478.31
2021,07015AV003,P. Esc. Infantiles,despesa,6,40000.00,4981.75
2021,07003DD000,Consejo Insular de Menorca,despesa,5,211738.23,0
2021,07003DD000,Consejo Insular de Menorca,despesa,3,210311.87,210298.75
2021,07003DD000,Consejo Insular de Menorca,despesa,4,37387347.30,28118265.20
2021,07003DD000,Consejo Insular de Menorca,despesa,9,301997.85,301997.85
2021,07003DD000,Consejo Insular de Menorca,ingres,4,71888633.81,71288791.26
2021,07003DD000,Consejo Insular de Menorca,despesa,6,26947694.15,3804713.54
2021,07003DD000,Consejo Insular de Menorca,ingres,9,13000000.00,0
2021,07003DD000,Consejo Insular de Menorca,despesa,2,17520717.94,12552973.70
2021,07003DD000,Consejo Insular de Menorca,ingres,1,1478389.31,1738636.10
2021,07003DD000,Consejo Insular de Menorca,despesa,1,26415557.10,24534880.32
2021,07003DD000,Consejo Insular de Menorca,ingres,2,1833308.79,1909334.67
2021,07003DD000,Consejo Insular de Menorca,ingres,3,3037198.85,2942288.47
2021,07003DD000,Consejo Insular de Menorca,ingres,6,0,43134.40
2021,07003DD000,Consejo Insular de Menorca,ingres,7,23540174.65,7987296.38
2021,07003DD000,Consejo Insular de Menorca,ingres,5,74500.00,26938.32
2021,07003DD000,Consejo Insular de Menorca,ingres,8,12161570.41,147096.78
2021,07003DD000,Consejo Insular de Menorca,despesa,7,17743411.38,10629758.38
2021,07003DD000,Consejo Insular de Menorca,despesa,8,275000.00,186705.50
2021,07002DO001,Agència  Protecció Legalitat Urbanística i Territorial de Mallorca,despesa,8,6000.00,0
2021,07002DO001,Agència  Protecció Legalitat Urbanística i Territorial de Mallorca,despesa,1,2336130.88,2149164.69
2021,07002DO001,Agència  Protecció Legalitat Urbanística i Territorial de Mallorca,ingres,8,6000.00,0
2021,07002DO001,Agència  Protecció Legalitat Urbanística i Territorial de Mallorca,despesa,2,167000.00,91771.06
2021,07002DO001,Agència  Protecció Legalitat Urbanística i Territorial de Mallorca,ingres,3,1871130.88,7616618.02
2021,07002DO001,Agència  Protecció Legalitat Urbanística i Territorial de Mallorca,ingres,4,740000.00,990000.00
2021,07002DO001,Agència  Protecció Legalitat Urbanística i Territorial de Mallorca,despesa,6,108000.00,90058.19
2021,07004AA000,Algaida,despesa,6,2255647.29,554531.07
2021,07004AA000,Algaida,ingres,1,1916133.84,1767400.77
2021,07004AA000,Algaida,ingres,2,240048.13,411712.32
2021,07004AA000,Algaida,despesa,2,2247994.34,1604218.01
2021,07004AA000,Algaida,ingres,5,25995.00,23796.65
2021,07004AA000,Algaida,ingres,4,3009347.34,3261887.05
2021,07004AA000,Algaida,ingres,7,42881.00,-4119.93
2021,07004AA000,Algaida,ingres,8,1920112.96,0
2021,07004AA000,Algaida,despesa,3,2620.00,2412.65
2021,07004AA000,Algaida,ingres,3,704046.21,379031.09
2021,07004AA000,Algaida,despesa,4,494180.55,464557.43
2021,07004AA000,Algaida,despesa,9,37060.27,37060.26
2021,07004AA000,Algaida,despesa,1,2821062.03,2034638.96
2021,07014AA000,Capdepera,ingres,2,850000.00,1342095.66
2021,07014AA000,Capdepera,ingres,7,629580.66,1324593.94
2021,07014AA000,Capdepera,despesa,1,6892750.25,6544713.90
2021,07014AA000,Capdepera,despesa,4,3744266.25,3082997.91
2021,07014AA000,Capdepera,despesa,2,11238338.60,9310663.04
2021,07014AA000,Capdepera,ingres,5,1471000.00,499932.81
2021,07014AA000,Capdepera,despesa,3,49705.12,20000.47
2021,07014AA000,Capdepera,ingres,3,5918500.00,5967096.53
2021,07014AA000,Capdepera,ingres,4,3125630.85,4074974.38
2021,07014AA000,Capdepera,despesa,6,6756649.92,3291839.16
2021,07014AA000,Capdepera,ingres,8,7471998.63,0
2021,07014AA000,Capdepera,ingres,1,9615000.00,10325194.76
2021,07014AA000,Capdepera,despesa,7,400000.00,400000.00
2021,07016AA000,Consell,ingres,5,34067.16,40889.36
2021,07016AA000,Consell,ingres,1,1171700.33,1231907.49
2021,07016AA000,Consell,despesa,1,1524788.26,1279179.25
2021,07016AA000,Consell,ingres,8,1845571.11,0
2021,07016AA000,Consell,despesa,3,16050.00,15606.89
2021,07016AA000,Consell,ingres,3,1041092.72,1205900.08
2021,07016AA000,Consell,despesa,2,1411539.22,1197113.24
2021,07016AA000,Consell,despesa,4,457551.45,328669.26
2021,07016AA000,Consell,despesa,6,3382620.28,1502935.88
2021,07016AA000,Consell,ingres,2,100000.00,173932.96
2021,07016AA000,Consell,ingres,7,1205389.49,1205389.49
2021,07016AA000,Consell,ingres,4,1394728.40,1426220.76
2021,07026AA000,Eivissa,ingres,7,7644042.85,6760766.65
2021,07026AA000,Eivissa,despesa,6,26676578.60,5995586.51
2021,07026AA000,Eivissa,despesa,8,178791.19,178791.19
2021,07026AA000,Eivissa,despesa,3,161252.51,119959.76
2021,07026AA000,Eivissa,despesa,7,825500.17,825500.17
2021,07026AA000,Eivissa,ingres,1,30218275.00,30943017.87
2021,07026AA000,Eivissa,despesa,5,800000.00,0
2021,07026AA000,Eivissa,despesa,1,22575104.48,19037095.66
2021,07026AA000,Eivissa,despesa,4,9362891.71,7856025.36
2021,07026AA000,Eivissa,ingres,3,14482579.00,16928075.26
2021,07026AA000,Eivissa,ingres,4,17723903.61,19628338.81
2021,07026AA000,Eivissa,ingres,6,10.00,0
2021,07026AA000,Eivissa,despesa,2,30255167.74,25581884.95
2021,07026AA000,Eivissa,ingres,2,1400000.00,1551520.24
2021,07026AA000,Eivissa,ingres,5,1248020.00,658917.88
2021,07026AA000,Eivissa,ingres,8,18118455.94,178791.19
2021,07026AV003,Museo de Arte Contemporáneo,ingres,7,13200.00,13200.00
2021,07026AV003,Museo de Arte Contemporáneo,despesa,1,218207.76,172339.25
2021,07026AV003,Museo de Arte Contemporáneo,despesa,2,130332.24,95949.77
2021,07026AV003,Museo de Arte Contemporáneo,despesa,3,100.00,92.85
2021,07026AV003,Museo de Arte Contemporáneo,despesa,6,64230.00,63745.77
2021,07026AV003,Museo de Arte Contemporáneo,despesa,8,10.00,0
2021,07026AV003,Museo de Arte Contemporáneo,ingres,4,343790.00,268063.40
2021,07026AV003,Museo de Arte Contemporáneo,ingres,8,55890.00,0
2021,07031AV002,P. Molí d'En Gaspar,ingres,4,500.00,500.00
2021,07031AV002,P. Molí d'En Gaspar,despesa,3,500.00,140.50
2021,07061AA000,Sóller,despesa,2,6970486.10,5693484.93
2021,07061AA000,Sóller,ingres,8,4489486.80,0
2021,07061AA000,Sóller,ingres,1,8182535.00,8679051.55
2021,07061AA000,Sóller,ingres,7,1049271.47,1038632.61
2021,07061AA000,Sóller,ingres,2,430000.00,873876.44
2021,07061AA000,Sóller,ingres,3,3743573.17,3808134.72
2021,07061AA000,Sóller,ingres,4,4536642.48,4977838.69
2021,07061AA000,Sóller,despesa,4,1033271.77,669378.32
2021,07061AA000,Sóller,despesa,1,7528293.89,5842542.18
2021,07061AA000,Sóller,despesa,3,1331049.65,1072705.83
2021,07061AA000,Sóller,despesa,7,194000.00,192332.75
2021,07061AA000,Sóller,despesa,6,4567879.57,1347283.16
2021,07061AA000,Sóller,despesa,9,329000.00,328867.06
2021,07061AA000,Sóller,ingres,5,291545.00,135490.70
2021,07064AA000,Castell (Es),ingres,4,2370041.00,2712988.33
2021,07064AA000,Castell (Es),despesa,1,3898134.64,3748463.57
2021,07064AA000,Castell (Es),despesa,6,6256918.33,2030892.50
2021,07064AA000,Castell (Es),ingres,3,548400.00,583440.38
2021,07064AA000,Castell (Es),ingres,8,2929206.89,0
2021,07064AA000,Castell (Es),despesa,2,1578595.81,1501875.26
2021,07064AA000,Castell (Es),ingres,1,4230546.20,4055888.73
2021,07064AA000,Castell (Es),despesa,7,181510.13,106781.80
2021,07064AA000,Castell (Es),despesa,3,31000.00,26855.13
2021,07064AA000,Castell (Es),despesa,9,166000.00,165989.77
2021,07064AA000,Castell (Es),ingres,7,2840838.64,1379959.48
2021,07064AA000,Castell (Es),despesa,4,896873.82,819249.13
2021,07064AA000,Castell (Es),ingres,2,90000.00,89188.75
2021,07011AO001,"Inst. M. de Educación y Bibliotecas, IMEB -Calvià",despesa,2,2286903.89,2157618.45
2021,07011AO001,"Inst. M. de Educación y Bibliotecas, IMEB -Calvià",despesa,4,488260.00,443538.98
2021,07011AO001,"Inst. M. de Educación y Bibliotecas, IMEB -Calvià",despesa,8,22000.00,3140.00
2021,07011AO001,"Inst. M. de Educación y Bibliotecas, IMEB -Calvià",ingres,4,6453576.60,6485975.44
2021,07011AO001,"Inst. M. de Educación y Bibliotecas, IMEB -Calvià",despesa,1,4977215.83,4842840.88
2021,07011AO001,"Inst. M. de Educación y Bibliotecas, IMEB -Calvià",despesa,6,708001.00,258468.87
2021,07011AO001,"Inst. M. de Educación y Bibliotecas, IMEB -Calvià",despesa,3,8600.00,8600.00
2021,07011AO001,"Inst. M. de Educación y Bibliotecas, IMEB -Calvià",ingres,7,118000.00,118000.00
2021,07011AO001,"Inst. M. de Educación y Bibliotecas, IMEB -Calvià",ingres,3,1360724.12,1064064.44
2021,07011AO001,"Inst. M. de Educación y Bibliotecas, IMEB -Calvià",ingres,8,558680.00,3140.00
2021,07053AA000,Santa Eugènia,ingres,5,16712.62,12776.25
2021,07053AA000,Santa Eugènia,ingres,1,580629.41,612500.88
2021,07053AA000,Santa Eugènia,ingres,7,810461.97,367576.24
2021,07053AA000,Santa Eugènia,despesa,1,763045.25,721435.54
2021,07053AA000,Santa Eugènia,despesa,2,693310.98,626459.47
2021,07053AA000,Santa Eugènia,despesa,9,35144.09,35144.07
2021,07053AA000,Santa Eugènia,despesa,3,1200.00,1197.09
2021,07053AA000,Santa Eugènia,ingres,4,678856.32,789679.39
2021,07053AA000,Santa Eugènia,despesa,4,180328.88,172060.18
2021,07053AA000,Santa Eugènia,ingres,2,51280.91,119647.92
2021,07053AA000,Santa Eugènia,ingres,3,405474.01,421103.76
2021,07053AA000,Santa Eugènia,ingres,8,254718.93,5000.00
2021,07053AA000,Santa Eugènia,despesa,6,1120104.97,622404.14
2021,07053AA000,Santa Eugènia,despesa,8,5000.00,5000.00
2021,07001AA000,Alaró,despesa,1,2673358.21,2543663.73
2021,07001AA000,Alaró,ingres,3,866800.00,972552.54
2021,07001AA000,Alaró,ingres,5,46420.00,45546.85
2021,07001AA000,Alaró,ingres,8,255684.76,0
2021,07001AA000,Alaró,despesa,3,17000.00,15321.12
2021,07001AA000,Alaró,despesa,4,528591.22,454899.46
2021,07001AA000,Alaró,despesa,2,1380426.99,1311266.61
2021,07001AA000,Alaró,ingres,7,1134165.55,681847.16
2021,07001AA000,Alaró,ingres,4,1949430.79,2018914.00
2021,07001AA000,Alaró,despesa,6,1565124.68,404634.70
2021,07001AA000,Alaró,ingres,2,291100.00,342813.16
2021,07001AA000,Alaró,despesa,7,275100.00,0
2021,07001AA000,Alaró,ingres,1,1896000.00,1849332.22
2021,07015AV002,Hospital Municipal,ingres,4,1982052.63,1961446.47
2021,07015AV002,Hospital Municipal,ingres,5,91500.00,91446.39
2021,07015AV002,Hospital Municipal,despesa,1,2250652.63,2240916.73
2021,07015AV002,Hospital Municipal,ingres,3,832700.00,841829.46
2021,07015AV002,Hospital Municipal,ingres,8,943215.30,0
2021,07015AV002,Hospital Municipal,despesa,2,710700.00,642201.68
2021,07015AV002,Hospital Municipal,despesa,6,888115.30,36011.70
2021,07043AA000,Porreres,ingres,4,1628046.10,1907356.97
2021,07043AA000,Porreres,ingres,7,947451.26,945658.03
2021,07043AA000,Porreres,despesa,4,474167.69,427399.70
2021,07043AA000,Porreres,despesa,7,75000.00,75000.00
2021,07043AA000,Porreres,despesa,1,1325629.34,1197785.09
2021,07043AA000,Porreres,ingres,1,1843481.60,2116605.16
2021,07043AA000,Porreres,ingres,5,15000.00,21920.79
2021,07043AA000,Porreres,despesa,6,1466671.41,416593.25
2021,07043AA000,Porreres,ingres,3,210672.33,277321.13
2021,07043AA000,Porreres,ingres,8,380255.44,0
2021,07043AA000,Porreres,despesa,3,8891.36,8872.85
2021,07043AA000,Porreres,despesa,2,1790568.83,1660744.83
2021,07043AA000,Porreres,ingres,2,116021.90,322025.41
2021,07054AA000,Santa Eulària des Riu,despesa,2,26294325.47,22265939.76
2021,07054AA000,Santa Eulària des Riu,despesa,8,15010.00,12000.00
2021,07054AA000,Santa Eulària des Riu,ingres,4,12898345.65,14210237.37
2021,07054AA000,Santa Eulària des Riu,despesa,6,23418908.45,9723376.92
2021,07054AA000,Santa Eulària des Riu,ingres,5,478443.22,680943.09
2021,07054AA000,Santa Eulària des Riu,ingres,1,19297219.22,19475428.40
2021,07054AA000,Santa Eulària des Riu,despesa,7,275678.60,160984.68
2021,07054AA000,Santa Eulària des Riu,ingres,7,3246796.44,3235919.81
2021,07054AA000,Santa Eulària des Riu,despesa,1,11845064.56,11018030.24
2021,07054AA000,Santa Eulària des Riu,despesa,3,70010.00,6941.60
2021,07054AA000,Santa Eulària des Riu,ingres,3,10673445.00,10263746.49
2021,07054AA000,Santa Eulària des Riu,despesa,4,5580289.28,4204898.74
2021,07054AA000,Santa Eulària des Riu,ingres,2,3700260.00,5270536.84
2021,07054AA000,Santa Eulària des Riu,ingres,8,17204736.83,11738.18
2021,07054AA000,Santa Eulària des Riu,ingres,6,20.00,0
2021,07054AA000,Santa Eulària des Riu,ingres,9,20.00,0
2021,07902AA000,Migjorn Gran (Es),despesa,1,1187737.68,1002529.70
2021,07902AA000,Migjorn Gran (Es),despesa,3,2500.00,1818.46
2021,07902AA000,Migjorn Gran (Es),ingres,4,843862.63,912783.28
2021,07902AA000,Migjorn Gran (Es),ingres,8,1238542.02,0
2021,07902AA000,Migjorn Gran (Es),ingres,2,50700.00,92154.85
2021,07902AA000,Migjorn Gran (Es),ingres,9,200000.00,200000.00
2021,07902AA000,Migjorn Gran (Es),despesa,7,700.00,0
2021,07902AA000,Migjorn Gran (Es),despesa,6,2189331.98,538688.17
2021,07902AA000,Migjorn Gran (Es),ingres,5,120100.00,29023.96
2021,07902AA000,Migjorn Gran (Es),despesa,8,1000.00,0
2021,07902AA000,Migjorn Gran (Es),despesa,2,1059888.25,803111.91
2021,07902AA000,Migjorn Gran (Es),despesa,4,365375.42,268589.13
2021,07902AA000,Migjorn Gran (Es),ingres,3,628320.00,642152.83
2021,07902AA000,Migjorn Gran (Es),ingres,7,318008.68,219063.77
2021,07902AA000,Migjorn Gran (Es),ingres,1,1407000.00,1472021.08
2021,07001DV003,P. Esc. Turismo,ingres,3,110000.00,115591.06
2021,07001DV003,P. Esc. Turismo,despesa,5,5000.00,0
2021,07001DV003,P. Esc. Turismo,despesa,3,2200.00,2089.56
2021,07001DV003,P. Esc. Turismo,despesa,1,495906.20,495724.08
2021,07001DV003,P. Esc. Turismo,despesa,2,91293.80,91179.72
2021,07001DV003,P. Esc. Turismo,despesa,6,10600.00,3222.77
2021,07001DV003,P. Esc. Turismo,ingres,4,530000.00,500000.00
2021,07001DV003,P. Esc. Turismo,despesa,4,35000.00,23082.24
2021,07002DV003,Inst.  Mallorquí d'Afers Socials,despesa,4,27818171.01,26310822.21
2021,07002DV003,Inst.  Mallorquí d'Afers Socials,ingres,3,7470051.72,6417406.41
2021,07002DV003,Inst.  Mallorquí d'Afers Socials,ingres,5,19350.97,9726.12
2021,07002DV003,Inst.  Mallorquí d'Afers Socials,despesa,2,126098998.05,112480809.38
2021,07002DV003,Inst.  Mallorquí d'Afers Socials,despesa,1,81649521.06,80895790.20
2021,07002DV003,Inst.  Mallorquí d'Afers Socials,despesa,7,6077110.24,2929317.85
2021,07002DV003,Inst.  Mallorquí d'Afers Socials,ingres,4,211391033.85,209634599.76
2021,07002DV003,Inst.  Mallorquí d'Afers Socials,ingres,8,37177059.81,85561.99
2021,07002DV003,Inst.  Mallorquí d'Afers Socials,despesa,3,30000.00,3303.82
2021,07002DV003,Inst.  Mallorquí d'Afers Socials,despesa,8,120000.00,76439.68
2021,07002DV003,Inst.  Mallorquí d'Afers Socials,despesa,6,15913877.99,2947148.94
2021,07002DV003,Inst.  Mallorquí d'Afers Socials,ingres,7,1650182.00,1650182.00
2021,07010AE001,Palmanyola,despesa,2,350984.48,280375.93
2021,07010AE001,Palmanyola,despesa,9,9840.00,0
2021,07010AE001,Palmanyola,ingres,5,16700.00,16060.00
2021,07010AE001,Palmanyola,ingres,9,106524.07,0
2021,07010AE001,Palmanyola,ingres,7,483007.91,483007.91
2021,07010AE001,Palmanyola,despesa,3,2410.00,0
2021,07010AE001,Palmanyola,despesa,6,589531.98,356327.51
2021,07010AE001,Palmanyola,despesa,1,333400.15,309967.70
2021,07010AE001,Palmanyola,ingres,3,31500.00,41172.90
2021,07010AE001,Palmanyola,ingres,4,648434.63,620495.65
2021,07003MM000,Mc. Migjorn de Mallorca,despesa,3,1000.00,984.46
2021,07003MM000,Mc. Migjorn de Mallorca,ingres,8,423893.84,0
2021,07003MM000,Mc. Migjorn de Mallorca,despesa,2,786597.00,535406.71
2021,07003MM000,Mc. Migjorn de Mallorca,despesa,4,4720.00,3802.28
2021,07003MM000,Mc. Migjorn de Mallorca,despesa,6,315756.84,97368.11
2021,07003MM000,Mc. Migjorn de Mallorca,ingres,5,100.00,0
2021,07003MM000,Mc. Migjorn de Mallorca,despesa,1,602903.03,491885.63
2021,07003MM000,Mc. Migjorn de Mallorca,ingres,3,1286983.03,1535610.37
2021,07036AO001,Institut Municipal Comunicació,ingres,7,3000.00,0
2021,07036AO001,Institut Municipal Comunicació,despesa,2,118920.00,89713.71
2021,07036AO001,Institut Municipal Comunicació,despesa,3,1000.00,0
2021,07036AO001,Institut Municipal Comunicació,ingres,4,119920.00,89713.71
2021,07036AO001,Institut Municipal Comunicació,despesa,6,3000.00,0
2021,07040AV009,Inst. M. Form. Ocupacional i Feina,despesa,4,3079813.00,2270260.91
2021,07040AV009,Inst. M. Form. Ocupacional i Feina,despesa,2,1039820.20,645911.78
2021,07040AV009,Inst. M. Form. Ocupacional i Feina,ingres,5,6300.00,46450.07
2021,07040AV009,Inst. M. Form. Ocupacional i Feina,ingres,8,3868356.46,12336.60
2021,07040AV009,Inst. M. Form. Ocupacional i Feina,ingres,3,36000.00,12269.00
2021,07040AV009,Inst. M. Form. Ocupacional i Feina,ingres,7,180060.00,29995.72
2021,07040AV009,Inst. M. Form. Ocupacional i Feina,despesa,1,10293130.38,6537032.33
2021,07040AV009,Inst. M. Form. Ocupacional i Feina,ingres,4,10431022.41,7735280.57
2021,07040AV009,Inst. M. Form. Ocupacional i Feina,despesa,8,20000.00,0
2021,07040AV009,Inst. M. Form. Ocupacional i Feina,despesa,3,1565.16,37.65
2021,07040AV009,Inst. M. Form. Ocupacional i Feina,despesa,6,86323.13,28908.72
2021,07040AV009,Inst. M. Form. Ocupacional i Feina,despesa,7,1087.00,1087.00
2021,07033AO001,Institut Públic del Teatre Municipal,ingres,4,330000.00,377299.92
2021,07033AO001,Institut Públic del Teatre Municipal,despesa,6,50000.00,32008.97
2021,07033AO001,Institut Públic del Teatre Municipal,ingres,3,245000.00,280807.92
2021,07033AO001,Institut Públic del Teatre Municipal,despesa,2,575000.00,535392.67
2021,07033AO001,Institut Públic del Teatre Municipal,ingres,7,50000.00,50000.00
2021,07033AO002,Institució Pública Antoni M. Alcover,ingres,4,69000.00,69000.00
2021,07033AO002,Institució Pública Antoni M. Alcover,despesa,2,69000.00,45068.01
2021,07033AO002,Institució Pública Antoni M. Alcover,despesa,6,5000.00,0
2021,07033AO002,Institució Pública Antoni M. Alcover,ingres,7,5000.00,5000.00
2021,07001DD000,Consejo Insular de Ibiza,despesa,1,36390189.33,34791913.71
2021,07001DD000,Consejo Insular de Ibiza,ingres,3,6808870.00,6944149.83
2021,07001DD000,Consejo Insular de Ibiza,despesa,3,586012.43,549954.14
2021,07001DD000,Consejo Insular de Ibiza,ingres,9,9700000.00,118804.10
2021,07001DD000,Consejo Insular de Ibiza,despesa,9,75000.00,53225.90
2021,07001DD000,Consejo Insular de Ibiza,ingres,7,8200000.00,6354482.13
2021,07001DD000,Consejo Insular de Ibiza,despesa,8,250000.00,114179.80
2021,07001DD000,Consejo Insular de Ibiza,ingres,8,47774421.08,137376.59
2021,07001DD000,Consejo Insular de Ibiza,despesa,4,41290509.62,31843827.14
2021,07001DD000,Consejo Insular de Ibiza,despesa,6,39205392.24,11625493.60
2021,07001DD000,Consejo Insular de Ibiza,ingres,1,3000000.00,3408822.35
2021,07001DD000,Consejo Insular de Ibiza,ingres,4,80172242.87,73898834.59
2021,07001DD000,Consejo Insular de Ibiza,ingres,5,0,210290.19
2021,07001DD000,Consejo Insular de Ibiza,despesa,5,229012.43,0
2021,07001DD000,Consejo Insular de Ibiza,despesa,7,16112279.92,7780925.01
2021,07001DD000,Consejo Insular de Ibiza,ingres,2,3336790.00,3246604.05
2021,07001DD000,Consejo Insular de Ibiza,despesa,2,24853927.98,18043884.29
2021,07003DV002,Consell Economic i Social,despesa,2,13250.00,0
2021,07003DV002,Consell Economic i Social,ingres,4,25050.00,11800.00
2021,07003DV002,Consell Economic i Social,despesa,4,11800.00,11800.00
2021,07055AA000,Santa Margalida,ingres,5,666460.00,405816.54
2021,07055AA000,Santa Margalida,despesa,6,11461638.26,3294692.85
2021,07055AA000,Santa Margalida,despesa,3,28040.00,16826.76
2021,07055AA000,Santa Margalida,ingres,2,160000.00,661385.41
2021,07055AA000,Santa Margalida,ingres,8,7386906.46,0
2021,07055AA000,Santa Margalida,despesa,4,712296.92,511593.33
2021,07055AA000,Santa Margalida,ingres,3,4197531.32,4147028.29
2021,07055AA000,Santa Margalida,ingres,7,2524709.55,725051.62
2021,07055AA000,Santa Margalida,despesa,1,5900211.83,4711681.09
2021,07055AA000,Santa Margalida,ingres,1,6908000.00,7182184.38
2021,07055AA000,Santa Margalida,despesa,2,7509419.84,5831328.08
2021,07055AA000,Santa Margalida,ingres,4,3767999.52,4572074.12
2021,07033AV002,P. l'Escola M. de Mallorqui,ingres,4,80200.00,79515.53
2021,07033AV002,P. l'Escola M. de Mallorqui,ingres,3,19000.00,25937.40
2021,07033AV002,P. l'Escola M. de Mallorqui,despesa,6,4500.00,1728.86
2021,07033AV002,P. l'Escola M. de Mallorqui,ingres,7,4500.00,4500.00
2021,07033AV002,P. l'Escola M. de Mallorqui,despesa,3,31.00,0
2021,07033AV002,P. l'Escola M. de Mallorqui,despesa,2,99169.00,91702.41
2021,07056AA000,Santa María del Camí,ingres,4,2422597.25,2627340.84
2021,07056AA000,Santa María del Camí,ingres,2,203000.00,223102.11
2021,07056AA000,Santa María del Camí,ingres,7,358551.28,271003.88
2021,07056AA000,Santa María del Camí,ingres,8,5320217.00,0
2021,07056AA000,Santa María del Camí,despesa,2,3132491.42,2927982.97
2021,07056AA000,Santa María del Camí,despesa,4,1074383.46,777498.00
2021,07056AA000,Santa María del Camí,ingres,3,1846172.53,1621015.30
2021,07056AA000,Santa María del Camí,despesa,6,4875404.31,1086242.61
2021,07056AA000,Santa María del Camí,despesa,1,3551731.63,3445990.73
2021,07056AA000,Santa María del Camí,ingres,1,2483447.76,2419628.87
2021,07056AA000,Santa María del Camí,ingres,5,25.00,118778.34
2021,07057AA000,Santanyí,ingres,4,3590791.72,4819016.20
2021,07057AA000,Santanyí,ingres,6,0,42976.34
2021,07057AA000,Santanyí,despesa,4,5279008.93,3936000.36
2021,07057AA000,Santanyí,despesa,2,9623966.43,7709129.83
2021,07057AA000,Santanyí,despesa,6,10554845.25,3905044.65
2021,07057AA000,Santanyí,ingres,3,5061642.51,5639321.25
2021,07057AA000,Santanyí,ingres,8,12556694.07,0
2021,07057AA000,Santanyí,ingres,1,10654764.43,11403900.76
2021,07057AA000,Santanyí,ingres,2,1016315.02,2664674.44
2021,07057AA000,Santanyí,despesa,1,8287652.80,7297088.56
2021,07057AA000,Santanyí,despesa,3,43000.00,19189.23
2021,07057AA000,Santanyí,ingres,5,1059621.16,503115.12
2021,07057AA000,Santanyí,despesa,7,742579.08,415431.14
2021,07057AA000,Santanyí,ingres,7,591223.58,722435.38
2021,07041AO001,F. Escuela Municipal de Música de Petra,despesa,1,58698.07,57301.05
2021,07041AO001,F. Escuela Municipal de Música de Petra,despesa,3,948.00,411.33
2021,07041AO001,F. Escuela Municipal de Música de Petra,ingres,3,32808.00,34176.44
2021,07041AO001,F. Escuela Municipal de Música de Petra,ingres,4,29318.67,23500.00
2021,07041AO001,F. Escuela Municipal de Música de Petra,despesa,2,2480.60,625.54
2022,07007AA000,Banyalbufar,ingres,8,587498.66,0
2022,07007AA000,Banyalbufar,ingres,1,404963.86,560010.56
2022,07007AA000,Banyalbufar,ingres,2,140000.00,35187.31
2022,07007AA000,Banyalbufar,ingres,4,493149.21,645044.99
2022,07007AA000,Banyalbufar,despesa,3,8050.00,7972.30
2022,07007AA000,Banyalbufar,ingres,3,307024.28,318976.11
2022,07007AA000,Banyalbufar,despesa,4,82230.00,57332.33
2022,07007AA000,Banyalbufar,ingres,5,40899.17,36388.89
2022,07007AA000,Banyalbufar,despesa,1,457460.95,447468.53
2022,07007AA000,Banyalbufar,despesa,6,638845.01,527232.55
2022,07007AA000,Banyalbufar,despesa,9,40850.00,40735.50
2022,07007AA000,Banyalbufar,despesa,2,956099.22,892876.22
2022,07007AA000,Banyalbufar,ingres,7,210000.00,126000.00
2022,07008AA000,Binissalem,ingres,8,280846.47,0
2022,07008AA000,Binissalem,despesa,2,3083659.01,2955157.31
2022,07008AA000,Binissalem,ingres,1,2624000.00,2521985.52
2022,07008AA000,Binissalem,despesa,9,705000.00,704386.46
2022,07008AA000,Binissalem,ingres,7,574028.88,22284.16
2022,07008AA000,Binissalem,despesa,1,2657099.99,2620988.07
2022,07008AA000,Binissalem,despesa,4,669502.30,523397.29
2022,07008AA000,Binissalem,ingres,5,232000.00,11411.90
2022,07008AA000,Binissalem,ingres,6,185000.00,0
2022,07008AA000,Binissalem,ingres,2,250000.00,348265.88
2022,07008AA000,Binissalem,ingres,3,1347434.25,1245569.67
2022,07008AA000,Binissalem,despesa,6,1037548.29,250530.87
2022,07008AA000,Binissalem,despesa,5,47000.00,0
2022,07008AA000,Binissalem,despesa,3,18000.00,17994.46
2022,07008AA000,Binissalem,ingres,4,2724500.00,2924756.81
2022,07010AA000,Bunyola,despesa,5,63695.42,0
2022,07010AA000,Bunyola,despesa,9,353763.00,353271.92
2022,07010AA000,Bunyola,ingres,3,1368967.53,1767875.23
2022,07010AA000,Bunyola,ingres,5,1857.80,1958.84
2022,07010AA000,Bunyola,despesa,1,2011285.47,1880418.69
2022,07010AA000,Bunyola,ingres,4,2251183.96,2381025.49
2022,07010AA000,Bunyola,despesa,3,43500.00,33612.37
2022,07010AA000,Bunyola,despesa,4,651030.89,615667.28
2022,07010AA000,Bunyola,despesa,2,3353840.16,3068491.62
2022,07010AA000,Bunyola,despesa,6,4175751.40,919494.40
2022,07010AA000,Bunyola,ingres,2,480290.89,934274.22
2022,07010AA000,Bunyola,ingres,8,3138225.63,0
2022,07010AA000,Bunyola,ingres,7,936472.27,-3196.78
2022,07010AA000,Bunyola,ingres,1,2475868.26,2526296.62
2022,07021AA000,Estellencs,ingres,5,200.00,0
2022,07021AA000,Estellencs,ingres,3,147968.49,117920.28
2022,07021AA000,Estellencs,ingres,8,64850.00,0
2022,07021AA000,Estellencs,despesa,4,20700.00,15276.77
2022,07021AA000,Estellencs,despesa,3,2108.66,1738.38
2022,07021AA000,Estellencs,ingres,1,191840.31,175107.19
2022,07021AA000,Estellencs,despesa,2,443060.11,401912.74
2022,07021AA000,Estellencs,despesa,6,530231.40,96371.42
2022,07021AA000,Estellencs,ingres,2,20000.00,25930.95
2022,07021AA000,Estellencs,despesa,1,338222.88,329176.04
2022,07021AA000,Estellencs,ingres,4,416577.15,412872.53
2022,07021AA000,Estellencs,ingres,7,492887.10,574723.35
2022,07028AA000,Lloret de Vistalegre,ingres,8,1425356.15,0
2022,07028AA000,Lloret de Vistalegre,despesa,3,6000.00,3497.87
2022,07028AA000,Lloret de Vistalegre,despesa,2,671311.35,591631.26
2022,07028AA000,Lloret de Vistalegre,despesa,9,37200.00,36910.54
2022,07028AA000,Lloret de Vistalegre,ingres,7,666560.54,666394.95
2022,07028AA000,Lloret de Vistalegre,ingres,5,4801.00,3912.80
2022,07028AA000,Lloret de Vistalegre,ingres,3,105826.86,151070.80
2022,07028AA000,Lloret de Vistalegre,despesa,6,1927597.45,1277862.87
2022,07028AA000,Lloret de Vistalegre,despesa,4,35625.00,26901.01
2022,07028AA000,Lloret de Vistalegre,ingres,2,57550.00,79296.50
2022,07028AA000,Lloret de Vistalegre,ingres,4,767915.77,847434.92
2022,07028AA000,Lloret de Vistalegre,despesa,1,760915.81,647247.17
2022,07028AA000,Lloret de Vistalegre,ingres,1,410639.29,372240.50
2022,07029AA000,Lloseta,ingres,8,1966799.38,0
2022,07029AA000,Lloseta,ingres,3,1557726.19,1385316.47
2022,07029AA000,Lloseta,despesa,1,3139840.44,2908289.60
2022,07029AA000,Lloseta,despesa,3,18799.30,16758.38
2022,07029AA000,Lloseta,despesa,6,2552498.48,833511.66
2022,07029AA000,Lloseta,ingres,1,2096800.00,1985179.60
2022,07029AA000,Lloseta,ingres,7,890722.86,130784.00
2022,07029AA000,Lloseta,ingres,4,2120663.39,2253365.50
2022,07029AA000,Lloseta,ingres,5,51343.04,49111.87
2022,07029AA000,Lloseta,despesa,4,603907.06,517319.79
2022,07029AA000,Lloseta,despesa,9,100756.30,100750.90
2022,07029AA000,Lloseta,ingres,2,149836.64,274211.88
2022,07029AA000,Lloseta,despesa,2,2418089.92,1961088.27
2022,07036AO001,Institut Municipal Comunicació,ingres,7,3000.00,0
2022,07036AO001,Institut Municipal Comunicació,despesa,2,157713.68,144976.64
2022,07036AO001,Institut Municipal Comunicació,despesa,3,1000.00,193.58
2022,07036AO001,Institut Municipal Comunicació,ingres,4,124920.00,124920.00
2022,07036AO001,Institut Municipal Comunicació,ingres,5,0,36.99
2022,07036AO001,Institut Municipal Comunicació,despesa,6,3000.00,0
2022,07036AO001,Institut Municipal Comunicació,ingres,8,33793.68,0
2022,07033AV003,P. M. d'Esports,ingres,8,850229.72,0
2022,07033AV003,P. M. d'Esports,despesa,6,915652.99,302163.98
2022,07033AV003,P. M. d'Esports,ingres,5,36500.00,27849.07
2022,07033AV003,P. M. d'Esports,despesa,2,354046.34,276237.29
2022,07033AV003,P. M. d'Esports,ingres,4,270650.00,270650.00
2022,07033AV003,P. M. d'Esports,ingres,3,4000.00,7743.03
2022,07033AV003,P. M. d'Esports,ingres,7,108319.61,0
2022,07001AA000,Alaró,ingres,8,2073839.65,0
2022,07001AA000,Alaró,despesa,3,17000.00,8868.03
2022,07001AA000,Alaró,despesa,4,511560.00,464778.52
2022,07001AA000,Alaró,despesa,2,1576522.77,1537201.47
2022,07001AA000,Alaró,ingres,7,1105744.61,61043.67
2022,07001AA000,Alaró,ingres,4,2381125.41,2350594.71
2022,07001AA000,Alaró,despesa,6,2886073.85,1593780.19
2022,07001AA000,Alaró,despesa,7,769560.42,250018.47
2022,07001AA000,Alaró,ingres,2,347952.11,513745.39
2022,07001AA000,Alaró,ingres,1,1898000.00,1879302.95
2022,07001AA000,Alaró,despesa,1,3072482.96,2874569.26
2022,07001AA000,Alaró,ingres,3,932701.78,887986.15
2022,07001AA000,Alaró,ingres,5,93836.44,85747.41
2022,07015AV003,P. Esc. Infantiles,ingres,8,37830.35,0
2022,07015AV003,P. Esc. Infantiles,ingres,3,270000.00,248276.53
2022,07015AV003,P. Esc. Infantiles,ingres,4,1068915.00,1068915.00
2022,07015AV003,P. Esc. Infantiles,despesa,1,617642.05,514056.90
2022,07015AV003,P. Esc. Infantiles,despesa,2,738759.77,689579.83
2022,07015AV003,P. Esc. Infantiles,ingres,5,0,1.78
2022,07015AV003,P. Esc. Infantiles,ingres,7,30000.00,0
2022,07015AV003,P. Esc. Infantiles,despesa,6,40000.00,279.73
2022,07015AV003,P. Esc. Infantiles,despesa,5,10343.53,0
2022,07001DV003,P. Esc. Turismo,despesa,5,5000.00,0
2022,07001DV003,P. Esc. Turismo,despesa,3,1200.00,582.58
2022,07001DV003,P. Esc. Turismo,despesa,1,537129.07,537129.07
2022,07001DV003,P. Esc. Turismo,despesa,2,138607.01,58489.68
2022,07001DV003,P. Esc. Turismo,ingres,4,605000.00,605000.00
2022,07001DV003,P. Esc. Turismo,despesa,6,2650.00,0
2022,07001DV003,P. Esc. Turismo,despesa,4,30413.92,30413.92
2022,07001DV003,P. Esc. Turismo,ingres,3,110000.00,100326.38
2022,07011AA000,Calvià,ingres,9,0,0
2022,07011AA000,Calvià,despesa,4,35358609.26,34885314.43
2022,07011AA000,Calvià,despesa,2,22405002.00,19666012.27
2022,07011AA000,Calvià,despesa,7,1893590.57,754360.63
2022,07011AA000,Calvià,ingres,5,4217380.75,4933211.10
2022,07011AA000,Calvià,ingres,3,11164031.09,11487881.59
2022,07011AA000,Calvià,despesa,9,2500000.00,2484757.90
2022,07011AA000,Calvià,ingres,4,24595416.20,27245962.92
2022,07011AA000,Calvià,ingres,7,1198964.67,5644879.11
2022,07011AA000,Calvià,ingres,8,36387347.75,190896.00
2022,07011AA000,Calvià,despesa,8,310000.00,190896.00
2022,07011AA000,Calvià,despesa,6,35711225.15,20731476.00
2022,07011AA000,Calvià,ingres,2,6651700.00,4997655.79
2022,07011AA000,Calvià,despesa,1,40263913.48,40088519.24
2022,07011AA000,Calvià,despesa,3,352500.00,179855.20
2022,07011AA000,Calvià,ingres,1,54580000.00,51772214.47
2022,07004AA000,Algaida,ingres,2,316079.64,583789.22
2022,07004AA000,Algaida,despesa,2,2605600.84,2130726.80
2022,07004AA000,Algaida,ingres,5,25995.00,27250.25
2022,07004AA000,Algaida,ingres,4,1581680.34,2288208.47
2022,07004AA000,Algaida,ingres,7,42881.00,42881.10
2022,07004AA000,Algaida,ingres,8,3397085.31,0
2022,07004AA000,Algaida,despesa,3,15810.41,9694.41
2022,07004AA000,Algaida,ingres,3,775450.08,746844.44
2022,07004AA000,Algaida,despesa,4,181750.00,137022.15
2022,07004AA000,Algaida,despesa,9,37060.27,37060.27
2022,07004AA000,Algaida,despesa,1,2642318.75,2324648.30
2022,07004AA000,Algaida,despesa,6,2630032.44,1034904.72
2022,07004AA000,Algaida,ingres,1,1973401.35,2034789.87
2022,07006AA000,Artà,despesa,1,5730381.14,5681013.16
2022,07006AA000,Artà,despesa,2,5005443.73,4600530.10
2022,07006AA000,Artà,despesa,9,2.00,0
2022,07006AA000,Artà,despesa,3,7503.00,7449.63
2022,07006AA000,Artà,despesa,4,437670.20,348124.73
2022,07006AA000,Artà,ingres,1,4666199.06,5206398.75
2022,07006AA000,Artà,ingres,7,676453.09,295374.37
2022,07006AA000,Artà,ingres,8,3044575.32,0
2022,07006AA000,Artà,ingres,2,601500.00,839381.77
2022,07006AA000,Artà,ingres,4,2807626.25,3105561.87
2022,07006AA000,Artà,ingres,3,3759003.37,4366194.36
2022,07006AA000,Artà,despesa,6,4401957.02,1115880.12
2022,07006AA000,Artà,ingres,5,27601.00,43632.37
2022,07006AA000,Artà,despesa,7,1.00,0
2022,07013AA000,Campos,despesa,6,6804289.12,2549570.35
2022,07013AA000,Campos,ingres,3,4335302.02,5284638.26
2022,07013AA000,Campos,ingres,5,468400.00,419334.49
2022,07013AA000,Campos,despesa,2,9322182.86,7341833.25
2022,07013AA000,Campos,ingres,7,960973.85,433780.52
2022,07013AA000,Campos,despesa,4,208226.13,160826.91
2022,07013AA000,Campos,ingres,4,3239985.27,4056986.74
2022,07013AA000,Campos,despesa,1,7335575.14,5701977.39
2022,07013AA000,Campos,ingres,2,646894.81,1464503.32
2022,07013AA000,Campos,despesa,7,154440.16,108333.29
2022,07013AA000,Campos,ingres,1,4991833.75,5083277.14
2022,07013AA000,Campos,ingres,8,9209323.71,0
2022,07013AA000,Campos,despesa,3,28000.00,26965.62
2022,07017AA000,Costitx,despesa,6,1900845.32,1101752.54
2022,07017AA000,Costitx,despesa,4,63500.00,31472.80
2022,07017AA000,Costitx,ingres,1,427000.00,429632.56
2022,07017AA000,Costitx,despesa,3,1000.00,980.34
2022,07017AA000,Costitx,ingres,5,18100.00,9887.05
2022,07017AA000,Costitx,ingres,7,1030836.65,1100965.79
2022,07017AA000,Costitx,ingres,8,1016945.49,0
2022,07017AA000,Costitx,ingres,3,96838.99,101166.18
2022,07017AA000,Costitx,despesa,2,796133.80,728103.35
2022,07017AA000,Costitx,despesa,1,485464.86,415943.67
2022,07017AA000,Costitx,ingres,4,605967.37,621479.22
2022,07017AA000,Costitx,ingres,2,51255.48,62759.81
2022,07019AA000,Escorca,ingres,2,21006.00,17383.63
2022,07019AA000,Escorca,ingres,8,75430.93,0
2022,07019AA000,Escorca,despesa,9,41716.00,40845.64
2022,07019AA000,Escorca,ingres,5,54000.00,68000.00
2022,07019AA000,Escorca,despesa,2,412816.00,377070.85
2022,07019AA000,Escorca,despesa,4,18263.00,17725.25
2022,07019AA000,Escorca,despesa,3,10793.00,10487.65
2022,07019AA000,Escorca,ingres,7,534393.00,102784.96
2022,07019AA000,Escorca,ingres,4,360798.00,349280.20
2022,07019AA000,Escorca,despesa,1,538768.00,536027.31
2022,07019AA000,Escorca,despesa,6,607771.93,394226.26
2022,07019AA000,Escorca,ingres,1,291100.00,301183.55
2022,07019AA000,Escorca,ingres,3,293400.00,196817.73
2022,07020AA000,Esporles,ingres,2,122000.00,114171.15
2022,07020AA000,Esporles,despesa,4,126960.90,102451.18
2022,07020AA000,Esporles,ingres,4,2781068.91,2872953.70
2022,07020AA000,Esporles,despesa,3,14759.74,14662.65
2022,07020AA000,Esporles,despesa,9,78873.42,78338.99
2022,07020AA000,Esporles,despesa,2,2097620.96,2055830.42
2022,07020AA000,Esporles,ingres,5,1500.00,3500.00
2022,07020AA000,Esporles,despesa,1,3705475.43,3091151.17
2022,07020AA000,Esporles,ingres,1,1876445.85,1989312.06
2022,07020AA000,Esporles,ingres,8,771654.63,0
2022,07020AA000,Esporles,despesa,6,859978.90,381672.76
2022,07020AA000,Esporles,despesa,7,244537.26,244537.25
2022,07020AA000,Esporles,ingres,3,1188421.75,1227856.43
2022,07020AA000,Esporles,ingres,7,387115.47,294756.99
2022,07022AA000,Felanitx,despesa,3,75000.00,22445.28
2022,07022AA000,Felanitx,despesa,4,1309320.92,1055682.32
2022,07022AA000,Felanitx,ingres,2,753000.00,962461.55
2022,07022AA000,Felanitx,despesa,6,18134494.31,8829958.35
2022,07022AA000,Felanitx,despesa,7,281685.65,16629.49
2022,07022AA000,Felanitx,ingres,3,4452484.60,4802400.08
2022,07022AA000,Felanitx,ingres,4,5647744.55,6177351.24
2022,07022AA000,Felanitx,ingres,5,622100.00,1072678.02
2022,07022AA000,Felanitx,ingres,8,11715504.22,0
2022,07022AA000,Felanitx,ingres,9,7000000.00,0
2022,07022AA000,Felanitx,ingres,7,217155.54,155187.59
2022,07022AA000,Felanitx,despesa,1,8464050.00,7677867.34
2022,07022AA000,Felanitx,despesa,2,10209438.03,9287871.11
2022,07022AA000,Felanitx,ingres,1,8066000.00,8464786.43
2022,07025AA000,Fornalutx,despesa,2,751102.07,718401.30
2022,07025AA000,Fornalutx,despesa,3,500.00,500.00
2022,07025AA000,Fornalutx,ingres,2,30345.00,37867.71
2022,07025AA000,Fornalutx,ingres,7,763319.75,649847.64
2022,07025AA000,Fornalutx,ingres,8,765820.14,0
2022,07025AA000,Fornalutx,ingres,1,509725.00,562066.04
2022,07025AA000,Fornalutx,despesa,6,1525134.79,480615.04
2022,07025AA000,Fornalutx,ingres,4,466269.78,519584.16
2022,07025AA000,Fornalutx,ingres,3,307227.00,381364.23
2022,07025AA000,Fornalutx,despesa,1,523554.00,495726.83
2022,07025AA000,Fornalutx,ingres,5,12244.19,12387.47
2022,07025AA000,Fornalutx,despesa,4,54660.00,46073.50
2022,07026AA000,Eivissa,despesa,6,41776369.66,8904047.80
2022,07026AA000,Eivissa,despesa,8,229213.31,229213.31
2022,07026AA000,Eivissa,despesa,3,287313.22,264855.01
2022,07026AA000,Eivissa,despesa,7,2855500.17,1850300.17
2022,07026AA000,Eivissa,ingres,1,30398275.00,30110907.28
2022,07026AA000,Eivissa,despesa,5,214000.00,0
2022,07026AA000,Eivissa,despesa,1,22370362.39,20358545.14
2022,07026AA000,Eivissa,despesa,4,7920801.66,7043430.13
2022,07026AA000,Eivissa,ingres,3,15889622.81,19432680.24
2022,07026AA000,Eivissa,ingres,4,17678384.92,19704920.80
2022,07026AA000,Eivissa,ingres,6,10.00,0
2022,07026AA000,Eivissa,despesa,2,34619472.60,29662988.34
2022,07026AA000,Eivissa,ingres,2,1400000.00,2135653.96
2022,07026AA000,Eivissa,ingres,5,5654905.11,3910832.24
2022,07026AA000,Eivissa,ingres,8,24942669.15,229213.31
2022,07026AA000,Eivissa,ingres,7,14309166.02,13263710.60
2022,07026AV002,P. M. Música,ingres,4,693180.00,611533.76
2022,07026AV002,P. M. Música,ingres,8,10.00,0
2022,07026AV002,P. M. Música,ingres,3,47510.00,63216.70
2022,07026AV002,P. M. Música,despesa,4,2000.00,2000.00
2022,07026AV002,P. M. Música,despesa,3,1500.00,717.87
2022,07026AV002,P. M. Música,despesa,6,12300.00,8722.12
2022,07026AV002,P. M. Música,despesa,8,10.00,0
2022,07026AV002,P. M. Música,despesa,1,447073.35,405303.71
2022,07026AV002,P. M. Música,despesa,2,280116.65,260306.76
2022,07026AV002,P. M. Música,ingres,7,2300.00,2300.00
2022,07026AV003,Museo de Arte Contemporáneo,despesa,1,225877.40,182091.51
2022,07026AV003,Museo de Arte Contemporáneo,despesa,2,95812.60,95283.80
2022,07026AV003,Museo de Arte Contemporáneo,despesa,3,100.00,80.85
2022,07026AV003,Museo de Arte Contemporáneo,despesa,6,13200.00,8000.00
2022,07026AV003,Museo de Arte Contemporáneo,despesa,8,10.00,0
2022,07026AV003,Museo de Arte Contemporáneo,ingres,4,321790.00,277456.16
2022,07026AV003,Museo de Arte Contemporáneo,ingres,8,10.00,0
2022,07026AV003,Museo de Arte Contemporáneo,ingres,7,13200.00,8000.00
2022,07027AA000,Inca,despesa,2,16650398.71,14417268.85
2022,07027AA000,Inca,ingres,8,11746248.22,384189.48
2022,07027AA000,Inca,despesa,4,2247402.31,1630095.33
2022,07027AA000,Inca,ingres,3,9169136.51,10029792.24
2022,07027AA000,Inca,ingres,7,3285233.14,143466.85
2022,07027AA000,Inca,ingres,1,10637213.39,11260412.86
2022,07027AA000,Inca,ingres,4,12165758.07,12279046.41
2022,07027AA000,Inca,despesa,5,25000.00,0
2022,07027AA000,Inca,despesa,7,753709.36,582005.25
2022,07027AA000,Inca,despesa,8,35000.00,24000.00
2022,07027AA000,Inca,ingres,2,710199.78,620966.40
2022,07027AA000,Inca,despesa,1,17137160.23,14577341.15
2022,07027AA000,Inca,ingres,5,131692.00,114651.78
2022,07027AA000,Inca,despesa,6,10996810.50,3726302.89
2022,07034AA000,Mancor de la Vall,despesa,1,768219.30,752586.03
2022,07034AA000,Mancor de la Vall,ingres,7,996842.62,673297.97
2022,07034AA000,Mancor de la Vall,despesa,4,234240.38,226975.60
2022,07034AA000,Mancor de la Vall,ingres,4,842240.40,876270.16
2022,07034AA000,Mancor de la Vall,ingres,3,321235.07,357760.48
2022,07034AA000,Mancor de la Vall,ingres,2,59250.00,60834.76
2022,07034AA000,Mancor de la Vall,ingres,8,1733708.76,0
2022,07034AA000,Mancor de la Vall,despesa,2,830685.27,803621.43
2022,07034AA000,Mancor de la Vall,despesa,3,10100.00,6817.24
2022,07034AA000,Mancor de la Vall,ingres,1,595000.00,590666.27
2022,07034AA000,Mancor de la Vall,ingres,5,6800.00,7102.30
2022,07034AA000,Mancor de la Vall,despesa,6,2711831.90,957556.96
2022,07036AA000,Marratxí,ingres,4,11774204.41,11935624.02
2022,07036AA000,Marratxí,despesa,7,29300.00,0
2022,07036AA000,Marratxí,despesa,6,23304284.15,6189754.80
2022,07036AA000,Marratxí,despesa,8,165800.00,149800.00
2022,07036AA000,Marratxí,ingres,8,20754002.04,149800.00
2022,07036AA000,Marratxí,despesa,1,15903200.94,14568954.91
2022,07036AA000,Marratxí,despesa,3,176000.00,157546.14
2022,07036AA000,Marratxí,ingres,2,1600000.00,1888684.41
2022,07036AA000,Marratxí,despesa,4,11320990.93,9121040.01
2022,07036AA000,Marratxí,ingres,7,1131803.11,125711.89
2022,07036AA000,Marratxí,despesa,2,7485333.54,6614895.59
2022,07036AA000,Marratxí,ingres,1,15532000.00,14327469.80
2022,07036AA000,Marratxí,ingres,3,7327900.00,7583684.33
2022,07036AA000,Marratxí,ingres,5,265000.00,245321.86
2022,07037AA000,Mercadal (Es),ingres,1,4944900.00,5481611.32
2022,07037AA000,Mercadal (Es),ingres,3,1940554.00,2117874.97
2022,07037AA000,Mercadal (Es),ingres,5,538581.00,620741.59
2022,07037AA000,Mercadal (Es),despesa,3,22000.00,18943.70
2022,07037AA000,Mercadal (Es),despesa,8,20000.00,4100.00
2022,07037AA000,Mercadal (Es),despesa,7,593201.28,89046.26
2022,07037AA000,Mercadal (Es),ingres,2,215700.00,408325.37
2022,07037AA000,Mercadal (Es),despesa,2,5043928.90,4371958.79
2022,07037AA000,Mercadal (Es),despesa,1,3078586.76,2691979.67
2022,07037AA000,Mercadal (Es),ingres,4,2285458.09,2730783.69
2022,07037AA000,Mercadal (Es),ingres,8,6390076.29,4100.00
2022,07037AA000,Mercadal (Es),despesa,5,150000.00,0
2022,07037AA000,Mercadal (Es),despesa,6,7440186.66,1675485.60
2022,07037AA000,Mercadal (Es),ingres,7,1257236.70,487268.76
2022,07037AA000,Mercadal (Es),despesa,4,1224602.48,918844.69
2022,07038AA000,Montuïri,ingres,4,942497.16,1176517.24
2022,07038AA000,Montuïri,ingres,7,237445.42,223666.39
2022,07038AA000,Montuïri,ingres,5,100.00,0
2022,07038AA000,Montuïri,despesa,4,397927.36,371695.53
2022,07038AA000,Montuïri,ingres,3,355572.00,356688.36
2022,07038AA000,Montuïri,despesa,2,1886854.03,1700768.90
2022,07038AA000,Montuïri,despesa,9,299807.67,296930.88
2022,07038AA000,Montuïri,ingres,2,182000.00,325145.02
2022,07038AA000,Montuïri,despesa,1,1256830.75,1155688.91
2022,07038AA000,Montuïri,despesa,3,32500.00,4760.92
2022,07038AA000,Montuïri,ingres,1,1732585.00,1126071.67
2022,07038AA000,Montuïri,despesa,6,1796908.55,682918.44
2022,07038AA000,Montuïri,ingres,8,2313625.78,0
2022,07041AA000,Petra,despesa,7,23976.26,23976.26
2022,07041AA000,Petra,despesa,9,391233.28,391233.28
2022,07041AA000,Petra,ingres,8,6729240.47,0
2022,07041AA000,Petra,ingres,7,738035.12,440023.12
2022,07041AA000,Petra,ingres,1,589324.09,650786.32
2022,07041AA000,Petra,despesa,4,409110.83,372288.43
2022,07041AA000,Petra,ingres,6,6.00,307.94
2022,07041AA000,Petra,ingres,9,0,8068.38
2022,07041AA000,Petra,despesa,2,3216090.99,3146373.20
2022,07041AA000,Petra,ingres,2,118100.00,167186.70
2022,07041AA000,Petra,ingres,3,574181.14,688911.66
2022,07041AA000,Petra,despesa,5,1910.74,0
2022,07041AA000,Petra,despesa,6,4665397.82,4090596.00
2022,07041AA000,Petra,ingres,4,1035300.38,1325348.03
2022,07041AA000,Petra,ingres,5,37816.00,18064.10
2022,07041AA000,Petra,despesa,1,956994.00,876093.42
2022,07041AA000,Petra,despesa,3,157289.28,157273.84
2022,07048AA000,Sant Josep de sa Talaia,despesa,3,40000.00,40000.00
2022,07048AA000,Sant Josep de sa Talaia,ingres,7,4005937.80,3728917.90
2022,07048AA000,Sant Josep de sa Talaia,ingres,3,9501783.60,9998919.25
2022,07048AA000,Sant Josep de sa Talaia,despesa,6,13685835.75,6006691.28
2022,07048AA000,Sant Josep de sa Talaia,despesa,4,3057968.71,2396216.96
2022,07048AA000,Sant Josep de sa Talaia,ingres,1,14441631.76,14989578.31
2022,07048AA000,Sant Josep de sa Talaia,ingres,4,8413574.83,10250506.76
2022,07048AA000,Sant Josep de sa Talaia,despesa,5,22996.08,0
2022,07048AA000,Sant Josep de sa Talaia,ingres,5,4398000.00,4092323.96
2022,07048AA000,Sant Josep de sa Talaia,ingres,8,10888067.60,0
2022,07048AA000,Sant Josep de sa Talaia,despesa,1,11602172.81,11282338.09
2022,07048AA000,Sant Josep de sa Talaia,ingres,2,1596500.00,3612092.69
2022,07048AA000,Sant Josep de sa Talaia,despesa,2,24836522.24,21750311.92
2022,07050AA000,Sant Joan de Labritja,despesa,6,10739101.94,1918168.33
2022,07050AA000,Sant Joan de Labritja,ingres,1,3729000.00,3971500.98
2022,07050AA000,Sant Joan de Labritja,despesa,4,859359.80,487572.70
2022,07050AA000,Sant Joan de Labritja,ingres,4,1799266.25,2316497.85
2022,07050AA000,Sant Joan de Labritja,ingres,6,1000.00,0
2022,07050AA000,Sant Joan de Labritja,ingres,5,1100.00,3234.60
2022,07050AA000,Sant Joan de Labritja,despesa,1,2287312.45,1939344.13
2022,07050AA000,Sant Joan de Labritja,ingres,7,2876689.34,1170295.54
2022,07050AA000,Sant Joan de Labritja,ingres,8,8312911.24,0
2022,07050AA000,Sant Joan de Labritja,ingres,3,2067902.41,2954136.83
2022,07050AA000,Sant Joan de Labritja,despesa,2,5204062.05,4180132.44
2022,07050AA000,Sant Joan de Labritja,despesa,3,99100.00,98000.00
2022,07050AA000,Sant Joan de Labritja,ingres,2,401067.00,2174231.11
2022,07053AA000,Santa Eugènia,ingres,1,593381.04,857115.89
2022,07053AA000,Santa Eugènia,ingres,7,142607.66,25635.57
2022,07053AA000,Santa Eugènia,despesa,1,920364.36,826657.32
2022,07053AA000,Santa Eugènia,despesa,2,720796.45,719442.11
2022,07053AA000,Santa Eugènia,despesa,9,31773.95,31773.95
2022,07053AA000,Santa Eugènia,despesa,3,1200.00,1200.00
2022,07053AA000,Santa Eugènia,ingres,4,699852.03,656870.20
2022,07053AA000,Santa Eugènia,despesa,4,196554.88,171070.23
2022,07053AA000,Santa Eugènia,ingres,2,74979.98,61443.33
2022,07053AA000,Santa Eugènia,ingres,3,360598.16,371930.86
2022,07053AA000,Santa Eugènia,ingres,8,589950.71,0
2022,07053AA000,Santa Eugènia,despesa,6,600509.84,293457.75
2022,07053AA000,Santa Eugènia,despesa,8,5000.00,0
2022,07053AA000,Santa Eugènia,ingres,5,14829.90,18751.47
2022,07064AA000,Castell (Es),despesa,1,4204079.51,4202673.17
2022,07064AA000,Castell (Es),despesa,6,5946547.12,2293272.40
2022,07064AA000,Castell (Es),ingres,3,642700.00,642696.82
2022,07064AA000,Castell (Es),ingres,8,4805320.12,0
2022,07064AA000,Castell (Es),despesa,2,2097000.00,1864839.56
2022,07064AA000,Castell (Es),ingres,1,4159922.34,3972540.96
2022,07064AA000,Castell (Es),despesa,7,387087.61,26569.96
2022,07064AA000,Castell (Es),despesa,3,31000.00,14400.20
2022,07064AA000,Castell (Es),despesa,9,438100.00,437688.06
2022,07064AA000,Castell (Es),ingres,7,1705547.50,368862.30
2022,07064AA000,Castell (Es),despesa,4,949016.72,650120.11
2022,07064AA000,Castell (Es),ingres,2,90000.00,159423.24
2022,07064AA000,Castell (Es),ingres,4,2649341.00,2916127.82
2022,07065AA000,Vilafranca de Bonany,ingres,9,252072.50,252072.50
2022,07065AA000,Vilafranca de Bonany,ingres,8,737856.08,0
2022,07065AA000,Vilafranca de Bonany,despesa,3,9000.00,6462.13
2022,07065AA000,Vilafranca de Bonany,despesa,6,745102.35,738275.04
2022,07065AA000,Vilafranca de Bonany,ingres,2,100000.00,184663.81
2022,07065AA000,Vilafranca de Bonany,ingres,5,1000.00,2107.91
2022,07065AA000,Vilafranca de Bonany,despesa,9,150350.00,136241.26
2022,07065AA000,Vilafranca de Bonany,ingres,1,863200.00,849665.15
2022,07065AA000,Vilafranca de Bonany,ingres,3,398576.18,395466.73
2022,07065AA000,Vilafranca de Bonany,ingres,7,428247.75,455282.81
2022,07065AA000,Vilafranca de Bonany,despesa,5,5000.00,0
2022,07065AA000,Vilafranca de Bonany,despesa,1,577149.59,558745.73
2022,07065AA000,Vilafranca de Bonany,despesa,2,1409390.44,1404233.54
2022,07065AA000,Vilafranca de Bonany,despesa,4,1005650.00,996687.02
2022,07065AA000,Vilafranca de Bonany,ingres,4,1120689.87,1308053.07
2022,07005AA000,Andratx,ingres,5,440500.00,565296.08
2022,07005AA000,Andratx,despesa,8,10000.00,0
2022,07005AA000,Andratx,despesa,3,31000.00,7397.91
2022,07005AA000,Andratx,despesa,6,10385655.31,1463821.81
2022,07005AA000,Andratx,despesa,7,165000.00,5218.91
2022,07005AA000,Andratx,despesa,1,9977803.52,8431883.08
2022,07005AA000,Andratx,despesa,2,13029213.45,10232459.89
2022,07005AA000,Andratx,ingres,2,2400000.00,2914892.94
2022,07005AA000,Andratx,despesa,4,1221489.00,590474.88
2022,07005AA000,Andratx,ingres,1,12486000.00,12793964.74
2022,07005AA000,Andratx,ingres,4,2840000.00,3654840.99
2022,07005AA000,Andratx,despesa,5,100.00,0
2022,07005AA000,Andratx,ingres,3,6153100.00,6381642.93
2022,07005AA000,Andratx,ingres,8,10577038.48,3333.36
2022,07005AA000,Andratx,ingres,7,0,192464.87
2022,07040AV001,Inst. M. l'Esport,ingres,3,4109929.51,3742277.68
2022,07040AV001,Inst. M. l'Esport,ingres,4,15900334.15,14142560.81
2022,07040AV001,Inst. M. l'Esport,despesa,3,24621.66,19621.66
2022,07040AV001,Inst. M. l'Esport,despesa,6,9049673.94,4982594.95
2022,07040AV001,Inst. M. l'Esport,despesa,4,220000.00,186243.36
2022,07040AV001,Inst. M. l'Esport,ingres,8,646088.94,36740.36
2022,07040AV001,Inst. M. l'Esport,ingres,5,171791.83,174265.02
2022,07040AV001,Inst. M. l'Esport,despesa,8,90000.00,27144.00
2022,07040AV001,Inst. M. l'Esport,despesa,1,5069217.00,4393565.72
2022,07040AV001,Inst. M. l'Esport,despesa,2,14370216.83,13459672.77
2022,07040AV001,Inst. M. l'Esport,ingres,7,7995585.00,4687818.46
2022,07040AV002,P. M. d'Escoles d'Infants,despesa,3,500.00,473.13
2022,07040AV002,P. M. d'Escoles d'Infants,despesa,6,4926086.57,150154.14
2022,07040AV002,P. M. d'Escoles d'Infants,despesa,1,4000760.71,3598282.10
2022,07040AV002,P. M. d'Escoles d'Infants,ingres,3,1009116.03,722653.22
2022,07040AV002,P. M. d'Escoles d'Infants,despesa,8,11000.00,0
2022,07040AV002,P. M. d'Escoles d'Infants,despesa,2,4166476.92,3643797.21
2022,07040AV002,P. M. d'Escoles d'Infants,despesa,4,400000.00,314912.20
2022,07040AV002,P. M. d'Escoles d'Infants,ingres,4,7558601.60,6839441.49
2022,07040AV002,P. M. d'Escoles d'Infants,ingres,7,4926086.57,150154.14
2022,07040AV002,P. M. d'Escoles d'Infants,ingres,8,11000.00,0
2022,07040AV002,P. M. d'Escoles d'Infants,ingres,5,20.00,0
2022,07040AV009,Inst. M. Form. Ocupacional i Feina,despesa,4,2625000.00,2598484.29
2022,07040AV009,Inst. M. Form. Ocupacional i Feina,despesa,2,1297733.23,667700.53
2022,07040AV009,Inst. M. Form. Ocupacional i Feina,ingres,5,6300.00,43974.84
2022,07040AV009,Inst. M. Form. Ocupacional i Feina,ingres,8,2261555.18,7315.12
2022,07040AV009,Inst. M. Form. Ocupacional i Feina,ingres,3,36000.00,6000.75
2022,07040AV009,Inst. M. Form. Ocupacional i Feina,ingres,7,176020.00,68112.48
2022,07040AV009,Inst. M. Form. Ocupacional i Feina,despesa,1,9738114.67,5244577.10
2022,07040AV009,Inst. M. Form. Ocupacional i Feina,despesa,8,20000.00,20000.00
2022,07040AV009,Inst. M. Form. Ocupacional i Feina,ingres,4,11321680.00,8412148.53
2022,07040AV009,Inst. M. Form. Ocupacional i Feina,despesa,3,1565.16,0
2022,07040AV009,Inst. M. Form. Ocupacional i Feina,despesa,6,119142.12,68112.48
2022,07059AA000,Salines (Ses),despesa,2,3519044.03,3153275.37
2022,07059AA000,Salines (Ses),despesa,1,3109776.91,2936995.83
2022,07059AA000,Salines (Ses),despesa,4,529207.16,370831.61
2022,07059AA000,Salines (Ses),ingres,2,329000.00,603617.65
2022,07059AA000,Salines (Ses),ingres,8,2313520.14,0
2022,07059AA000,Salines (Ses),ingres,4,1769263.07,1951617.71
2022,07059AA000,Salines (Ses),despesa,6,2759379.42,1161833.71
2022,07059AA000,Salines (Ses),ingres,1,3232500.00,3150854.39
2022,07059AA000,Salines (Ses),despesa,3,20000.00,19481.73
2022,07059AA000,Salines (Ses),despesa,7,87124.88,85844.65
2022,07059AA000,Salines (Ses),ingres,3,1790232.39,1866416.54
2022,07059AA000,Salines (Ses),ingres,7,415816.80,544749.49
2022,07059AA000,Salines (Ses),ingres,5,174200.00,233121.87
2022,07011AO001,"Inst. M. de Educación y Bibliotecas, IMEB -Calvià",despesa,4,668641.42,572604.96
2022,07011AO001,"Inst. M. de Educación y Bibliotecas, IMEB -Calvià",despesa,8,22000.00,1200.00
2022,07011AO001,"Inst. M. de Educación y Bibliotecas, IMEB -Calvià",ingres,4,7387445.92,7566711.38
2022,07011AO001,"Inst. M. de Educación y Bibliotecas, IMEB -Calvià",despesa,1,5394693.69,5393030.92
2022,07011AO001,"Inst. M. de Educación y Bibliotecas, IMEB -Calvià",despesa,6,1335666.33,1058644.70
2022,07011AO001,"Inst. M. de Educación y Bibliotecas, IMEB -Calvià",despesa,3,8600.00,409.98
2022,07011AO001,"Inst. M. de Educación y Bibliotecas, IMEB -Calvià",ingres,3,1506808.29,914852.87
2022,07011AO001,"Inst. M. de Educación y Bibliotecas, IMEB -Calvià",ingres,8,1596152.99,1200.00
2022,07011AO001,"Inst. M. de Educación y Bibliotecas, IMEB -Calvià",despesa,2,3060805.76,2665327.97
2022,07033AA000,Manacor,ingres,1,19343137.71,18510221.68
2022,07033AA000,Manacor,ingres,7,1401735.52,1190105.97
2022,07033AA000,Manacor,despesa,3,1744113.92,1739147.45
2022,07033AA000,Manacor,ingres,2,954962.05,1339143.80
2022,07033AA000,Manacor,ingres,4,14635117.00,14483855.26
2022,07033AA000,Manacor,despesa,7,1669168.23,601182.52
2022,07033AA000,Manacor,despesa,4,2137343.14,1651238.93
2022,07033AA000,Manacor,despesa,6,35018663.09,12605711.20
2022,07033AA000,Manacor,ingres,5,179643.96,103092.90
2022,07033AA000,Manacor,despesa,1,22118022.78,18940237.75
2022,07033AA000,Manacor,despesa,8,60100.00,60000.00
2022,07033AA000,Manacor,ingres,8,37347865.00,55959.79
2022,07033AA000,Manacor,despesa,2,20423077.71,18115938.07
2022,07033AA000,Manacor,ingres,3,10376169.55,12041664.76
2022,07033AO001,Institut Públic del Teatre Municipal,ingres,4,345000.00,352945.26
2022,07033AO001,Institut Públic del Teatre Municipal,despesa,6,50000.00,28749.96
2022,07033AO001,Institut Públic del Teatre Municipal,ingres,3,269841.64,285898.55
2022,07033AO001,Institut Públic del Teatre Municipal,ingres,8,39338.19,0
2022,07033AO001,Institut Públic del Teatre Municipal,despesa,2,654179.83,565296.05
2022,07033AO001,Institut Públic del Teatre Municipal,ingres,7,50000.00,50000.00
2022,07033AO002,Institució Pública Antoni M. Alcover,ingres,4,108500.00,69000.00
2022,07033AO002,Institució Pública Antoni M. Alcover,despesa,2,69000.00,67580.08
2022,07033AO002,Institució Pública Antoni M. Alcover,despesa,6,5000.00,3192.47
2022,07033AO002,Institució Pública Antoni M. Alcover,ingres,7,5000.00,5000.00
2022,07033AO002,Institució Pública Antoni M. Alcover,despesa,1,39500.00,0
2022,07044AA000,Pobla (Sa),ingres,1,4751797.08,4729069.72
2022,07044AA000,Pobla (Sa),ingres,7,511442.29,127379.91
2022,07044AA000,Pobla (Sa),ingres,3,3755042.76,4068165.28
2022,07044AA000,Pobla (Sa),ingres,2,430000.00,329639.24
2022,07044AA000,Pobla (Sa),despesa,9,401309.12,400808.68
2022,07044AA000,Pobla (Sa),ingres,5,16671.16,31403.45
2022,07044AA000,Pobla (Sa),despesa,3,31441.39,26554.40
2022,07044AA000,Pobla (Sa),despesa,4,390331.39,281745.85
2022,07044AA000,Pobla (Sa),despesa,2,6721196.18,6283265.99
2022,07044AA000,Pobla (Sa),despesa,6,2137982.02,1228715.09
2022,07044AA000,Pobla (Sa),despesa,5,5000.00,0
2022,07044AA000,Pobla (Sa),despesa,1,5860104.76,5710860.41
2022,07044AA000,Pobla (Sa),despesa,7,38814.69,38214.69
2022,07044AA000,Pobla (Sa),ingres,4,4368362.08,4879853.85
2022,07044AA000,Pobla (Sa),ingres,8,1752864.18,0
2022,07042AA000,Pollença,ingres,2,1000040.00,1341717.01
2022,07042AA000,Pollença,despesa,1,11374275.90,10256853.43
2022,07042AA000,Pollença,ingres,1,10525000.00,11830788.77
2022,07042AA000,Pollença,despesa,3,50000.00,45805.65
2022,07042AA000,Pollença,despesa,7,513000.00,0
2022,07042AA000,Pollença,despesa,6,23197006.80,3881036.75
2022,07042AA000,Pollença,ingres,3,6873630.00,8632492.49
2022,07042AA000,Pollença,ingres,4,5682482.37,6104012.46
2022,07042AA000,Pollença,ingres,7,1278318.69,318993.74
2022,07042AA000,Pollença,despesa,4,4118113.23,3782436.09
2022,07042AA000,Pollença,ingres,8,23926078.07,0
2022,07042AA000,Pollença,ingres,5,38100.00,17522.26
2022,07042AA000,Pollença,despesa,2,10068606.54,8622492.68
2022,07043AA000,Porreres,ingres,7,627563.29,522598.48
2022,07043AA000,Porreres,despesa,4,429400.00,349573.65
2022,07043AA000,Porreres,despesa,1,1536373.06,1279641.16
2022,07043AA000,Porreres,ingres,1,1877481.60,1866647.34
2022,07043AA000,Porreres,ingres,5,15000.00,23781.45
2022,07043AA000,Porreres,despesa,6,2749028.29,1085405.98
2022,07043AA000,Porreres,ingres,3,243851.17,299608.46
2022,07043AA000,Porreres,ingres,8,2062302.74,0
2022,07043AA000,Porreres,despesa,3,10000.00,9662.79
2022,07043AA000,Porreres,despesa,2,2241052.74,2082424.99
2022,07043AA000,Porreres,ingres,2,301021.90,241157.81
2022,07043AA000,Porreres,ingres,4,1838633.39,2356940.17
2022,07001DD000,Consejo Insular de Ibiza,despesa,1,36935659.12,35827045.88
2022,07001DD000,Consejo Insular de Ibiza,ingres,3,7967870.82,8094775.01
2022,07001DD000,Consejo Insular de Ibiza,despesa,3,567337.69,443240.39
2022,07001DD000,Consejo Insular de Ibiza,ingres,9,200000.00,105388.98
2022,07001DD000,Consejo Insular de Ibiza,despesa,9,70000.00,56219.41
2022,07001DD000,Consejo Insular de Ibiza,ingres,7,26340117.96,26754840.67
2022,07001DD000,Consejo Insular de Ibiza,despesa,8,250000.00,107031.94
2022,07001DD000,Consejo Insular de Ibiza,ingres,8,42719979.15,126703.26
2022,07001DD000,Consejo Insular de Ibiza,despesa,4,37516385.69,29377716.23
2022,07001DD000,Consejo Insular de Ibiza,despesa,6,40286964.21,17292333.99
2022,07001DD000,Consejo Insular de Ibiza,ingres,1,3180530.00,2957393.06
2022,07001DD000,Consejo Insular de Ibiza,ingres,4,74137142.66,76074368.74
2022,07001DD000,Consejo Insular de Ibiza,ingres,5,0,51894.12
2022,07001DD000,Consejo Insular de Ibiza,despesa,5,75521.47,0
2022,07001DD000,Consejo Insular de Ibiza,despesa,7,14400790.57,4628965.97
2022,07001DD000,Consejo Insular de Ibiza,ingres,2,3649350.00,2987007.15
2022,07001DD000,Consejo Insular de Ibiza,despesa,2,28092331.84,19041997.95
2022,07002DD000,Consejo Insular de Mallorca,despesa,8,576569.59,576569.59
2022,07002DD000,Consejo Insular de Mallorca,ingres,8,576569.59,576569.59
2022,07002DD000,Consejo Insular de Mallorca,despesa,2,49658518.89,49658518.89
2022,07002DD000,Consejo Insular de Mallorca,despesa,3,788714.71,788714.71
2022,07002DD000,Consejo Insular de Mallorca,despesa,4,257982724.47,257982724.47
2022,07002DD000,Consejo Insular de Mallorca,despesa,7,44575649.86,44575649.86
2022,07002DD000,Consejo Insular de Mallorca,ingres,7,64751932.81,64751932.81
2022,07002DD000,Consejo Insular de Mallorca,ingres,2,23430348.81,23430348.81
2022,07002DD000,Consejo Insular de Mallorca,despesa,1,85030844.60,85030844.60
2022,07002DD000,Consejo Insular de Mallorca,despesa,6,39220656.48,39220656.48
2022,07002DD000,Consejo Insular de Mallorca,ingres,3,20799427.06,20799427.06
2022,07002DD000,Consejo Insular de Mallorca,ingres,5,1989795.76,1989795.76
2022,07002DD000,Consejo Insular de Mallorca,ingres,1,17185143.40,17185143.40
2022,07002DD000,Consejo Insular de Mallorca,ingres,4,376812092.50,376812092.50
2022,07002DV001,Inst. l'Esport Hipic,despesa,1,1001466.12,1001466.12
2022,07002DV001,Inst. l'Esport Hipic,despesa,2,844930.86,844930.86
2022,07002DV001,Inst. l'Esport Hipic,despesa,3,29.17,29.17
2022,07002DV001,Inst. l'Esport Hipic,despesa,6,646589.64,646589.64
2022,07002DV001,Inst. l'Esport Hipic,despesa,4,971185.79,971185.79
2022,07002DV001,Inst. l'Esport Hipic,despesa,8,2279.88,2279.88
2022,07002DV001,Inst. l'Esport Hipic,ingres,3,254407.17,254407.17
2022,07002DV001,Inst. l'Esport Hipic,ingres,8,2279.88,2279.88
2022,07002DV001,Inst. l'Esport Hipic,ingres,7,2150000.00,2150000.00
2022,07002DV001,Inst. l'Esport Hipic,ingres,4,2702391.35,2702391.35
2022,07002DV001,Inst. l'Esport Hipic,ingres,5,150501.79,150501.79
2022,07002DV003,Inst.  Mallorquí d'Afers Socials,ingres,5,14679.86,14679.86
2022,07002DV003,Inst.  Mallorquí d'Afers Socials,despesa,2,121358270.07,121358270.07
2022,07002DV003,Inst.  Mallorquí d'Afers Socials,despesa,1,88929368.35,88929368.35
2022,07002DV003,Inst.  Mallorquí d'Afers Socials,despesa,7,577189.94,577189.94
2022,07002DV003,Inst.  Mallorquí d'Afers Socials,ingres,4,224967893.24,224967893.24
2022,07002DV003,Inst.  Mallorquí d'Afers Socials,ingres,8,62699.14,62699.14
2022,07002DV003,Inst.  Mallorquí d'Afers Socials,despesa,3,5915.58,5915.58
2022,07002DV003,Inst.  Mallorquí d'Afers Socials,despesa,8,62699.14,62699.14
2022,07002DV003,Inst.  Mallorquí d'Afers Socials,despesa,6,4317925.16,4317925.16
2022,07002DV003,Inst.  Mallorquí d'Afers Socials,ingres,7,6746732.07,6746732.07
2022,07002DV003,Inst.  Mallorquí d'Afers Socials,despesa,4,28017288.82,28017288.82
2022,07002DV003,Inst.  Mallorquí d'Afers Socials,ingres,3,6335717.70,6335717.70
2022,07002DO001,Agència  Protecció Legalitat Urbanística i Territorial de Mallorca,despesa,1,2335517.41,2335517.41
2022,07002DO001,Agència  Protecció Legalitat Urbanística i Territorial de Mallorca,despesa,2,220749.84,220749.84
2022,07002DO001,Agència  Protecció Legalitat Urbanística i Territorial de Mallorca,ingres,3,6964258.47,6964258.47
2022,07002DO001,Agència  Protecció Legalitat Urbanística i Territorial de Mallorca,ingres,4,740000.00,740000.00
2022,07002DO001,Agència  Protecció Legalitat Urbanística i Territorial de Mallorca,despesa,6,10015.82,10015.82
2022,07010AE001,Palmanyola,ingres,5,20060.00,17099.19
2022,07010AE001,Palmanyola,despesa,4,1870.00,1870.00
2022,07010AE001,Palmanyola,ingres,7,237612.83,0
2022,07010AE001,Palmanyola,despesa,6,382673.12,78601.58
2022,07010AE001,Palmanyola,despesa,1,333501.04,325079.88
2022,07010AE001,Palmanyola,ingres,3,50004.89,58844.87
2022,07010AE001,Palmanyola,ingres,4,648817.58,889393.57
2022,07010AE001,Palmanyola,ingres,8,126680.40,0
2022,07010AE001,Palmanyola,despesa,2,365131.54,353392.40
2022,07061AA000,Sóller,ingres,8,7915540.91,0
2022,07061AA000,Sóller,ingres,1,8557450.44,8104180.31
2022,07061AA000,Sóller,ingres,7,2384428.59,2373964.29
2022,07061AA000,Sóller,ingres,2,990000.00,839836.89
2022,07061AA000,Sóller,ingres,3,4113919.97,4016579.87
2022,07061AA000,Sóller,ingres,4,4911554.84,5139547.59
2022,07061AA000,Sóller,despesa,4,459863.00,342089.55
2022,07061AA000,Sóller,despesa,1,8177576.83,6441023.59
2022,07061AA000,Sóller,despesa,3,288925.03,66322.62
2022,07061AA000,Sóller,despesa,7,1028366.50,192332.75
2022,07061AA000,Sóller,despesa,6,9544197.94,2209490.14
2022,07061AA000,Sóller,despesa,9,330000.00,328867.06
2022,07061AA000,Sóller,ingres,5,181643.24,245074.37
2022,07061AA000,Sóller,despesa,2,9225608.69,6655215.40
2022,07063AA000,Valldemossa,ingres,8,2317407.68,0
2022,07063AA000,Valldemossa,ingres,3,1613031.80,1611784.61
2022,07063AA000,Valldemossa,ingres,2,200000.00,69989.65
2022,07063AA000,Valldemossa,despesa,9,265000.00,265000.00
2022,07063AA000,Valldemossa,despesa,1,1842947.23,1517850.32
2022,07063AA000,Valldemossa,despesa,2,2037487.12,1615570.43
2022,07063AA000,Valldemossa,ingres,1,1466779.94,1861822.86
2022,07063AA000,Valldemossa,ingres,4,614561.34,738992.02
2022,07063AA000,Valldemossa,despesa,7,120000.00,0
2022,07063AA000,Valldemossa,despesa,3,11690.16,9534.42
2022,07063AA000,Valldemossa,despesa,4,113310.00,28878.39
2022,07063AA000,Valldemossa,despesa,6,2819168.61,667550.60
2022,07063AA000,Valldemossa,ingres,5,10000.00,9421.81
2022,07063AA000,Valldemossa,ingres,7,987822.36,133729.64
2022,07003DV002,Consell Economic i Social,despesa,2,13250.00,0
2022,07003DV002,Consell Economic i Social,ingres,4,27250.00,14000.00
2022,07003DV002,Consell Economic i Social,despesa,4,14000.00,14000.00
2022,07002MM000,Mc. Pla de Mallorca,ingres,8,47170.24,0
2022,07002MM000,Mc. Pla de Mallorca,despesa,2,9667549.91,5404324.70
2022,07002MM000,Mc. Pla de Mallorca,ingres,4,15833451.42,12090744.99
2022,07002MM000,Mc. Pla de Mallorca,despesa,1,1045063.98,982544.79
2022,07002MM000,Mc. Pla de Mallorca,despesa,6,5402882.58,214046.45
2022,07002MM000,Mc. Pla de Mallorca,ingres,3,1345800.00,1130195.89
2022,07002MM000,Mc. Pla de Mallorca,despesa,3,15000.00,14973.63
2022,07002MM000,Mc. Pla de Mallorca,despesa,4,1095925.19,261112.17
2022,07003MM000,Mc. Migjorn de Mallorca,ingres,8,567701.65,0
2022,07003MM000,Mc. Migjorn de Mallorca,despesa,2,806270.33,734616.77
2022,07003MM000,Mc. Migjorn de Mallorca,despesa,4,600.00,360.00
2022,07003MM000,Mc. Migjorn de Mallorca,despesa,6,337330.95,96466.03
2022,07003MM000,Mc. Migjorn de Mallorca,ingres,5,50.00,0
2022,07003MM000,Mc. Migjorn de Mallorca,despesa,1,765368.20,663104.35
2022,07003MM000,Mc. Migjorn de Mallorca,ingres,7,33098.20,33098.20
2022,07003MM000,Mc. Migjorn de Mallorca,ingres,3,1336980.00,1748211.11
2022,07003MM000,Mc. Migjorn de Mallorca,despesa,3,28260.37,18230.33
2022,07014AA000,Capdepera,despesa,1,7871887.11,6800086.17
2022,07014AA000,Capdepera,despesa,4,771316.49,543550.84
2022,07014AA000,Capdepera,despesa,2,13137933.66,12007225.49
2022,07014AA000,Capdepera,ingres,5,1321000.00,1440367.61
2022,07014AA000,Capdepera,despesa,3,28398.05,28356.88
2022,07014AA000,Capdepera,ingres,3,6285750.00,7006280.41
2022,07014AA000,Capdepera,ingres,4,3298157.00,3745210.69
2022,07014AA000,Capdepera,despesa,6,7229395.91,4815418.50
2022,07014AA000,Capdepera,ingres,8,6590390.82,0
2022,07014AA000,Capdepera,ingres,1,10220000.00,11585432.94
2022,07014AA000,Capdepera,ingres,2,1001000.00,860110.53
2022,07014AA000,Capdepera,ingres,7,322633.40,-17339.43
2022,07016AA000,Consell,ingres,1,1189236.51,1225490.54
2022,07016AA000,Consell,despesa,1,1483355.13,1257910.83
2022,07016AA000,Consell,ingres,8,3799177.52,0
2022,07016AA000,Consell,despesa,3,24950.00,22547.53
2022,07016AA000,Consell,ingres,3,1054566.81,1383952.96
2022,07016AA000,Consell,despesa,2,1628165.79,1534333.84
2022,07016AA000,Consell,despesa,4,482139.29,424132.40
2022,07016AA000,Consell,despesa,6,4510802.82,2631165.47
2022,07016AA000,Consell,ingres,2,100000.00,256950.41
2022,07016AA000,Consell,ingres,7,494692.92,494692.92
2022,07016AA000,Consell,ingres,4,1455645.23,1539263.74
2022,07016AA000,Consell,ingres,5,36094.04,45447.09
2022,07032AA000,Maó,ingres,3,6397933.00,5826765.10
2022,07032AA000,Maó,despesa,2,16132127.42,11880060.54
2022,07032AA000,Maó,ingres,2,322530.00,250315.45
2022,07032AA000,Maó,ingres,7,3463478.68,388301.17
2022,07032AA000,Maó,despesa,1,17124695.98,16919273.61
2022,07032AA000,Maó,ingres,1,18231000.00,18047578.75
2022,07032AA000,Maó,ingres,9,6000000.00,6000000.00
2022,07032AA000,Maó,ingres,6,700000.00,0
2022,07032AA000,Maó,despesa,3,158558.07,114725.57
2022,07032AA000,Maó,despesa,4,6478820.32,5212029.19
2022,07032AA000,Maó,ingres,4,12223149.91,13656963.76
2022,07032AA000,Maó,ingres,5,237500.00,365371.88
2022,07032AA000,Maó,ingres,8,9663896.93,20950.00
2022,07032AA000,Maó,despesa,6,15075649.11,5087861.50
2022,07032AA000,Maó,despesa,7,1510978.62,693024.75
2022,07032AA000,Maó,despesa,8,60000.00,20950.00
2022,07032AA000,Maó,despesa,9,698659.00,698657.95
2022,07055AA000,Santa Margalida,ingres,5,830960.00,562874.34
2022,07055AA000,Santa Margalida,despesa,6,14525837.21,3631467.34
2022,07055AA000,Santa Margalida,despesa,3,20040.00,9870.15
2022,07055AA000,Santa Margalida,ingres,2,240000.00,658753.94
2022,07055AA000,Santa Margalida,ingres,8,10854545.54,0
2022,07055AA000,Santa Margalida,despesa,4,478650.45,274904.04
2022,07055AA000,Santa Margalida,ingres,3,3817420.00,5210225.65
2022,07055AA000,Santa Margalida,ingres,7,2465524.51,407537.73
2022,07055AA000,Santa Margalida,despesa,1,6122707.58,4995292.26
2022,07055AA000,Santa Margalida,ingres,1,6898850.00,6854830.47
2022,07055AA000,Santa Margalida,despesa,2,7587798.36,7002444.74
2022,07055AA000,Santa Margalida,ingres,4,3627733.55,4246023.62
2022,07040AA000,Palma,ingres,2,33089552.77,34022774.33
2022,07040AA000,Palma,ingres,3,110605221.38,126429388.60
2022,07040AA000,Palma,ingres,5,4664370.39,2310053.38
2022,07040AA000,Palma,ingres,4,106202324.35,113045959.12
2022,07040AA000,Palma,despesa,9,32546213.87,32546213.85
2022,07040AA000,Palma,ingres,1,195816830.62,187497066.23
2022,07040AA000,Palma,ingres,7,6890683.97,28793356.10
2022,07040AA000,Palma,despesa,4,120752506.37,110319539.13
2022,07040AA000,Palma,despesa,1,169876415.15,159384485.78
2022,07040AA000,Palma,despesa,7,35973472.72,17892190.47
2022,07040AA000,Palma,despesa,2,144932918.26,122807235.12
2022,07040AA000,Palma,despesa,3,9665618.08,2860522.42
2022,07040AA000,Palma,despesa,6,82665975.56,27461024.12
2022,07040AA000,Palma,ingres,8,116726360.10,4802484.81
2022,07040AA000,Palma,despesa,5,54932.36,0
2022,07040AA000,Palma,ingres,9,28672708.79,24367545.52
2022,07040AA000,Palma,despesa,8,6200000.00,6124240.00
2022,07040AV004,P. M. l'Habitatge,despesa,2,482200.00,447516.14
2022,07040AV004,P. M. l'Habitatge,despesa,7,1549947.42,278364.32
2022,07040AV004,P. M. l'Habitatge,ingres,3,96006.00,131840.51
2022,07040AV004,P. M. l'Habitatge,despesa,6,1757086.17,185837.39
2022,07040AV004,P. M. l'Habitatge,despesa,8,40000.00,10000.00
2022,07040AV004,P. M. l'Habitatge,despesa,1,2060599.92,1520831.17
2022,07040AV004,P. M. l'Habitatge,ingres,4,1653264.09,935126.72
2022,07040AV004,P. M. l'Habitatge,ingres,7,3307033.59,464201.71
2022,07040AV004,P. M. l'Habitatge,despesa,4,17000.00,3345.43
2022,07040AV004,P. M. l'Habitatge,despesa,3,11000.00,0
2022,07040AV004,P. M. l'Habitatge,ingres,5,850000.00,932909.25
2022,07040AV004,P. M. l'Habitatge,ingres,8,11529.83,12737.45
2022,07040AV006,Instituto Municipal Innovación  (IMI),despesa,1,5072817.10,4156353.76
2022,07040AV006,Instituto Municipal Innovación  (IMI),ingres,3,2893.00,2177.36
2022,07040AV006,Instituto Municipal Innovación  (IMI),despesa,6,1363741.95,531738.51
2022,07040AV006,Instituto Municipal Innovación  (IMI),ingres,5,50.00,0
2022,07040AV006,Instituto Municipal Innovación  (IMI),ingres,4,6747049.83,4793187.00
2022,07040AV006,Instituto Municipal Innovación  (IMI),despesa,2,1675175.73,637307.81
2022,07040AV006,Instituto Municipal Innovación  (IMI),despesa,3,2000.00,800.29
2022,07040AV006,Instituto Municipal Innovación  (IMI),despesa,8,60000.00,22755.92
2022,07040AV006,Instituto Municipal Innovación  (IMI),ingres,7,1363741.95,531738.51
2022,07040AV006,Instituto Municipal Innovación  (IMI),ingres,8,60000.00,21854.09
2022,07062AA000,Son Servera,ingres,1,8277622.52,8173016.19
2022,07062AA000,Son Servera,despesa,3,38435.43,27813.93
2022,07062AA000,Son Servera,despesa,4,566851.70,347995.08
2022,07062AA000,Son Servera,despesa,2,8696286.72,7915674.22
2022,07062AA000,Son Servera,despesa,8,60000.00,48000.00
2022,07062AA000,Son Servera,ingres,3,3650433.98,3875529.01
2022,07062AA000,Son Servera,ingres,4,3344479.14,3913501.01
2022,07062AA000,Son Servera,ingres,5,630196.99,564726.25
2022,07062AA000,Son Servera,despesa,7,12000.00,11694.40
2022,07062AA000,Son Servera,ingres,7,851459.61,667885.00
2022,07062AA000,Son Servera,despesa,1,6769563.87,6344382.12
2022,07062AA000,Son Servera,ingres,2,338742.52,125117.87
2022,07062AA000,Son Servera,despesa,6,4338046.68,1623261.35
2022,07062AA000,Son Servera,despesa,9,728160.39,628160.40
2022,07062AA000,Son Servera,ingres,8,4116410.03,48000.00
2022,07003AA000,Alcúdia,ingres,1,16287100.00,18007379.64
2022,07003AA000,Alcúdia,despesa,1,11919720.43,10162665.04
2022,07003AA000,Alcúdia,despesa,6,12963104.26,623724.68
2022,07003AA000,Alcúdia,ingres,3,6334760.00,9895562.95
2022,07003AA000,Alcúdia,ingres,4,5905616.90,7004512.71
2022,07003AA000,Alcúdia,despesa,2,15834143.83,12694911.17
2022,07003AA000,Alcúdia,despesa,3,301000.00,267938.05
2022,07003AA000,Alcúdia,despesa,4,3365470.95,2030899.10
2022,07003AA000,Alcúdia,ingres,8,11673721.25,0
2022,07003AA000,Alcúdia,ingres,2,500000.00,1359033.83
2022,07003AA000,Alcúdia,ingres,7,3165414.82,1551092.71
2022,07003AA000,Alcúdia,despesa,7,252432.50,78956.78
2022,07003AA000,Alcúdia,ingres,5,769259.00,1373041.66
2022,07039AA000,Muro,despesa,4,336035.91,284045.85
2022,07039AA000,Muro,despesa,7,47609.70,22404.46
2022,07039AA000,Muro,ingres,8,4252105.24,0
2022,07039AA000,Muro,ingres,5,1748132.14,1688796.01
2022,07039AA000,Muro,ingres,2,350000.00,390821.86
2022,07039AA000,Muro,despesa,1,5104244.06,4816387.84
2022,07039AA000,Muro,despesa,2,7546880.56,6864328.77
2022,07039AA000,Muro,ingres,3,4089761.23,4147740.50
2022,07039AA000,Muro,ingres,4,2488431.63,2763163.55
2022,07039AA000,Muro,ingres,1,4568728.06,4602723.36
2022,07039AA000,Muro,despesa,3,24212.40,20899.95
2022,07039AA000,Muro,despesa,6,5971350.07,2747449.04
2022,07039AA000,Muro,ingres,7,1533174.40,751448.11
2022,07033AV002,P. l'Escola M. de Mallorqui,ingres,4,85200.00,85200.00
2022,07033AV002,P. l'Escola M. de Mallorqui,ingres,3,19000.00,26094.87
2022,07033AV002,P. l'Escola M. de Mallorqui,despesa,6,4500.00,0
2022,07033AV002,P. l'Escola M. de Mallorqui,ingres,7,4500.00,4500.00
2022,07033AV002,P. l'Escola M. de Mallorqui,despesa,3,31.00,0
2022,07033AV002,P. l'Escola M. de Mallorqui,despesa,2,104169.00,103850.36
2022,07901AA000,Ariany,despesa,4,147414.65,130000.88
2022,07901AA000,Ariany,despesa,2,541989.50,532786.12
2022,07901AA000,Ariany,ingres,8,849463.06,0
2022,07901AA000,Ariany,ingres,3,192235.00,185420.42
2022,07901AA000,Ariany,despesa,1,311158.34,311057.44
2022,07901AA000,Ariany,ingres,1,385000.00,376377.41
2022,07901AA000,Ariany,ingres,7,1047830.58,1467317.23
2022,07901AA000,Ariany,ingres,2,30000.00,72011.08
2022,07901AA000,Ariany,despesa,6,1861139.68,984847.57
2022,07901AA000,Ariany,ingres,4,359763.53,420348.79
2022,07901AA000,Ariany,ingres,5,20.00,0
2022,07901AA000,Ariany,despesa,3,2610.00,1843.68
2022,07015AA000,Ciutadella de Menorca,despesa,3,310585.04,227687.84
2022,07015AA000,Ciutadella de Menorca,ingres,3,9462672.00,9703185.71
2022,07015AA000,Ciutadella de Menorca,despesa,9,246709.18,246709.18
2022,07015AA000,Ciutadella de Menorca,ingres,7,2006708.31,179154.54
2022,07015AA000,Ciutadella de Menorca,despesa,6,13107928.91,3785635.52
2022,07015AA000,Ciutadella de Menorca,ingres,1,14620000.00,15193223.07
2022,07015AA000,Ciutadella de Menorca,despesa,2,18829043.87,14219100.92
2022,07015AA000,Ciutadella de Menorca,ingres,2,1203300.00,2461359.21
2022,07015AA000,Ciutadella de Menorca,ingres,4,10459259.56,11599659.97
2022,07015AA000,Ciutadella de Menorca,ingres,8,13334254.44,0
2022,07015AA000,Ciutadella de Menorca,despesa,7,493237.34,450930.85
2022,07015AA000,Ciutadella de Menorca,ingres,5,397507.51,475093.39
2022,07015AA000,Ciutadella de Menorca,despesa,5,616.86,0
2022,07015AA000,Ciutadella de Menorca,despesa,1,14217510.99,12095072.31
2022,07015AA000,Ciutadella de Menorca,despesa,4,65756753.42,5593905.96
2022,07015AV002,Hospital Municipal,despesa,1,2492547.55,2570582.86
2022,07015AV002,Hospital Municipal,ingres,3,720520.00,936281.32
2022,07015AV002,Hospital Municipal,despesa,2,1097296.97,848493.98
2022,07015AV002,Hospital Municipal,despesa,6,10000.00,24931.76
2022,07015AV002,Hospital Municipal,ingres,7,10000.00,0
2022,07015AV002,Hospital Municipal,ingres,4,2204993.12,2230292.54
2022,07015AV002,Hospital Municipal,ingres,5,38125.00,91444.68
2022,07023AA000,Ferreries,ingres,8,2079297.11,12624.00
2022,07023AA000,Ferreries,ingres,1,2149000.00,2226326.01
2022,07023AA000,Ferreries,despesa,7,36500.00,0
2022,07023AA000,Ferreries,despesa,2,3735254.39,3402861.32
2022,07023AA000,Ferreries,despesa,3,24500.00,23826.07
2022,07023AA000,Ferreries,despesa,4,465288.31,406398.91
2022,07023AA000,Ferreries,despesa,8,40000.00,12624.00
2022,07023AA000,Ferreries,despesa,5,834.52,0
2022,07023AA000,Ferreries,despesa,6,2300801.80,467534.37
2022,07023AA000,Ferreries,ingres,2,85000.00,124574.46
2022,07023AA000,Ferreries,ingres,3,1074825.44,1134186.61
2022,07023AA000,Ferreries,ingres,5,876360.00,876374.40
2022,07023AA000,Ferreries,despesa,1,2781517.96,2457968.89
2022,07023AA000,Ferreries,ingres,4,2409548.75,2579956.59
2022,07023AA000,Ferreries,ingres,7,710665.68,697604.23
2022,07051AA000,Sant Llorenç des Cardassar,despesa,3,81467.18,48893.08
2022,07051AA000,Sant Llorenç des Cardassar,despesa,2,5601089.15,4592689.14
2022,07051AA000,Sant Llorenç des Cardassar,ingres,6,0,4350.00
2022,07051AA000,Sant Llorenç des Cardassar,ingres,3,4491000.00,6220318.17
2022,07051AA000,Sant Llorenç des Cardassar,ingres,7,426322.77,611014.98
2022,07051AA000,Sant Llorenç des Cardassar,despesa,8,11840.00,11840.00
2022,07051AA000,Sant Llorenç des Cardassar,despesa,6,16978729.00,2883477.69
2022,07051AA000,Sant Llorenç des Cardassar,ingres,4,2975592.54,3001505.81
2022,07051AA000,Sant Llorenç des Cardassar,ingres,8,18630392.36,11840.00
2022,07051AA000,Sant Llorenç des Cardassar,despesa,1,6029951.40,5755904.31
2022,07051AA000,Sant Llorenç des Cardassar,despesa,4,5305230.94,4968172.72
2022,07051AA000,Sant Llorenç des Cardassar,despesa,9,2885000.00,2875317.74
2022,07051AA000,Sant Llorenç des Cardassar,ingres,2,752000.00,1564826.18
2022,07051AA000,Sant Llorenç des Cardassar,despesa,7,300000.00,300000.00
2022,07051AA000,Sant Llorenç des Cardassar,ingres,1,9350000.00,9140384.70
2022,07051AA000,Sant Llorenç des Cardassar,ingres,5,568000.00,53579.95
2022,07052AA000,Sant Lluís,ingres,8,4484721.19,12363.70
2022,07052AA000,Sant Lluís,ingres,9,90.75,0
2022,07052AA000,Sant Lluís,ingres,4,2827570.14,2482841.76
2022,07052AA000,Sant Lluís,despesa,2,4634015.12,3797496.52
2022,07052AA000,Sant Lluís,despesa,4,1170607.46,669291.80
2022,07052AA000,Sant Lluís,ingres,3,2226900.00,2450970.38
2022,07052AA000,Sant Lluís,ingres,5,398150.00,351225.68
2022,07052AA000,Sant Lluís,despesa,5,44348.55,0
2022,07052AA000,Sant Lluís,ingres,1,5404500.00,5581819.63
2022,07052AA000,Sant Lluís,despesa,6,4708578.95,930475.62
2022,07052AA000,Sant Lluís,ingres,7,1666196.64,193795.12
2022,07052AA000,Sant Lluís,despesa,1,5592503.63,4850889.56
2022,07052AA000,Sant Lluís,ingres,2,347000.00,492766.49
2022,07052AA000,Sant Lluís,despesa,3,254000.00,248222.47
2022,07052AA000,Sant Lluís,despesa,7,269375.01,220135.49
2022,07052AA000,Sant Lluís,despesa,8,18000.00,12363.70
2022,07052AA000,Sant Lluís,despesa,9,663700.00,663448.34
2022,07054AA000,Santa Eulària des Riu,despesa,6,24919599.77,8851537.23
2022,07054AA000,Santa Eulària des Riu,ingres,5,449683.61,451307.24
2022,07054AA000,Santa Eulària des Riu,ingres,1,18864143.28,19847905.70
2022,07054AA000,Santa Eulària des Riu,despesa,7,316500.00,158593.38
2022,07054AA000,Santa Eulària des Riu,ingres,7,2657880.96,2605485.21
2022,07054AA000,Santa Eulària des Riu,despesa,1,12876510.53,11486941.95
2022,07054AA000,Santa Eulària des Riu,despesa,3,66010.00,7578.70
2022,07054AA000,Santa Eulària des Riu,ingres,3,12118670.00,12851740.81
2022,07054AA000,Santa Eulària des Riu,despesa,4,4081316.58,2887991.14
2022,07054AA000,Santa Eulària des Riu,ingres,2,5000260.00,7374588.20
2022,07054AA000,Santa Eulària des Riu,ingres,8,21092776.85,13388.63
2022,07054AA000,Santa Eulària des Riu,ingres,6,20.00,0
2022,07054AA000,Santa Eulària des Riu,ingres,9,20.00,0
2022,07054AA000,Santa Eulària des Riu,despesa,2,29886804.97,25865619.20
2022,07054AA000,Santa Eulària des Riu,despesa,8,15020.00,12000.00
2022,07054AA000,Santa Eulària des Riu,ingres,4,11978307.15,12634416.57
2022,07056AA000,Santa María del Camí,ingres,4,3045438.54,2814650.54
2022,07056AA000,Santa María del Camí,ingres,2,228000.00,234374.96
2022,07056AA000,Santa María del Camí,ingres,7,14999.99,14999.99
2022,07056AA000,Santa María del Camí,ingres,8,4507006.23,0
2022,07056AA000,Santa María del Camí,despesa,2,3175953.18,3002206.02
2022,07056AA000,Santa María del Camí,despesa,4,1035956.46,879315.16
2022,07056AA000,Santa María del Camí,ingres,3,2104087.38,1701111.21
2022,07056AA000,Santa María del Camí,despesa,6,3810087.72,1272517.36
2022,07056AA000,Santa María del Camí,despesa,1,4354216.88,3883859.03
2022,07056AA000,Santa María del Camí,ingres,1,2476657.10,2356970.00
2022,07056AA000,Santa María del Camí,ingres,5,25.00,0
2022,07056AV001,P. Res. Pers. Majors. Cas Metge Rei,despesa,6,55000.00,44706.72
2022,07056AV001,P. Res. Pers. Majors. Cas Metge Rei,ingres,3,489399.00,498730.66
2022,07056AV001,P. Res. Pers. Majors. Cas Metge Rei,ingres,4,678484.19,623132.38
2022,07056AV001,P. Res. Pers. Majors. Cas Metge Rei,ingres,5,1.00,0
2022,07056AV001,P. Res. Pers. Majors. Cas Metge Rei,despesa,1,839653.64,831774.22
2022,07056AV001,P. Res. Pers. Majors. Cas Metge Rei,despesa,2,273030.55,272118.78
2022,07057AA000,Santanyí,ingres,4,3778362.06,4631481.01
2022,07057AA000,Santanyí,despesa,4,3403782.70,3076133.84
2022,07057AA000,Santanyí,despesa,2,11371177.14,8522491.17
2022,07057AA000,Santanyí,despesa,6,19649320.61,5058326.37
2022,07057AA000,Santanyí,ingres,3,4970996.36,5829255.89
2022,07057AA000,Santanyí,ingres,8,21284038.88,0
2022,07057AA000,Santanyí,ingres,1,10707765.81,11538995.06
2022,07057AA000,Santanyí,ingres,2,1065000.00,1832068.82
2022,07057AA000,Santanyí,despesa,1,8660753.71,7940350.93
2022,07057AA000,Santanyí,despesa,3,58000.00,51324.23
2022,07057AA000,Santanyí,ingres,5,659556.16,1045999.12
2022,07057AA000,Santanyí,despesa,7,331191.42,331191.42
2022,07057AA000,Santanyí,ingres,7,1008506.31,161982.86
2022,07003DD000,Consejo Insular de Menorca,ingres,4,74891948.07,73823270.75
2022,07003DD000,Consejo Insular de Menorca,despesa,6,33772054.58,4994738.61
2022,07003DD000,Consejo Insular de Menorca,ingres,9,12700000.00,0
2022,07003DD000,Consejo Insular de Menorca,despesa,2,20047336.30,14557495.50
2022,07003DD000,Consejo Insular de Menorca,ingres,1,1564659.52,1599032.82
2022,07003DD000,Consejo Insular de Menorca,despesa,1,28367354.35,26587025.43
2022,07003DD000,Consejo Insular de Menorca,ingres,2,2193130.39,2258688.86
2022,07003DD000,Consejo Insular de Menorca,ingres,3,3205606.63,3447769.56
2022,07003DD000,Consejo Insular de Menorca,ingres,6,0,185516.85
2022,07003DD000,Consejo Insular de Menorca,ingres,7,27440783.18,16967729.21
2022,07003DD000,Consejo Insular de Menorca,ingres,5,55900.00,24212.66
2022,07003DD000,Consejo Insular de Menorca,ingres,8,19626426.14,193914.00
2022,07003DD000,Consejo Insular de Menorca,despesa,7,22384696.75,9897437.45
2022,07003DD000,Consejo Insular de Menorca,despesa,8,575000.00,71900.00
2022,07003DD000,Consejo Insular de Menorca,despesa,5,200000.00,0
2022,07003DD000,Consejo Insular de Menorca,despesa,3,175000.00,113074.25
2022,07003DD000,Consejo Insular de Menorca,despesa,4,36157011.95,29344307.56
2022,07003DV001,Inst. Menorquín de Estudios,ingres,5,0,2.97
2022,07003DV001,Inst. Menorquín de Estudios,despesa,2,660512.54,590843.82
2022,07003DV001,Inst. Menorquín de Estudios,despesa,6,15535.56,15445.43
2022,07003DV001,Inst. Menorquín de Estudios,ingres,4,1343245.02,1102788.33
2022,07003DV001,Inst. Menorquín de Estudios,despesa,1,721069.32,618535.86
2022,07003DV001,Inst. Menorquín de Estudios,ingres,8,32472.40,0
2022,07003DV001,Inst. Menorquín de Estudios,despesa,4,20600.00,405.00
2022,07003DV001,Inst. Menorquín de Estudios,despesa,7,55000.00,42402.18
2022,07003DV001,Inst. Menorquín de Estudios,ingres,3,98000.00,93713.95
2022,07003DV001,Inst. Menorquín de Estudios,despesa,8,1000.00,0
2022,07026AV001,P. M. Deportes,despesa,8,10.00,0
2022,07026AV001,P. M. Deportes,despesa,2,903523.96,902927.67
2022,07026AV001,P. M. Deportes,ingres,5,0,53
2022,07026AV001,P. M. Deportes,despesa,6,361976.32,183092.44
2022,07026AV001,P. M. Deportes,ingres,7,40000.00,40000.00
2022,07026AV001,P. M. Deportes,ingres,8,461337.82,0
2022,07026AV001,P. M. Deportes,despesa,3,4000.00,3729.47
2022,07026AV001,P. M. Deportes,ingres,4,2157990.00,2157990.00
2022,07026AV001,P. M. Deportes,despesa,4,454000.00,437205.02
2022,07026AV001,P. M. Deportes,ingres,3,418021.30,376058.17
2022,07026AV001,P. M. Deportes,despesa,1,1353838.84,1343770.60
2022,07035AA000,Maria de la Salut,despesa,4,126702.81,102162.93
2022,07035AA000,Maria de la Salut,ingres,2,50000.00,47387.49
2022,07035AA000,Maria de la Salut,ingres,4,1042224.04,982945.69
2022,07035AA000,Maria de la Salut,ingres,8,1152073.70,0
2022,07035AA000,Maria de la Salut,despesa,1,1072360.97,856244.95
2022,07035AA000,Maria de la Salut,despesa,6,1912081.11,93770.85
2022,07035AA000,Maria de la Salut,ingres,3,326507.27,348286.67
2022,07035AA000,Maria de la Salut,despesa,2,1065760.29,794961.64
2022,07035AA000,Maria de la Salut,ingres,5,16135.87,15899.49
2022,07035AA000,Maria de la Salut,ingres,7,1063961.19,994649.45
2022,07035AA000,Maria de la Salut,despesa,3,6550.00,5188.25
2022,07035AA000,Maria de la Salut,ingres,1,633505.50,668321.82
2022,07014AO001,F. Castell de Capdepera,ingres,4,60964.20,4189.15
2022,07014AO001,F. Castell de Capdepera,despesa,6,22450.59,21126.30
2022,07014AO001,F. Castell de Capdepera,ingres,8,29831.59,0
2022,07014AO001,F. Castell de Capdepera,ingres,3,123000.00,260465.41
2022,07014AO001,F. Castell de Capdepera,despesa,2,94381.00,93960.03
2022,07014AO001,F. Castell de Capdepera,despesa,1,85173.15,75340.14
2022,07014AO001,F. Castell de Capdepera,ingres,5,100.00,0
2022,07014AO001,F. Castell de Capdepera,despesa,3,11891.05,7392.36
2022,07041AO001,F. Escuela Municipal de Música de Petra,despesa,1,54635.92,51500.86
2022,07041AO001,F. Escuela Municipal de Música de Petra,despesa,3,848.00,358.59
2022,07041AO001,F. Escuela Municipal de Música de Petra,ingres,3,34151.38,33827.73
2022,07041AO001,F. Escuela Municipal de Música de Petra,ingres,4,23500.00,23500.00
2022,07041AO001,F. Escuela Municipal de Música de Petra,despesa,2,2167.46,362.52
2022,07041AO002,Fundación Teatro y Acción Socio-Cultural de Petra,despesa,1,30946.00,27867.70
2022,07041AO002,Fundación Teatro y Acción Socio-Cultural de Petra,ingres,3,4512.00,10581.80
2022,07041AO002,Fundación Teatro y Acción Socio-Cultural de Petra,despesa,2,40234.68,39342.53
2022,07041AO002,Fundación Teatro y Acción Socio-Cultural de Petra,ingres,4,66668.68,60168.68
2022,07011AO002,Oficina Municipal de Tributos de Calvià,despesa,6,2500.00,312.18
2022,07011AO002,Oficina Municipal de Tributos de Calvià,ingres,7,403500.00,400000.00
2022,07011AO002,Oficina Municipal de Tributos de Calvià,despesa,2,371500.00,276647.31
2022,07011AO002,Oficina Municipal de Tributos de Calvià,despesa,8,22000.00,3540.00
2022,07011AO002,Oficina Municipal de Tributos de Calvià,ingres,3,115905.59,108199.92
2022,07011AO002,Oficina Municipal de Tributos de Calvià,ingres,8,22000.00,3540.00
2022,07011AO002,Oficina Municipal de Tributos de Calvià,despesa,1,1544610.93,1504524.41
2022,07011AO002,Oficina Municipal de Tributos de Calvià,ingres,4,1399205.34,1320359.59
2022,07022AV001,Ctro. Cultural,despesa,2,93500.00,92992.48
2022,07022AV001,Ctro. Cultural,despesa,3,1200.00,945.20
2022,07022AV001,Ctro. Cultural,despesa,4,6500.00,6000.00
2022,07022AV001,Ctro. Cultural,ingres,4,101200.00,101200.00
2023,07004AA000,Algaida,despesa,3,14604.01,7087.02
2023,07004AA000,Algaida,ingres,3,823215.77,521715.59
2023,07004AA000,Algaida,despesa,4,143075.00,111713.74
2023,07004AA000,Algaida,despesa,9,111180.79,111180.79
2023,07004AA000,Algaida,despesa,1,2628656.76,2459780.91
2023,07004AA000,Algaida,despesa,6,2928741.42,1472873.99
2023,07004AA000,Algaida,ingres,1,1941784.38,2194489.02
2023,07004AA000,Algaida,ingres,2,501968.81,151560.51
2023,07004AA000,Algaida,despesa,2,2904700.11,2285590.31
2023,07004AA000,Algaida,ingres,5,28700.00,23110.67
2023,07004AA000,Algaida,ingres,4,2010787.86,1802421.86
2023,07004AA000,Algaida,ingres,7,651281.00,651281.06
2023,07004AA000,Algaida,ingres,8,2773220.27,0
2023,07013AA000,Campos,despesa,4,198221.64,180893.76
2023,07013AA000,Campos,ingres,4,3953416.88,4308274.56
2023,07013AA000,Campos,despesa,1,7255959.13,6230288.47
2023,07013AA000,Campos,ingres,2,752366.03,926201.19
2023,07013AA000,Campos,despesa,7,100000.00,99999.96
2023,07013AA000,Campos,ingres,1,5132722.10,5257131.94
2023,07013AA000,Campos,ingres,8,9768964.59,0
2023,07013AA000,Campos,despesa,3,10000.00,5920.89
2023,07013AA000,Campos,despesa,6,7397987.42,1696089.36
2023,07013AA000,Campos,ingres,3,4751388.86,5651737.21
2023,07013AA000,Campos,ingres,5,296138.52,334028.83
2023,07013AA000,Campos,despesa,2,11024518.23,8780148.69
2023,07013AA000,Campos,ingres,7,1331689.44,140319.60
2023,07014AA000,Capdepera,despesa,6,6367924.12,1519445.88
2023,07014AA000,Capdepera,ingres,8,6440007.87,0
2023,07014AA000,Capdepera,ingres,1,10500000.00,11588427.79
2023,07014AA000,Capdepera,ingres,2,700000.00,1368971.48
2023,07014AA000,Capdepera,ingres,7,447297.99,6623629.35
2023,07014AA000,Capdepera,despesa,1,8575499.07,7259078.87
2023,07014AA000,Capdepera,despesa,4,533201.00,385550.53
2023,07014AA000,Capdepera,despesa,2,13740240.40,12894754.17
2023,07014AA000,Capdepera,ingres,5,1439800.02,1736885.45
2023,07014AA000,Capdepera,despesa,3,28000.00,27999.83
2023,07014AA000,Capdepera,ingres,3,6203200.00,8463717.40
2023,07014AA000,Capdepera,ingres,4,3514558.71,4267345.21
2023,07016AA000,Consell,ingres,3,1135726.76,1257848.14
2023,07016AA000,Consell,despesa,2,1753252.17,1718126.38
2023,07016AA000,Consell,despesa,4,412869.17,392488.05
2023,07016AA000,Consell,despesa,6,3798074.58,1684259.89
2023,07016AA000,Consell,ingres,2,200000.00,189538.91
2023,07016AA000,Consell,ingres,7,1544589.94,1411749.18
2023,07016AA000,Consell,ingres,4,1593707.25,1611088.24
2023,07016AA000,Consell,ingres,6,0,150.00
2023,07016AA000,Consell,ingres,5,41299.16,53558.20
2023,07016AA000,Consell,ingres,1,1193993.20,1252403.86
2023,07016AA000,Consell,despesa,1,1613962.18,1395602.11
2023,07016AA000,Consell,ingres,8,1892441.79,0
2023,07016AA000,Consell,despesa,3,23600.00,14777.39
2023,07019AA000,Escorca,despesa,3,9265.48,8821.96
2023,07019AA000,Escorca,ingres,7,1099511.74,701912.05
2023,07019AA000,Escorca,ingres,4,293235.00,288516.05
2023,07019AA000,Escorca,despesa,1,577635.40,577606.40
2023,07019AA000,Escorca,despesa,6,1433477.36,297306.77
2023,07019AA000,Escorca,ingres,1,307600.00,299497.89
2023,07019AA000,Escorca,ingres,3,249825.07,216610.23
2023,07019AA000,Escorca,ingres,2,26006.00,11554.92
2023,07019AA000,Escorca,ingres,8,357126.77,0
2023,07019AA000,Escorca,despesa,9,17638.93,17638.93
2023,07019AA000,Escorca,ingres,5,59000.00,54000.00
2023,07019AA000,Escorca,despesa,2,509351.60,509350.66
2023,07019AA000,Escorca,despesa,4,15829.00,13292.00
2023,07019AA000,Escorca,ingres,9,170893.19,0
2023,07020AA000,Esporles,despesa,1,3415597.23,3237687.80
2023,07020AA000,Esporles,ingres,1,1946796.40,1979978.01
2023,07020AA000,Esporles,ingres,8,1527114.09,0
2023,07020AA000,Esporles,despesa,6,1376423.21,630567.36
2023,07020AA000,Esporles,ingres,3,1242524.76,1270171.46
2023,07020AA000,Esporles,ingres,7,507374.22,458552.72
2023,07020AA000,Esporles,ingres,2,115000.00,221989.17
2023,07020AA000,Esporles,despesa,4,96902.27,96251.69
2023,07020AA000,Esporles,ingres,4,1894100.71,1982779.46
2023,07020AA000,Esporles,despesa,3,14291.23,14290.11
2023,07020AA000,Esporles,despesa,9,76472.14,76471.36
2023,07020AA000,Esporles,despesa,2,2255324.10,2253944.97
2023,07020AA000,Esporles,ingres,5,2100.00,0
2023,07026AA000,Eivissa,despesa,2,39394029.15,35337397.39
2023,07026AA000,Eivissa,ingres,2,2000000.00,3204447.02
2023,07026AA000,Eivissa,ingres,5,4007904.82,2998900.34
2023,07026AA000,Eivissa,ingres,8,38501245.06,235209.62
2023,07026AA000,Eivissa,ingres,7,11060777.63,8882121.85
2023,07026AA000,Eivissa,despesa,6,40675150.62,11207294.52
2023,07026AA000,Eivissa,despesa,8,235209.62,235209.62
2023,07026AA000,Eivissa,despesa,3,220000.00,207948.23
2023,07026AA000,Eivissa,despesa,7,3239158.91,1233184.74
2023,07026AA000,Eivissa,ingres,1,30583275.00,31612716.41
2023,07026AA000,Eivissa,despesa,5,500000.00,0
2023,07026AA000,Eivissa,despesa,1,26391516.26,23032959.45
2023,07026AA000,Eivissa,despesa,4,11519474.03,9664532.48
2023,07026AA000,Eivissa,ingres,3,16910455.19,20383362.00
2023,07026AA000,Eivissa,ingres,4,19110870.89,19781564.38
2023,07026AA000,Eivissa,ingres,6,10.00,0
2023,07026AV001,P. M. Deportes,despesa,3,4000.00,4000.00
2023,07026AV001,P. M. Deportes,ingres,4,2579990.00,2371230.03
2023,07026AV001,P. M. Deportes,despesa,4,454000.00,435973.30
2023,07026AV001,P. M. Deportes,ingres,3,290000.00,421525.31
2023,07026AV001,P. M. Deportes,despesa,1,1409242.05,1329385.27
2023,07026AV001,P. M. Deportes,despesa,8,19500.00,19500.00
2023,07026AV001,P. M. Deportes,despesa,2,1002747.95,990204.00
2023,07026AV001,P. M. Deportes,ingres,5,0,82
2023,07026AV001,P. M. Deportes,despesa,6,422158.74,418271.02
2023,07026AV001,P. M. Deportes,ingres,7,422158.74,418271.02
2023,07026AV001,P. M. Deportes,ingres,8,19500.00,19500.00
2023,07028AA000,Lloret de Vistalegre,ingres,5,5849.00,6713.63
2023,07028AA000,Lloret de Vistalegre,ingres,3,93792.62,120738.32
2023,07028AA000,Lloret de Vistalegre,despesa,6,1186642.22,393874.81
2023,07028AA000,Lloret de Vistalegre,despesa,4,29975.00,25881.39
2023,07028AA000,Lloret de Vistalegre,ingres,2,65100.00,65066.75
2023,07028AA000,Lloret de Vistalegre,ingres,4,786851.41,844210.11
2023,07028AA000,Lloret de Vistalegre,despesa,1,756046.95,631881.10
2023,07028AA000,Lloret de Vistalegre,ingres,1,395500.00,420689.09
2023,07028AA000,Lloret de Vistalegre,ingres,8,1034881.13,0
2023,07028AA000,Lloret de Vistalegre,despesa,3,4000.00,2156.02
2023,07028AA000,Lloret de Vistalegre,despesa,2,737490.28,633053.28
2023,07028AA000,Lloret de Vistalegre,ingres,7,332180.29,333781.16
2023,07029AA000,Lloseta,despesa,4,572054.72,534452.93
2023,07029AA000,Lloseta,despesa,9,101042.39,101042.39
2023,07029AA000,Lloseta,ingres,2,200000.00,107306.67
2023,07029AA000,Lloseta,despesa,2,2563912.97,2103302.15
2023,07029AA000,Lloseta,ingres,8,1590052.13,0
2023,07029AA000,Lloseta,ingres,3,1749643.37,1255323.76
2023,07029AA000,Lloseta,despesa,1,3645589.63,3170941.69
2023,07029AA000,Lloseta,despesa,3,42370.00,41392.14
2023,07029AA000,Lloseta,despesa,6,2736731.24,508466.68
2023,07029AA000,Lloseta,ingres,1,2015500.00,2259534.15
2023,07029AA000,Lloseta,ingres,7,1682016.04,442144.42
2023,07029AA000,Lloseta,ingres,4,2393889.41,2339104.33
2023,07029AA000,Lloseta,ingres,5,30600.00,34873.64
2023,07031AA000,Llucmajor,despesa,3,155000.00,36032.20
2023,07031AA000,Llucmajor,ingres,8,24523698.80,94321.69
2023,07031AA000,Llucmajor,despesa,4,2149218.39,1945982.05
2023,07031AA000,Llucmajor,despesa,6,22350842.14,6160734.83
2023,07031AA000,Llucmajor,ingres,3,13114569.36,14803506.43
2023,07031AA000,Llucmajor,ingres,4,12454122.04,12759792.64
2023,07031AA000,Llucmajor,despesa,5,273494.73,0
2023,07031AA000,Llucmajor,despesa,1,25244609.06,20338737.95
2023,07031AA000,Llucmajor,ingres,1,18244952.33,19137702.02
2023,07031AA000,Llucmajor,despesa,7,20000.00,0
2023,07031AA000,Llucmajor,ingres,7,357688.02,388472.01
2023,07031AA000,Llucmajor,despesa,2,20735275.77,16203758.71
2023,07031AA000,Llucmajor,despesa,8,55000.00,17044.73
2023,07031AA000,Llucmajor,ingres,2,2610500.00,1395575.68
2023,07031AA000,Llucmajor,ingres,5,1004700.00,1398681.70
2023,07034AA000,Mancor de la Vall,ingres,2,40250.00,45872.14
2023,07034AA000,Mancor de la Vall,ingres,8,1736831.70,0
2023,07034AA000,Mancor de la Vall,despesa,2,795661.23,768771.58
2023,07034AA000,Mancor de la Vall,despesa,3,5000.00,4544.36
2023,07034AA000,Mancor de la Vall,ingres,1,605000.00,601012.41
2023,07034AA000,Mancor de la Vall,ingres,5,10800.00,7673.35
2023,07034AA000,Mancor de la Vall,despesa,6,1848203.07,1480126.28
2023,07034AA000,Mancor de la Vall,despesa,1,902408.59,900298.01
2023,07034AA000,Mancor de la Vall,ingres,7,187129.27,154126.91
2023,07034AA000,Mancor de la Vall,despesa,4,269300.00,267416.90
2023,07034AA000,Mancor de la Vall,ingres,4,919944.68,948950.41
2023,07034AA000,Mancor de la Vall,ingres,3,320617.24,265978.12
2023,07036AA000,Marratxí,despesa,4,10152103.29,9409022.35
2023,07036AA000,Marratxí,ingres,7,1310715.52,679407.78
2023,07036AA000,Marratxí,despesa,2,8245017.79,7345637.21
2023,07036AA000,Marratxí,ingres,1,14912000.00,14485792.82
2023,07036AA000,Marratxí,ingres,3,7679900.00,8803208.92
2023,07036AA000,Marratxí,ingres,5,275000.00,408318.78
2023,07036AA000,Marratxí,ingres,4,11522760.67,11713431.65
2023,07036AA000,Marratxí,despesa,7,26300.00,0
2023,07036AA000,Marratxí,despesa,6,18090839.69,4384905.83
2023,07036AA000,Marratxí,despesa,8,148900.00,132900.00
2023,07036AA000,Marratxí,ingres,8,16085035.91,132900.00
2023,07036AA000,Marratxí,despesa,1,16913751.33,15599910.74
2023,07036AA000,Marratxí,despesa,3,28500.00,17923.46
2023,07036AA000,Marratxí,ingres,2,1820000.00,1946998.90
2023,07037AA000,Mercadal (Es),ingres,2,220700.00,401714.12
2023,07037AA000,Mercadal (Es),despesa,2,5589609.75,4764862.82
2023,07037AA000,Mercadal (Es),despesa,1,3256540.05,2766145.71
2023,07037AA000,Mercadal (Es),ingres,4,2728353.39,2799063.95
2023,07037AA000,Mercadal (Es),ingres,8,6411850.71,4000.00
2023,07037AA000,Mercadal (Es),despesa,5,250000.00,0
2023,07037AA000,Mercadal (Es),despesa,6,7602601.71,1547545.21
2023,07037AA000,Mercadal (Es),ingres,7,1449963.09,520370.38
2023,07037AA000,Mercadal (Es),despesa,4,1317325.68,1044060.45
2023,07037AA000,Mercadal (Es),ingres,1,5054950.00,5333446.47
2023,07037AA000,Mercadal (Es),ingres,3,2286350.00,2271939.09
2023,07037AA000,Mercadal (Es),ingres,5,386010.00,440306.70
2023,07037AA000,Mercadal (Es),despesa,3,20000.00,3500.05
2023,07037AA000,Mercadal (Es),despesa,8,20000.00,4000.00
2023,07037AA000,Mercadal (Es),despesa,7,482100.00,0
2023,07041AA000,Petra,despesa,4,216136.46,191190.11
2023,07041AA000,Petra,ingres,6,6.00,0
2023,07041AA000,Petra,despesa,2,1231030.94,1206553.44
2023,07041AA000,Petra,ingres,2,118100.00,131123.10
2023,07041AA000,Petra,ingres,3,419321.00,260475.38
2023,07041AA000,Petra,despesa,5,20000.00,0
2023,07041AA000,Petra,despesa,6,2295738.30,217597.99
2023,07041AA000,Petra,ingres,4,906787.97,1065268.76
2023,07041AA000,Petra,ingres,5,433416.00,26007.93
2023,07041AA000,Petra,despesa,1,939472.39,899118.46
2023,07041AA000,Petra,despesa,3,7006.00,7006.00
2023,07041AA000,Petra,despesa,7,6.00,0
2023,07041AA000,Petra,ingres,8,1131814.94,0
2023,07041AA000,Petra,ingres,7,1110620.09,640000.01
2023,07041AA000,Petra,ingres,1,589324.09,667159.59
2023,07048AA000,Sant Josep de sa Talaia,ingres,4,9310832.72,10011585.42
2023,07048AA000,Sant Josep de sa Talaia,despesa,5,12544.81,0
2023,07048AA000,Sant Josep de sa Talaia,ingres,5,4500000.00,4319078.54
2023,07048AA000,Sant Josep de sa Talaia,ingres,8,13062119.50,0
2023,07048AA000,Sant Josep de sa Talaia,despesa,1,12120672.92,11863019.57
2023,07048AA000,Sant Josep de sa Talaia,ingres,2,3000000.00,1414077.30
2023,07048AA000,Sant Josep de sa Talaia,despesa,2,29931864.11,25517130.09
2023,07048AA000,Sant Josep de sa Talaia,ingres,7,4316578.41,6282453.36
2023,07048AA000,Sant Josep de sa Talaia,despesa,3,3750.00,0
2023,07048AA000,Sant Josep de sa Talaia,ingres,3,11673378.76,12408108.07
2023,07048AA000,Sant Josep de sa Talaia,despesa,6,14986595.32,10044812.49
2023,07048AA000,Sant Josep de sa Talaia,despesa,4,3929482.23,3028651.51
2023,07048AA000,Sant Josep de sa Talaia,ingres,1,15122000.00,14895567.97
2023,07050AA000,Sant Joan de Labritja,ingres,5,11250.00,271847.53
2023,07050AA000,Sant Joan de Labritja,despesa,1,2502223.80,2075308.02
2023,07050AA000,Sant Joan de Labritja,ingres,7,2405764.22,4614820.34
2023,07050AA000,Sant Joan de Labritja,ingres,8,8387390.75,0
2023,07050AA000,Sant Joan de Labritja,ingres,3,2275701.58,2337864.58
2023,07050AA000,Sant Joan de Labritja,despesa,2,6961132.30,5974600.77
2023,07050AA000,Sant Joan de Labritja,despesa,3,28250.00,17732.61
2023,07050AA000,Sant Joan de Labritja,ingres,2,501067.00,696592.15
2023,07050AA000,Sant Joan de Labritja,despesa,6,9228652.67,4180879.01
2023,07050AA000,Sant Joan de Labritja,ingres,1,3880000.00,3969357.78
2023,07050AA000,Sant Joan de Labritja,despesa,4,744162.73,560838.15
2023,07050AA000,Sant Joan de Labritja,ingres,4,2002247.95,2319081.64
2023,07050AA000,Sant Joan de Labritja,ingres,6,1000.00,0
2023,07055AA000,Santa Margalida,despesa,1,6729058.91,5223865.41
2023,07055AA000,Santa Margalida,ingres,1,6800280.00,7008910.30
2023,07055AA000,Santa Margalida,despesa,2,8875749.42,8198384.81
2023,07055AA000,Santa Margalida,ingres,4,3789146.33,4169154.46
2023,07055AA000,Santa Margalida,ingres,5,906423.00,1058778.84
2023,07055AA000,Santa Margalida,despesa,6,25447689.02,1656620.08
2023,07055AA000,Santa Margalida,despesa,3,10040.00,1511.85
2023,07055AA000,Santa Margalida,ingres,2,355000.00,401011.86
2023,07055AA000,Santa Margalida,ingres,8,18683536.38,0
2023,07055AA000,Santa Margalida,despesa,4,445122.80,353805.20
2023,07055AA000,Santa Margalida,ingres,3,4361513.30,4981478.59
2023,07055AA000,Santa Margalida,ingres,7,6611761.14,5022215.70
2023,07061AA000,Sóller,despesa,1,8353080.37,7111622.40
2023,07061AA000,Sóller,despesa,3,288925.03,46609.66
2023,07061AA000,Sóller,despesa,7,1028366.50,192332.75
2023,07061AA000,Sóller,despesa,6,10024879.67,3372399.17
2023,07061AA000,Sóller,despesa,9,330000.00,328867.05
2023,07061AA000,Sóller,ingres,5,181643.24,270137.43
2023,07061AA000,Sóller,despesa,2,9108904.61,7214325.31
2023,07061AA000,Sóller,ingres,8,10524440.91,0
2023,07061AA000,Sóller,ingres,1,8557450.44,7995668.19
2023,07061AA000,Sóller,ingres,7,386330.89,387490.21
2023,07061AA000,Sóller,ingres,2,990000.00,592438.19
2023,07061AA000,Sóller,ingres,3,4113919.97,4882652.82
2023,07061AA000,Sóller,ingres,4,5320640.18,5483746.08
2023,07061AA000,Sóller,despesa,4,810590.00,318730.89
2023,07063AA000,Valldemossa,despesa,9,265000.00,265000.00
2023,07063AA000,Valldemossa,despesa,1,2258989.17,1671163.30
2023,07063AA000,Valldemossa,despesa,2,2291538.73,1747879.43
2023,07063AA000,Valldemossa,ingres,1,1571718.08,1719241.61
2023,07063AA000,Valldemossa,ingres,4,663184.74,818844.29
2023,07063AA000,Valldemossa,despesa,3,28941.47,24842.01
2023,07063AA000,Valldemossa,despesa,4,105043.79,39487.69
2023,07063AA000,Valldemossa,despesa,6,1262047.80,193672.71
2023,07063AA000,Valldemossa,ingres,5,148000.00,161343.31
2023,07063AA000,Valldemossa,ingres,7,861836.34,678853.13
2023,07063AA000,Valldemossa,ingres,8,1032290.00,0
2023,07063AA000,Valldemossa,ingres,3,1734531.80,1626974.36
2023,07063AA000,Valldemossa,ingres,2,200000.00,122150.92
2023,07005AA000,Andratx,despesa,2,14676312.86,12757668.50
2023,07005AA000,Andratx,ingres,2,2600000.00,2115596.11
2023,07005AA000,Andratx,despesa,4,1115853.00,709488.94
2023,07005AA000,Andratx,ingres,1,12122462.00,12118947.82
2023,07005AA000,Andratx,ingres,4,3489000.00,4803206.54
2023,07005AA000,Andratx,despesa,5,100.00,0
2023,07005AA000,Andratx,ingres,3,5818904.00,5341310.20
2023,07005AA000,Andratx,ingres,8,15321661.94,3333.36
2023,07005AA000,Andratx,ingres,7,0,30891.45
2023,07005AA000,Andratx,ingres,5,469000.00,960304.32
2023,07005AA000,Andratx,despesa,8,10000.00,0
2023,07005AA000,Andratx,despesa,3,97000.00,10384.29
2023,07005AA000,Andratx,despesa,6,12914943.93,1770039.34
2023,07005AA000,Andratx,despesa,7,160000.00,43881.99
2023,07005AA000,Andratx,despesa,1,10846818.15,9440321.88
2023,07040AA000,Palma,despesa,4,109035489.33,98264915.27
2023,07040AA000,Palma,despesa,1,172965526.42,167660360.73
2023,07040AA000,Palma,despesa,7,48306073.26,12550646.88
2023,07040AA000,Palma,despesa,2,149675855.82,137288451.29
2023,07040AA000,Palma,despesa,3,12303940.17,11457873.66
2023,07040AA000,Palma,despesa,6,94287078.72,37895188.46
2023,07040AA000,Palma,ingres,8,136965968.10,1101822.91
2023,07040AA000,Palma,despesa,5,3813268.21,0
2023,07040AA000,Palma,ingres,9,20153236.64,4927186.64
2023,07040AA000,Palma,despesa,8,11200000.00,11193130.00
2023,07040AA000,Palma,ingres,2,33943418.96,32866210.05
2023,07040AA000,Palma,ingres,3,122200368.38,128792901.79
2023,07040AA000,Palma,ingres,6,0,1851600.00
2023,07040AA000,Palma,ingres,5,6478978.00,6257793.17
2023,07040AA000,Palma,ingres,4,108936324.43,108952883.01
2023,07040AA000,Palma,despesa,9,33806313.83,33806299.43
2023,07040AA000,Palma,ingres,1,192393878.17,187398538.64
2023,07040AA000,Palma,ingres,7,14321373.08,9105522.24
2023,07040AV001,Inst. M. l'Esport,ingres,8,351312.45,26409.93
2023,07040AV001,Inst. M. l'Esport,ingres,5,171791.83,182669.90
2023,07040AV001,Inst. M. l'Esport,despesa,8,90000.00,24244.00
2023,07040AV001,Inst. M. l'Esport,despesa,1,5069217.00,4465975.43
2023,07040AV001,Inst. M. l'Esport,despesa,2,15310083.69,14510161.94
2023,07040AV001,Inst. M. l'Esport,ingres,7,12893298.21,3651377.09
2023,07040AV001,Inst. M. l'Esport,ingres,3,4259929.51,4006680.62
2023,07040AV001,Inst. M. l'Esport,ingres,4,16403432.05,15045786.35
2023,07040AV001,Inst. M. l'Esport,despesa,6,13315463.36,3656423.14
2023,07040AV001,Inst. M. l'Esport,despesa,3,5000.00,0
2023,07040AV001,Inst. M. l'Esport,despesa,4,290000.00,253906.76
2023,07040AV002,P. M. d'Escoles d'Infants,despesa,4,530000.00,394338.80
2023,07040AV002,P. M. d'Escoles d'Infants,ingres,4,9881695.88,8417789.31
2023,07040AV002,P. M. d'Escoles d'Infants,ingres,7,5693080.47,506374.70
2023,07040AV002,P. M. d'Escoles d'Infants,ingres,8,11000.00,916.60
2023,07040AV002,P. M. d'Escoles d'Infants,ingres,5,20.00,0
2023,07040AV002,P. M. d'Escoles d'Infants,despesa,6,5693080.47,17219.85
2023,07040AV002,P. M. d'Escoles d'Infants,despesa,1,4025825.96,3717489.22
2023,07040AV002,P. M. d'Escoles d'Infants,despesa,8,11000.00,2750.00
2023,07040AV002,P. M. d'Escoles d'Infants,ingres,3,490686.96,438762.32
2023,07040AV002,P. M. d'Escoles d'Infants,despesa,2,5816576.88,4739794.73
2023,07040AV004,P. M. l'Habitatge,despesa,1,2120565.97,1614067.36
2023,07040AV004,P. M. l'Habitatge,ingres,4,1651159.97,951030.29
2023,07040AV004,P. M. l'Habitatge,ingres,7,3501498.78,51142.74
2023,07040AV004,P. M. l'Habitatge,despesa,3,11000.00,5818.29
2023,07040AV004,P. M. l'Habitatge,despesa,4,10000.00,8888.66
2023,07040AV004,P. M. l'Habitatge,ingres,5,900000.00,987514.53
2023,07040AV004,P. M. l'Habitatge,ingres,8,10000.00,7438.22
2023,07040AV004,P. M. l'Habitatge,despesa,2,505600.00,426145.06
2023,07040AV004,P. M. l'Habitatge,ingres,3,96006.00,134177.65
2023,07040AV004,P. M. l'Habitatge,despesa,7,1271583.10,0
2023,07040AV004,P. M. l'Habitatge,despesa,6,2229915.68,51142.74
2023,07040AV004,P. M. l'Habitatge,despesa,8,10000.00,5550.00
2023,07040AV009,Inst. M. Form. Ocupacional i Feina,despesa,1,10184125.81,6411544.84
2023,07040AV009,Inst. M. Form. Ocupacional i Feina,despesa,8,20000.00,5000.00
2023,07040AV009,Inst. M. Form. Ocupacional i Feina,ingres,4,10441531.80,6902039.47
2023,07040AV009,Inst. M. Form. Ocupacional i Feina,despesa,3,565.16,38.02
2023,07040AV009,Inst. M. Form. Ocupacional i Feina,despesa,6,75000.00,58472.97
2023,07040AV009,Inst. M. Form. Ocupacional i Feina,despesa,7,100000.00,100000.00
2023,07040AV009,Inst. M. Form. Ocupacional i Feina,despesa,4,1194010.00,1136278.26
2023,07040AV009,Inst. M. Form. Ocupacional i Feina,despesa,2,1237874.93,648925.90
2023,07040AV009,Inst. M. Form. Ocupacional i Feina,ingres,5,6300.00,40506.00
2023,07040AV009,Inst. M. Form. Ocupacional i Feina,ingres,8,2128744.10,11417.62
2023,07040AV009,Inst. M. Form. Ocupacional i Feina,ingres,3,60000.00,21659.50
2023,07040AV009,Inst. M. Form. Ocupacional i Feina,ingres,7,175000.00,158472.97
2023,07062AA000,Son Servera,ingres,5,734170.70,319195.81
2023,07062AA000,Son Servera,despesa,7,20000.00,259.60
2023,07062AA000,Son Servera,ingres,7,3159397.40,3007112.89
2023,07062AA000,Son Servera,despesa,1,7044548.24,6584498.66
2023,07062AA000,Son Servera,ingres,2,106373.08,401474.72
2023,07062AA000,Son Servera,despesa,6,6116116.21,1742130.58
2023,07062AA000,Son Servera,despesa,9,378511.36,278511.36
2023,07062AA000,Son Servera,ingres,8,4502966.44,20500.00
2023,07062AA000,Son Servera,ingres,6,631000.00,631000.00
2023,07062AA000,Son Servera,ingres,1,8031670.87,8297952.84
2023,07062AA000,Son Servera,despesa,3,13379.37,8055.91
2023,07062AA000,Son Servera,despesa,4,579905.43,435106.67
2023,07062AA000,Son Servera,despesa,2,10423760.75,9651956.37
2023,07062AA000,Son Servera,despesa,8,60000.00,20500.00
2023,07062AA000,Son Servera,ingres,3,3746593.88,4036588.32
2023,07062AA000,Son Servera,ingres,4,3724048.99,3912426.86
2023,07003AA000,Alcúdia,ingres,3,6274760.00,9773142.45
2023,07003AA000,Alcúdia,ingres,4,5399177.33,7258655.42
2023,07003AA000,Alcúdia,despesa,2,20286710.06,15957660.63
2023,07003AA000,Alcúdia,despesa,3,301000.00,26215.76
2023,07003AA000,Alcúdia,despesa,4,3080212.22,2454638.81
2023,07003AA000,Alcúdia,ingres,8,31462276.56,0
2023,07003AA000,Alcúdia,ingres,2,500000.00,883500.44
2023,07003AA000,Alcúdia,ingres,7,64580.43,1389669.20
2023,07003AA000,Alcúdia,despesa,7,463288.00,445727.35
2023,07003AA000,Alcúdia,ingres,5,356034.00,2350415.89
2023,07003AA000,Alcúdia,ingres,1,16287100.00,17490683.06
2023,07003AA000,Alcúdia,despesa,1,13525643.77,10863063.84
2023,07003AA000,Alcúdia,despesa,6,22505269.77,994405.53
2023,07039AA000,Muro,ingres,2,875000.00,287661.22
2023,07039AA000,Muro,despesa,1,5393844.43,5053718.64
2023,07039AA000,Muro,despesa,2,8357147.64,7968775.41
2023,07039AA000,Muro,ingres,3,4194358.70,4454691.19
2023,07039AA000,Muro,ingres,4,2629262.33,2664682.34
2023,07039AA000,Muro,ingres,1,4652008.38,4769658.99
2023,07039AA000,Muro,despesa,3,8715.94,8706.71
2023,07039AA000,Muro,despesa,6,4055390.87,2888041.05
2023,07039AA000,Muro,ingres,7,807388.99,491217.29
2023,07039AA000,Muro,despesa,4,360168.78,281221.37
2023,07039AA000,Muro,despesa,7,55500.00,19015.00
2023,07039AA000,Muro,ingres,8,3293691.21,0
2023,07039AA000,Muro,ingres,5,1779058.05,1137727.10
2023,07059AA000,Salines (Ses),ingres,4,1682524.28,1905177.83
2023,07059AA000,Salines (Ses),despesa,6,4080202.36,1706926.26
2023,07059AA000,Salines (Ses),ingres,1,3339034.73,3243822.37
2023,07059AA000,Salines (Ses),despesa,3,170328.19,128418.36
2023,07059AA000,Salines (Ses),despesa,7,54300.00,51800.00
2023,07059AA000,Salines (Ses),ingres,3,1897000.00,1729310.67
2023,07059AA000,Salines (Ses),ingres,7,1459392.20,882989.31
2023,07059AA000,Salines (Ses),ingres,5,212000.00,495518.03
2023,07059AA000,Salines (Ses),despesa,2,4437793.33,4041446.52
2023,07059AA000,Salines (Ses),despesa,1,3543890.28,3334578.15
2023,07059AA000,Salines (Ses),despesa,4,593039.29,463017.61
2023,07059AA000,Salines (Ses),ingres,2,575000.00,781956.10
2023,07059AA000,Salines (Ses),ingres,8,3714602.24,0
2023,07002AA000,Alaior,despesa,4,1067266.99,735315.11
2023,07002AA000,Alaior,ingres,2,299622.02,239313.27
2023,07002AA000,Alaior,ingres,4,4219279.90,3796087.70
2023,07002AA000,Alaior,ingres,7,2652361.96,904351.44
2023,07002AA000,Alaior,despesa,1,6352884.81,5232431.73
2023,07002AA000,Alaior,ingres,3,1493559.70,2012201.43
2023,07002AA000,Alaior,despesa,9,0,0
2023,07002AA000,Alaior,ingres,8,6906037.75,1596.43
2023,07002AA000,Alaior,ingres,5,845998.40,1309700.48
2023,07002AA000,Alaior,ingres,1,5249409.60,5319211.76
2023,07002AA000,Alaior,despesa,8,10000.00,1596.43
2023,07002AA000,Alaior,despesa,2,7390705.55,4793396.38
2023,07002AA000,Alaior,despesa,6,5229105.25,1153286.28
2023,07002AA000,Alaior,despesa,7,1560306.73,2325.00
2023,07002AA000,Alaior,despesa,3,56000.00,17666.42
2023,07033AA000,Manacor,ingres,5,488104.81,1194997.56
2023,07033AA000,Manacor,despesa,1,21864250.65,20287595.30
2023,07033AA000,Manacor,despesa,8,60100.00,60002.40
2023,07033AA000,Manacor,ingres,8,28597439.41,63573.31
2023,07033AA000,Manacor,despesa,2,22590927.84,19063824.31
2023,07033AA000,Manacor,ingres,3,11892002.40,11969023.94
2023,07033AA000,Manacor,ingres,1,18835618.67,18716378.15
2023,07033AA000,Manacor,ingres,7,3190080.87,3379638.95
2023,07033AA000,Manacor,despesa,3,576476.83,569674.59
2023,07033AA000,Manacor,ingres,2,1404797.00,1052806.12
2023,07033AA000,Manacor,ingres,4,14617577.76,14853261.26
2023,07033AA000,Manacor,despesa,7,1886908.53,586619.71
2023,07033AA000,Manacor,despesa,4,2352964.86,1948656.26
2023,07033AA000,Manacor,despesa,6,29693992.21,4740634.79
2023,07033AO001,Institut Públic del Teatre Municipal,despesa,2,770085.18,658819.62
2023,07033AO001,Institut Públic del Teatre Municipal,ingres,7,50000.00,50000.00
2023,07033AO001,Institut Públic del Teatre Municipal,ingres,4,325000.00,335331.36
2023,07033AO001,Institut Públic del Teatre Municipal,despesa,6,50000.00,26358.24
2023,07033AO001,Institut Públic del Teatre Municipal,ingres,3,382495.18,396026.35
2023,07033AO001,Institut Públic del Teatre Municipal,ingres,8,62590.00,0
2023,07033AV003,P. M. d'Esports,ingres,5,44280.68,44301.28
2023,07033AV003,P. M. d'Esports,despesa,2,279373.98,250789.50
2023,07033AV003,P. M. d'Esports,ingres,4,257361.32,257361.52
2023,07033AV003,P. M. d'Esports,ingres,3,10508.00,4881.05
2023,07033AV003,P. M. d'Esports,ingres,7,80000.00,188319.61
2023,07033AV003,P. M. d'Esports,ingres,8,876387.86,0
2023,07033AV003,P. M. d'Esports,despesa,6,989163.88,344252.51
2023,07033AO002,Institució Pública Antoni M. Alcover,ingres,7,5000.00,5000.00
2023,07033AO002,Institució Pública Antoni M. Alcover,despesa,1,39500.00,0
2023,07033AO002,Institució Pública Antoni M. Alcover,ingres,4,108500.00,39000.00
2023,07033AO002,Institució Pública Antoni M. Alcover,ingres,5,0,12.38
2023,07033AO002,Institució Pública Antoni M. Alcover,despesa,2,69000.00,48691.55
2023,07033AO002,Institució Pública Antoni M. Alcover,despesa,6,5000.00,0
2023,07044AA000,Pobla (Sa),despesa,3,18600.00,11419.31
2023,07044AA000,Pobla (Sa),despesa,4,409658.54,287847.40
2023,07044AA000,Pobla (Sa),despesa,2,8083685.04,7699558.94
2023,07044AA000,Pobla (Sa),despesa,6,1451407.44,746782.01
2023,07044AA000,Pobla (Sa),despesa,5,5000.00,0
2023,07044AA000,Pobla (Sa),despesa,1,6796747.51,6138251.31
2023,07044AA000,Pobla (Sa),despesa,7,38815.69,37508.46
2023,07044AA000,Pobla (Sa),ingres,4,5311755.31,5299431.18
2023,07044AA000,Pobla (Sa),ingres,8,1932535.27,0
2023,07044AA000,Pobla (Sa),ingres,1,4738840.83,4480639.58
2023,07044AA000,Pobla (Sa),ingres,7,442113.19,532810.28
2023,07044AA000,Pobla (Sa),ingres,3,4172381.97,3808021.69
2023,07044AA000,Pobla (Sa),ingres,2,400000.00,317088.50
2023,07044AA000,Pobla (Sa),despesa,9,254651.31,253856.06
2023,07044AA000,Pobla (Sa),ingres,5,60938.96,73502.18
2023,07901AA000,Ariany,ingres,1,407462.76,382563.49
2023,07901AA000,Ariany,ingres,7,1473897.55,219866.35
2023,07901AA000,Ariany,ingres,2,32000.00,47485.31
2023,07901AA000,Ariany,despesa,6,2125027.33,655714.16
2023,07901AA000,Ariany,ingres,4,404449.57,468582.90
2023,07901AA000,Ariany,ingres,5,20.00,0
2023,07901AA000,Ariany,despesa,3,2180.00,2160.77
2023,07901AA000,Ariany,despesa,4,116777.60,116753.05
2023,07901AA000,Ariany,despesa,2,573316.80,566056.12
2023,07901AA000,Ariany,ingres,8,674230.65,0
2023,07901AA000,Ariany,ingres,3,160028.60,188539.99
2023,07901AA000,Ariany,despesa,1,334787.40,331690.18
2023,07011AO002,Oficina Municipal de Tributos de Calvià,despesa,2,726416.30,535672.91
2023,07011AO002,Oficina Municipal de Tributos de Calvià,despesa,8,22000.00,4560.00
2023,07011AO002,Oficina Municipal de Tributos de Calvià,ingres,3,120000.00,113618.62
2023,07011AO002,Oficina Municipal de Tributos de Calvià,ingres,8,243000.00,4560.00
2023,07011AO002,Oficina Municipal de Tributos de Calvià,despesa,1,1520556.06,1513765.98
2023,07011AO002,Oficina Municipal de Tributos de Calvià,ingres,4,1908972.36,1895734.33
2023,07011AO002,Oficina Municipal de Tributos de Calvià,despesa,6,7500.00,2645.42
2023,07011AO002,Oficina Municipal de Tributos de Calvià,ingres,7,4500.00,0
2023,07017AA000,Costitx,ingres,3,88900.00,101848.30
2023,07017AA000,Costitx,despesa,2,717873.64,712953.71
2023,07017AA000,Costitx,despesa,1,416473.03,394508.84
2023,07017AA000,Costitx,ingres,4,697686.98,731012.32
2023,07017AA000,Costitx,ingres,2,44200.00,80476.78
2023,07017AA000,Costitx,despesa,6,1718247.37,1340931.65
2023,07017AA000,Costitx,despesa,4,54200.00,52099.92
2023,07017AA000,Costitx,ingres,1,491000.00,470287.98
2023,07017AA000,Costitx,despesa,3,1000.00,988.12
2023,07017AA000,Costitx,ingres,5,18100.00,9772.24
2023,07017AA000,Costitx,ingres,7,883352.55,1136892.95
2023,07017AA000,Costitx,ingres,8,684554.51,0
2023,07007AA000,Banyalbufar,despesa,4,37141.97,33759.86
2023,07007AA000,Banyalbufar,ingres,5,35699.00,56246.85
2023,07007AA000,Banyalbufar,despesa,1,498571.86,475417.69
2023,07007AA000,Banyalbufar,despesa,6,394530.79,205623.45
2023,07007AA000,Banyalbufar,despesa,9,40512.86,40512.86
2023,07007AA000,Banyalbufar,despesa,2,834215.43,824416.54
2023,07007AA000,Banyalbufar,ingres,7,284567.44,195903.66
2023,07007AA000,Banyalbufar,ingres,1,396295.82,397568.67
2023,07007AA000,Banyalbufar,ingres,2,284980.00,216982.75
2023,07007AA000,Banyalbufar,ingres,4,512271.09,492527.76
2023,07007AA000,Banyalbufar,despesa,3,10137.14,10113.70
2023,07007AA000,Banyalbufar,ingres,3,301296.70,306004.88
2023,07022AV001,Ctro. Cultural,despesa,3,1500.00,720.00
2023,07022AV001,Ctro. Cultural,despesa,4,6000.00,6000.00
2023,07022AV001,Ctro. Cultural,ingres,3,10,10
2023,07022AV001,Ctro. Cultural,ingres,4,101200.00,101200.00
2023,07022AV001,Ctro. Cultural,despesa,2,93700.00,93624.17
2023,07038AA000,Montuïri,despesa,3,9500.00,5243.85
2023,07038AA000,Montuïri,ingres,1,1386289.00,1128673.17
2023,07038AA000,Montuïri,despesa,6,2140038.82,1018193.75
2023,07038AA000,Montuïri,ingres,8,1289087.98,0
2023,07038AA000,Montuïri,ingres,4,1137433.00,1220520.78
2023,07038AA000,Montuïri,ingres,5,100.00,19611.79
2023,07038AA000,Montuïri,ingres,7,883202.50,774020.71
2023,07038AA000,Montuïri,despesa,4,384500.00,354899.96
2023,07038AA000,Montuïri,ingres,3,447519.00,428962.80
2023,07038AA000,Montuïri,despesa,2,1334002.13,1063250.04
2023,07038AA000,Montuïri,despesa,9,280000.00,277123.21
2023,07038AA000,Montuïri,ingres,2,250630.00,360058.41
2023,07038AA000,Montuïri,despesa,1,1147232.53,1112564.93
2023,07038AA000,Montuïri,despesa,5,51891.00,0
2023,07065AA000,Vilafranca de Bonany,despesa,9,115050.00,114902.51
2023,07065AA000,Vilafranca de Bonany,ingres,1,961250.00,855303.45
2023,07065AA000,Vilafranca de Bonany,ingres,3,412679.70,403048.19
2023,07065AA000,Vilafranca de Bonany,ingres,7,1446595.12,1446892.92
2023,07065AA000,Vilafranca de Bonany,despesa,5,5000.00,0
2023,07065AA000,Vilafranca de Bonany,despesa,1,630029.90,617393.10
2023,07065AA000,Vilafranca de Bonany,despesa,2,962462.12,959416.37
2023,07065AA000,Vilafranca de Bonany,despesa,4,1147210.80,1114973.42
2023,07065AA000,Vilafranca de Bonany,ingres,4,1482179.55,1409754.08
2023,07065AA000,Vilafranca de Bonany,ingres,8,386751.20,0
2023,07065AA000,Vilafranca de Bonany,despesa,3,17707.40,16814.59
2023,07065AA000,Vilafranca de Bonany,despesa,6,2014156.15,778758.67
2023,07065AA000,Vilafranca de Bonany,ingres,2,200000.00,144161.79
2023,07065AA000,Vilafranca de Bonany,ingres,5,2160.80,2346.92
2023,07001AA000,Alaró,ingres,4,2414816.68,2530053.42
2023,07001AA000,Alaró,despesa,6,4318152.22,2364687.63
2023,07001AA000,Alaró,ingres,2,371100.00,473179.05
2023,07001AA000,Alaró,despesa,7,200.00,0
2023,07001AA000,Alaró,ingres,1,1878000.00,1935266.15
2023,07001AA000,Alaró,despesa,1,3221255.96,3115388.27
2023,07001AA000,Alaró,ingres,3,896617.24,908501.43
2023,07001AA000,Alaró,ingres,5,109323.11,124661.57
2023,07001AA000,Alaró,ingres,8,1626309.27,0
2023,07001AA000,Alaró,despesa,3,15595.91,10969.46
2023,07001AA000,Alaró,despesa,4,589381.41,579077.47
2023,07001AA000,Alaró,ingres,6,5000.00,0
2023,07001AA000,Alaró,despesa,2,1757923.93,1730480.00
2023,07001AA000,Alaró,ingres,7,2190197.05,1693162.29
2023,07001AA000,Alaró,ingres,9,411145.48,402609.69
2023,07015AA000,Ciutadella de Menorca,ingres,7,4614868.19,2459328.54
2023,07015AA000,Ciutadella de Menorca,despesa,6,13031568.85,3520737.78
2023,07015AA000,Ciutadella de Menorca,ingres,1,15304000.00,15796110.79
2023,07015AA000,Ciutadella de Menorca,despesa,2,16519592.58,13919883.72
2023,07015AA000,Ciutadella de Menorca,ingres,2,1203300.00,1092474.01
2023,07015AA000,Ciutadella de Menorca,ingres,4,11198744.22,11596973.82
2023,07015AA000,Ciutadella de Menorca,ingres,8,10676149.23,0
2023,07015AA000,Ciutadella de Menorca,despesa,7,292680.44,258280.42
2023,07015AA000,Ciutadella de Menorca,ingres,5,444253.05,925090.40
2023,07015AA000,Ciutadella de Menorca,despesa,1,14565972.33,12782542.87
2023,07015AA000,Ciutadella de Menorca,despesa,4,8334268.09,6222352.78
2023,07015AA000,Ciutadella de Menorca,despesa,3,748850.38,689105.94
2023,07015AA000,Ciutadella de Menorca,ingres,3,10305728.44,9703056.43
2023,07015AA000,Ciutadella de Menorca,despesa,9,254110.46,249488.25
2023,07015AV002,Hospital Municipal,despesa,2,846924.31,811815.36
2023,07015AV002,Hospital Municipal,despesa,6,37287.99,37176.56
2023,07015AV002,Hospital Municipal,ingres,7,0,0
2023,07015AV002,Hospital Municipal,ingres,4,2538955.62,2489037.80
2023,07015AV002,Hospital Municipal,ingres,5,0,22946.53
2023,07015AV002,Hospital Municipal,despesa,1,2604218.71,2600086.13
2023,07015AV002,Hospital Municipal,ingres,3,665975.39,788804.31
2023,07015AV002,Hospital Municipal,ingres,8,283500.00,0
2023,07042AA000,Pollença,despesa,3,50000.00,7741.78
2023,07042AA000,Pollença,despesa,7,525447.00,0
2023,07042AA000,Pollença,despesa,6,17582489.18,5920767.88
2023,07042AA000,Pollença,ingres,3,6958630.00,10103525.31
2023,07042AA000,Pollença,ingres,4,5503955.27,6316953.65
2023,07042AA000,Pollença,ingres,7,298580.04,352466.72
2023,07042AA000,Pollença,despesa,4,3964462.32,3781016.60
2023,07042AA000,Pollença,ingres,8,20031914.00,0
2023,07042AA000,Pollença,ingres,5,38100.00,155379.78
2023,07042AA000,Pollença,despesa,2,11632637.79,10405173.42
2023,07042AA000,Pollença,ingres,2,1000040.00,1125997.77
2023,07042AA000,Pollença,despesa,1,10601183.02,9902552.13
2023,07042AA000,Pollença,ingres,1,10525000.00,11745352.54
2023,07043AA000,Porreres,despesa,3,26000.00,19868.19
2023,07043AA000,Porreres,despesa,2,2789881.26,2650853.87
2023,07043AA000,Porreres,ingres,2,251021.90,379840.70
2023,07043AA000,Porreres,ingres,4,1945294.64,2143046.19
2023,07043AA000,Porreres,ingres,7,416564.76,416564.76
2023,07043AA000,Porreres,despesa,4,404326.00,361097.75
2023,07043AA000,Porreres,despesa,7,75000.00,75000.00
2023,07043AA000,Porreres,despesa,1,1730535.64,1430877.21
2023,07043AA000,Porreres,ingres,1,1888481.60,2127138.23
2023,07043AA000,Porreres,ingres,5,30000.00,39467.35
2023,07043AA000,Porreres,despesa,6,2346499.27,1360293.71
2023,07043AA000,Porreres,ingres,3,342301.44,443204.82
2023,07043AA000,Porreres,ingres,8,2498577.83,0
2023,07051AA000,Sant Llorenç des Cardassar,despesa,8,19000.00,18800.00
2023,07051AA000,Sant Llorenç des Cardassar,despesa,6,21071437.54,8293174.72
2023,07051AA000,Sant Llorenç des Cardassar,ingres,4,3438097.56,4256132.51
2023,07051AA000,Sant Llorenç des Cardassar,ingres,8,16232141.92,18800.00
2023,07051AA000,Sant Llorenç des Cardassar,despesa,1,6279096.95,6240845.60
2023,07051AA000,Sant Llorenç des Cardassar,despesa,4,5704591.49,5614967.21
2023,07051AA000,Sant Llorenç des Cardassar,despesa,9,430000.00,422412.74
2023,07051AA000,Sant Llorenç des Cardassar,ingres,2,902000.00,691223.53
2023,07051AA000,Sant Llorenç des Cardassar,ingres,1,9285000.00,9689481.16
2023,07051AA000,Sant Llorenç des Cardassar,ingres,5,718000.00,916442.21
2023,07051AA000,Sant Llorenç des Cardassar,despesa,7,0,0
2023,07051AA000,Sant Llorenç des Cardassar,despesa,3,157198.30,148543.47
2023,07051AA000,Sant Llorenç des Cardassar,despesa,2,6533621.50,5171237.25
2023,07051AA000,Sant Llorenç des Cardassar,ingres,3,4544756.00,5035629.89
2023,07051AA000,Sant Llorenç des Cardassar,ingres,7,5074950.30,4935226.08
2023,07054AA000,Santa Eulària des Riu,despesa,7,278382.64,102311.43
2023,07054AA000,Santa Eulària des Riu,ingres,7,11053119.41,11006590.43
2023,07054AA000,Santa Eulària des Riu,despesa,1,14515321.31,13017057.85
2023,07054AA000,Santa Eulària des Riu,despesa,3,66010.00,661.73
2023,07054AA000,Santa Eulària des Riu,ingres,3,16787235.62,14963868.11
2023,07054AA000,Santa Eulària des Riu,despesa,4,5976653.97,4069739.26
2023,07054AA000,Santa Eulària des Riu,ingres,2,5709115.08,5708881.52
2023,07054AA000,Santa Eulària des Riu,ingres,8,26841331.59,358758.24
2023,07054AA000,Santa Eulària des Riu,ingres,6,20.00,0
2023,07054AA000,Santa Eulària des Riu,ingres,9,20.00,0
2023,07054AA000,Santa Eulària des Riu,despesa,2,34781617.77,30124016.54
2023,07054AA000,Santa Eulària des Riu,despesa,8,15020.00,12000.00
2023,07054AA000,Santa Eulària des Riu,ingres,4,14801325.01,14604441.49
2023,07054AA000,Santa Eulària des Riu,despesa,6,35704163.31,11391473.81
2023,07054AA000,Santa Eulària des Riu,ingres,5,2129502.21,1106014.06
2023,07054AA000,Santa Eulària des Riu,ingres,1,20210977.69,19294705.17
2023,07056AA000,Santa María del Camí,despesa,2,3096960.06,2927982.78
2023,07056AA000,Santa María del Camí,despesa,4,806824.59,721020.50
2023,07056AA000,Santa María del Camí,ingres,3,2384672.79,1619773.30
2023,07056AA000,Santa María del Camí,despesa,6,2807276.64,1494908.15
2023,07056AA000,Santa María del Camí,despesa,1,4282173.45,4161890.20
2023,07056AA000,Santa María del Camí,ingres,1,2534878.46,2515841.59
2023,07056AA000,Santa María del Camí,ingres,5,5.00,260.63
2023,07056AA000,Santa María del Camí,ingres,4,3039475.54,2998545.05
2023,07056AA000,Santa María del Camí,ingres,2,290000.00,240214.29
2023,07056AA000,Santa María del Camí,ingres,7,299999.85,235304.35
2023,07056AA000,Santa María del Camí,ingres,8,2444203.10,0
2023,07056AV001,P. Res. Pers. Majors. Cas Metge Rei,ingres,4,624780.97,533515.40
2023,07056AV001,P. Res. Pers. Majors. Cas Metge Rei,ingres,5,1.00,0
2023,07056AV001,P. Res. Pers. Majors. Cas Metge Rei,despesa,1,820871.06,820836.57
2023,07056AV001,P. Res. Pers. Majors. Cas Metge Rei,despesa,2,263109.91,231823.83
2023,07056AV001,P. Res. Pers. Majors. Cas Metge Rei,despesa,3,200.00,0
2023,07056AV001,P. Res. Pers. Majors. Cas Metge Rei,despesa,6,30000.00,29931.46
2023,07056AV001,P. Res. Pers. Majors. Cas Metge Rei,ingres,3,489399.00,505660.39
2023,07057AA000,Santanyí,despesa,1,9267041.85,8793927.88
2023,07057AA000,Santanyí,despesa,3,8000.00,6907.51
2023,07057AA000,Santanyí,ingres,5,1027952.98,1282420.40
2023,07057AA000,Santanyí,despesa,7,1134305.52,1132892.92
2023,07057AA000,Santanyí,ingres,7,278360.00,2436283.78
2023,07057AA000,Santanyí,ingres,4,4362701.44,4972391.00
2023,07057AA000,Santanyí,despesa,4,3070694.94,3035568.07
2023,07057AA000,Santanyí,despesa,2,13637058.45,11545505.71
2023,07057AA000,Santanyí,despesa,6,13966473.52,3639008.51
2023,07057AA000,Santanyí,ingres,3,5501712.27,6531223.09
2023,07057AA000,Santanyí,ingres,8,18065750.98,0
2023,07057AA000,Santanyí,ingres,1,10707096.61,11257953.97
2023,07057AA000,Santanyí,ingres,2,1140000.00,2300775.76
2023,07001DD000,Consejo Insular de Ibiza,ingres,8,83878758.57,117170.96
2023,07001DD000,Consejo Insular de Ibiza,despesa,4,43078648.76,32672186.72
2023,07001DD000,Consejo Insular de Ibiza,despesa,6,50821621.02,16789401.24
2023,07001DD000,Consejo Insular de Ibiza,ingres,1,3094540.00,2706379.03
2023,07001DD000,Consejo Insular de Ibiza,ingres,4,101080092.51,95717711.06
2023,07001DD000,Consejo Insular de Ibiza,ingres,5,542800.27,795307.29
2023,07001DD000,Consejo Insular de Ibiza,despesa,7,37379534.91,23627229.07
2023,07001DD000,Consejo Insular de Ibiza,ingres,2,3562650.00,3608659.89
2023,07001DD000,Consejo Insular de Ibiza,despesa,2,36509733.04,21048969.08
2023,07001DD000,Consejo Insular de Ibiza,despesa,1,42116909.17,40327526.48
2023,07001DD000,Consejo Insular de Ibiza,ingres,3,9076962.01,7749161.20
2023,07001DD000,Consejo Insular de Ibiza,despesa,3,207240.85,122441.46
2023,07001DD000,Consejo Insular de Ibiza,ingres,9,200000.00,102426.48
2023,07001DD000,Consejo Insular de Ibiza,despesa,9,100000.00,95298.54
2023,07001DD000,Consejo Insular de Ibiza,ingres,7,9127884.39,9806723.41
2023,07001DD000,Consejo Insular de Ibiza,despesa,8,350000.00,114371.56
2023,07001DV003,P. Esc. Turismo,despesa,6,25000.00,15399.61
2023,07001DV003,P. Esc. Turismo,ingres,4,630000.00,657915.77
2023,07001DV003,P. Esc. Turismo,despesa,4,30000.00,27301.09
2023,07001DV003,P. Esc. Turismo,ingres,3,110000.00,82060.30
2023,07001DV003,P. Esc. Turismo,despesa,3,2000.00,266.84
2023,07001DV003,P. Esc. Turismo,despesa,1,596237.57,563030.14
2023,07001DV003,P. Esc. Turismo,despesa,2,86762.43,63053.53
2023,07002DD000,Consejo Insular de Mallorca,despesa,4,341905248.10,328466166.23
2023,07002DD000,Consejo Insular de Mallorca,despesa,7,82799362.04,47631362.62
2023,07002DD000,Consejo Insular de Mallorca,ingres,7,66428376.36,62903098.50
2023,07002DD000,Consejo Insular de Mallorca,ingres,2,20989619.00,21233983.27
2023,07002DD000,Consejo Insular de Mallorca,despesa,1,104060486.52,93656011.03
2023,07002DD000,Consejo Insular de Mallorca,despesa,6,126506067.07,38772951.95
2023,07002DD000,Consejo Insular de Mallorca,ingres,3,21099295.47,25611603.51
2023,07002DD000,Consejo Insular de Mallorca,ingres,5,3244109.53,6269203.18
2023,07002DD000,Consejo Insular de Mallorca,ingres,1,19167670.00,18854558.73
2023,07002DD000,Consejo Insular de Mallorca,ingres,4,469084467.06,467384560.39
2023,07002DD000,Consejo Insular de Mallorca,despesa,8,1100000.00,1057372.00
2023,07002DD000,Consejo Insular de Mallorca,despesa,5,100000.00,0
2023,07002DD000,Consejo Insular de Mallorca,ingres,8,147373202.67,1057372.00
2023,07002DD000,Consejo Insular de Mallorca,despesa,2,89649690.06,64037997.33
2023,07002DD000,Consejo Insular de Mallorca,despesa,3,1265886.30,381777.04
2023,07002DV003,Inst.  Mallorquí d'Afers Socials,despesa,6,28135702.17,6135181.37
2023,07002DV003,Inst.  Mallorquí d'Afers Socials,ingres,7,15500253.69,11699021.27
2023,07002DV003,Inst.  Mallorquí d'Afers Socials,despesa,4,35416955.87,32344136.68
2023,07002DV003,Inst.  Mallorquí d'Afers Socials,ingres,3,8443887.46,9002202.46
2023,07002DV003,Inst.  Mallorquí d'Afers Socials,ingres,5,31000.00,96275.26
2023,07002DV003,Inst.  Mallorquí d'Afers Socials,despesa,2,144352028.51,132693855.22
2023,07002DV003,Inst.  Mallorquí d'Afers Socials,despesa,1,104531302.37,102660507.63
2023,07002DV003,Inst.  Mallorquí d'Afers Socials,despesa,7,4647533.67,915369.83
2023,07002DV003,Inst.  Mallorquí d'Afers Socials,ingres,4,262559127.91,255138023.64
2023,07002DV003,Inst.  Mallorquí d'Afers Socials,ingres,8,30699253.53,60278.72
2023,07002DV003,Inst.  Mallorquí d'Afers Socials,despesa,3,30000.00,18500.47
2023,07002DV003,Inst.  Mallorquí d'Afers Socials,despesa,8,120000.00,60278.72
2023,07003DD000,Consejo Insular de Menorca,despesa,1,30400523.45,27516465.37
2023,07003DD000,Consejo Insular de Menorca,ingres,2,2132537.16,2181355.02
2023,07003DD000,Consejo Insular de Menorca,ingres,3,3560200.85,4135191.67
2023,07003DD000,Consejo Insular de Menorca,ingres,6,0,258025.43
2023,07003DD000,Consejo Insular de Menorca,ingres,7,33258205.96,22176847.85
2023,07003DD000,Consejo Insular de Menorca,ingres,5,31100.00,450059.55
2023,07003DD000,Consejo Insular de Menorca,ingres,8,31022219.64,87332.50
2023,07003DD000,Consejo Insular de Menorca,despesa,7,45076912.87,14486095.42
2023,07003DD000,Consejo Insular de Menorca,despesa,8,975000.00,388800.00
2023,07003DD000,Consejo Insular de Menorca,despesa,5,480000.00,0
2023,07003DD000,Consejo Insular de Menorca,despesa,3,95000.00,80550.19
2023,07003DD000,Consejo Insular de Menorca,despesa,4,50138772.54,35193938.02
2023,07003DD000,Consejo Insular de Menorca,ingres,4,93300839.07,90706579.13
2023,07003DD000,Consejo Insular de Menorca,despesa,6,45863769.70,7644872.16
2023,07003DD000,Consejo Insular de Menorca,ingres,9,30470000.00,0
2023,07003DD000,Consejo Insular de Menorca,despesa,2,22381298.44,15507661.81
2023,07003DD000,Consejo Insular de Menorca,ingres,1,1636174.32,1726651.24
2023,07002MM000,Mc. Pla de Mallorca,ingres,4,8337786.55,7522952.06
2023,07002MM000,Mc. Pla de Mallorca,despesa,1,1200459.15,1104061.09
2023,07002MM000,Mc. Pla de Mallorca,despesa,6,227000.00,215215.91
2023,07002MM000,Mc. Pla de Mallorca,ingres,3,1619798.55,1328456.07
2023,07002MM000,Mc. Pla de Mallorca,despesa,3,15000.00,8701.89
2023,07002MM000,Mc. Pla de Mallorca,despesa,4,3450727.80,453517.03
2023,07002MM000,Mc. Pla de Mallorca,ingres,8,3117552.86,0
2023,07002MM000,Mc. Pla de Mallorca,despesa,2,11306205.57,7434173.47
2023,07002MM000,Mc. Pla de Mallorca,ingres,7,3124254.56,0
2023,07002MM000,Mc. Pla de Mallorca,ingres,5,0,122061.09
2023,07003MM000,Mc. Migjorn de Mallorca,despesa,1,880087.09,745739.11
2023,07003MM000,Mc. Migjorn de Mallorca,ingres,7,33098.20,0
2023,07003MM000,Mc. Migjorn de Mallorca,ingres,3,1992200.00,1677117.20
2023,07003MM000,Mc. Migjorn de Mallorca,despesa,3,10000.00,2103.40
2023,07003MM000,Mc. Migjorn de Mallorca,ingres,8,506669.94,0
2023,07003MM000,Mc. Migjorn de Mallorca,despesa,2,1126786.00,973085.91
2023,07003MM000,Mc. Migjorn de Mallorca,despesa,4,600.00,360.00
2023,07003MM000,Mc. Migjorn de Mallorca,despesa,6,514495.05,47848.67
2023,07003MM000,Mc. Migjorn de Mallorca,ingres,5,0,24373.30
2023,07006AA000,Artà,ingres,8,5497759.53,0
2023,07006AA000,Artà,ingres,2,601500.00,763843.74
2023,07006AA000,Artà,ingres,4,3206856.74,3321367.36
2023,07006AA000,Artà,ingres,3,4675204.37,4351011.19
2023,07006AA000,Artà,despesa,6,7414691.05,3538284.97
2023,07006AA000,Artà,ingres,5,46901.00,102851.80
2023,07006AA000,Artà,despesa,7,1.00,0
2023,07006AA000,Artà,despesa,1,6084372.31,5804368.61
2023,07006AA000,Artà,despesa,2,6169239.12,5361148.22
2023,07006AA000,Artà,despesa,5,17828.12,0
2023,07006AA000,Artà,despesa,3,7501.00,7097.75
2023,07006AA000,Artà,despesa,4,476167.74,357325.13
2023,07006AA000,Artà,ingres,1,4948199.06,4968850.89
2023,07006AA000,Artà,ingres,7,1193379.64,1073374.01
2023,07026AV002,P. M. Música,despesa,4,2000.00,0
2023,07026AV002,P. M. Música,despesa,3,1500.00,828.47
2023,07026AV002,P. M. Música,despesa,6,3800.00,2113.55
2023,07026AV002,P. M. Música,despesa,8,10.00,0
2023,07026AV002,P. M. Música,despesa,1,487786.26,432912.40
2023,07026AV002,P. M. Música,despesa,2,339903.74,339870.12
2023,07026AV002,P. M. Música,ingres,7,3800.00,2113.55
2023,07026AV002,P. M. Música,ingres,4,766180.00,736355.50
2023,07026AV002,P. M. Música,ingres,8,10.00,0
2023,07026AV002,P. M. Música,ingres,3,65010.00,59601.75
2023,07011AO001,"Inst. M. de Educación y Bibliotecas, IMEB -Calvià",despesa,3,8600.00,0
2023,07011AO001,"Inst. M. de Educación y Bibliotecas, IMEB -Calvià",ingres,3,1595274.40,647220.44
2023,07011AO001,"Inst. M. de Educación y Bibliotecas, IMEB -Calvià",ingres,8,337358.07,10646.40
2023,07011AO001,"Inst. M. de Educación y Bibliotecas, IMEB -Calvià",despesa,2,2882289.80,2822387.15
2023,07011AO001,"Inst. M. de Educación y Bibliotecas, IMEB -Calvià",despesa,4,564099.30,524853.32
2023,07011AO001,"Inst. M. de Educación y Bibliotecas, IMEB -Calvià",despesa,8,22000.00,10646.40
2023,07011AO001,"Inst. M. de Educación y Bibliotecas, IMEB -Calvià",ingres,4,8689373.52,9268352.98
2023,07011AO001,"Inst. M. de Educación y Bibliotecas, IMEB -Calvià",despesa,1,6299313.90,6144701.57
2023,07011AO001,"Inst. M. de Educación y Bibliotecas, IMEB -Calvià",despesa,6,845702.99,707415.22
2023,07008AA000,Binissalem,ingres,6,185000.00,0
2023,07008AA000,Binissalem,ingres,2,250000.00,421594.97
2023,07008AA000,Binissalem,ingres,3,1347434.25,1454435.59
2023,07008AA000,Binissalem,despesa,6,1189644.30,500355.62
2023,07008AA000,Binissalem,despesa,5,47000.00,0
2023,07008AA000,Binissalem,despesa,3,18000.00,8506.70
2023,07008AA000,Binissalem,ingres,4,2722777.77,3559880.51
2023,07008AA000,Binissalem,ingres,8,1042691.30,0
2023,07008AA000,Binissalem,despesa,2,3438835.99,2675562.57
2023,07008AA000,Binissalem,ingres,1,2624000.00,2622004.29
2023,07008AA000,Binissalem,despesa,9,705000.00,463684.84
2023,07008AA000,Binissalem,ingres,7,900492.32,68897.02
2023,07008AA000,Binissalem,despesa,1,2899030.42,2898222.23
2023,07008AA000,Binissalem,despesa,4,724268.25,555876.54
2023,07008AA000,Binissalem,ingres,5,232000.00,30146.00
2023,07002DV001,Inst. l'Esport Hipic,despesa,8,5000.00,0
2023,07002DV001,Inst. l'Esport Hipic,ingres,3,258600.00,250103.76
2023,07002DV001,Inst. l'Esport Hipic,ingres,8,2992166.74,0
2023,07002DV001,Inst. l'Esport Hipic,ingres,7,120000.00,120000.00
2023,07002DV001,Inst. l'Esport Hipic,ingres,4,2754000.00,2754649.75
2023,07002DV001,Inst. l'Esport Hipic,ingres,5,264000.00,433399.33
2023,07002DV001,Inst. l'Esport Hipic,despesa,1,1222813.24,1031005.30
2023,07002DV001,Inst. l'Esport Hipic,despesa,2,1343601.93,1209976.42
2023,07002DV001,Inst. l'Esport Hipic,despesa,3,10000.00,0
2023,07002DV001,Inst. l'Esport Hipic,despesa,6,2774551.57,660105.73
2023,07002DV001,Inst. l'Esport Hipic,despesa,4,1032800.00,1022888.31
2023,07010AA000,Bunyola,despesa,4,822250.65,789905.62
2023,07010AA000,Bunyola,despesa,2,4248913.47,3974224.77
2023,07010AA000,Bunyola,despesa,6,4534114.05,2078048.35
2023,07010AA000,Bunyola,ingres,2,617910.53,1342045.25
2023,07010AA000,Bunyola,ingres,8,4224065.24,0
2023,07010AA000,Bunyola,ingres,7,1076731.00,547383.36
2023,07010AA000,Bunyola,ingres,1,2485759.17,2820645.37
2023,07010AA000,Bunyola,despesa,5,68371.48,0
2023,07010AA000,Bunyola,despesa,9,353763.00,353271.92
2023,07010AA000,Bunyola,ingres,3,1522993.67,1621601.19
2023,07010AA000,Bunyola,ingres,5,1855.25,5055.71
2023,07010AA000,Bunyola,despesa,1,2144688.67,2062567.55
2023,07010AA000,Bunyola,ingres,4,2291286.46,2713213.97
2023,07010AA000,Bunyola,despesa,3,48500.00,31395.12
2023,07030AA000,Llubí,ingres,4,760741.23,1035840.02
2023,07030AA000,Llubí,despesa,7,1000.00,0
2023,07030AA000,Llubí,despesa,1,1107588.53,1043661.01
2023,07030AA000,Llubí,despesa,4,87583.00,69743.40
2023,07030AA000,Llubí,despesa,2,963141.60,939098.93
2023,07030AA000,Llubí,despesa,9,45270.00,45230.80
2023,07030AA000,Llubí,despesa,3,17687.38,15276.87
2023,07030AA000,Llubí,ingres,3,192926.00,189993.96
2023,07030AA000,Llubí,ingres,7,950324.38,950324.38
2023,07030AA000,Llubí,ingres,8,573024.49,0
2023,07030AA000,Llubí,ingres,5,19636.00,18170.08
2023,07030AA000,Llubí,despesa,6,1266573.59,387284.15
2023,07030AA000,Llubí,ingres,1,752192.00,716490.99
2023,07030AA000,Llubí,ingres,2,240000.00,183690.38
2023,07041AO001,F. Escuela Municipal de Música de Petra,despesa,2,1130.60,478.62
2023,07041AO001,F. Escuela Municipal de Música de Petra,despesa,1,60962.78,60427.27
2023,07041AO001,F. Escuela Municipal de Música de Petra,despesa,3,821.81,373.30
2023,07041AO001,F. Escuela Municipal de Música de Petra,ingres,3,35915.19,36440.85
2023,07041AO001,F. Escuela Municipal de Música de Petra,ingres,4,27000.00,31874.69
2023,07041AO002,Fundación Teatro y Acción Socio-Cultural de Petra,despesa,2,45212.00,37996.83
2023,07041AO002,Fundación Teatro y Acción Socio-Cultural de Petra,ingres,4,68500.00,93500.00
2023,07041AO002,Fundación Teatro y Acción Socio-Cultural de Petra,despesa,1,32300.00,28027.11
2023,07041AO002,Fundación Teatro y Acción Socio-Cultural de Petra,ingres,3,9012.00,27916.09
2023,07064AA000,Castell (Es),despesa,3,12000.00,5461.17
2023,07064AA000,Castell (Es),ingres,7,3968100.00,115396.43
2023,07064AA000,Castell (Es),despesa,4,1137489.97,1120447.57
2023,07064AA000,Castell (Es),ingres,2,120000.00,300384.37
2023,07064AA000,Castell (Es),ingres,5,30000.00,45506.13
2023,07064AA000,Castell (Es),ingres,4,3301594.33,3525069.70
2023,07064AA000,Castell (Es),despesa,1,4926397.00,4719193.74
2023,07064AA000,Castell (Es),despesa,6,6078019.69,1830589.99
2023,07064AA000,Castell (Es),ingres,3,617900.00,745412.91
2023,07064AA000,Castell (Es),ingres,8,1718719.69,0
2023,07064AA000,Castell (Es),despesa,2,1617550.00,1571517.54
2023,07064AA000,Castell (Es),ingres,1,4289652.77,4140506.65
2023,07064AA000,Castell (Es),despesa,7,274510.13,23555.83
2023,07040AV006,Instituto Municipal Innovación  (IMI),ingres,4,7060958.54,5325796.47
2023,07040AV006,Instituto Municipal Innovación  (IMI),despesa,2,1694241.94,1329471.15
2023,07040AV006,Instituto Municipal Innovación  (IMI),despesa,3,3458.06,2196.12
2023,07040AV006,Instituto Municipal Innovación  (IMI),despesa,8,60000.00,15079.39
2023,07040AV006,Instituto Municipal Innovación  (IMI),ingres,7,1203861.03,329448.53
2023,07040AV006,Instituto Municipal Innovación  (IMI),ingres,8,60000.00,8680.00
2023,07040AV006,Instituto Municipal Innovación  (IMI),despesa,1,5366151.54,3992988.20
2023,07040AV006,Instituto Municipal Innovación  (IMI),ingres,3,2893.00,5157.21
2023,07040AV006,Instituto Municipal Innovación  (IMI),despesa,6,1203861.03,329254.93
2023,07011AA000,Calvià,despesa,6,43523995.95,21206064.99
2023,07011AA000,Calvià,ingres,2,7651700.00,9007995.76
2023,07011AA000,Calvià,despesa,1,44702738.35,43207410.03
2023,07011AA000,Calvià,despesa,3,3385820.00,3313007.10
2023,07011AA000,Calvià,ingres,1,56880000.00,50973248.73
2023,07011AA000,Calvià,ingres,9,0,0
2023,07011AA000,Calvià,despesa,4,36590989.95,36016945.78
2023,07011AA000,Calvià,despesa,2,24548883.39,21700539.67
2023,07011AA000,Calvià,despesa,7,1137713.76,495324.90
2023,07011AA000,Calvià,ingres,5,4866815.16,4931606.76
2023,07011AA000,Calvià,ingres,3,11997600.00,13672008.20
2023,07011AA000,Calvià,despesa,9,702328.80,597510.41
2023,07011AA000,Calvià,ingres,4,27216501.18,25734382.01
2023,07011AA000,Calvià,ingres,7,12934148.56,13187820.44
2023,07011AA000,Calvià,ingres,8,33355705.30,262358.00
2023,07011AA000,Calvià,despesa,8,310000.00,266366.00
2023,07033AV002,P. l'Escola M. de Mallorqui,despesa,6,4500.00,2976.60
2023,07033AV002,P. l'Escola M. de Mallorqui,ingres,7,4500.00,4500.00
2023,07033AV002,P. l'Escola M. de Mallorqui,despesa,3,31.00,0
2023,07033AV002,P. l'Escola M. de Mallorqui,despesa,2,110669.00,90691.72
2023,07033AV002,P. l'Escola M. de Mallorqui,ingres,4,85200.00,82568.44
2023,07033AV002,P. l'Escola M. de Mallorqui,ingres,3,25500.00,30594.26
2023,07027AA000,Inca,ingres,4,11898598.02,12018777.23
2023,07027AA000,Inca,despesa,7,400000.00,178720.77
2023,07027AA000,Inca,despesa,8,35000.00,33200.00
2023,07027AA000,Inca,ingres,2,600765.53,638386.06
2023,07027AA000,Inca,despesa,1,17497736.31,16338201.09
2023,07027AA000,Inca,ingres,5,126763.16,225390.07
2023,07027AA000,Inca,despesa,6,9415080.49,4494754.97
2023,07027AA000,Inca,despesa,2,17921353.95,15996715.19
2023,07027AA000,Inca,ingres,8,11882700.51,2158035.91
2023,07027AA000,Inca,despesa,4,2142097.98,1495466.55
2023,07027AA000,Inca,ingres,3,9409194.45,11374887.26
2023,07027AA000,Inca,ingres,7,2801466.40,3299082.00
2023,07027AA000,Inca,ingres,1,10691780.66,10927783.71
2023,07022AA000,Felanitx,despesa,1,8694434.21,8451672.64
2023,07022AA000,Felanitx,despesa,2,13086955.74,12511045.73
2023,07022AA000,Felanitx,despesa,8,1700.00,1600.00
2023,07022AA000,Felanitx,ingres,1,8190000.00,8459572.28
2023,07022AA000,Felanitx,despesa,3,26000.00,12338.68
2023,07022AA000,Felanitx,despesa,4,1472050.25,1194977.09
2023,07022AA000,Felanitx,ingres,2,853000.00,679275.73
2023,07022AA000,Felanitx,despesa,6,4847025.31,2061534.54
2023,07022AA000,Felanitx,despesa,7,101532.53,22204.15
2023,07022AA000,Felanitx,ingres,3,4742659.18,5828559.53
2023,07022AA000,Felanitx,ingres,4,6284791.58,6050695.91
2023,07022AA000,Felanitx,ingres,5,373100.00,999515.68
2023,07022AA000,Felanitx,ingres,8,6362843.79,160.00
2023,07022AA000,Felanitx,ingres,9,1040000.00,0
2023,07022AA000,Felanitx,ingres,7,383303.49,2903989.08
2023,07015AV003,P. Esc. Infantiles,ingres,5,0,39.42
2023,07015AV003,P. Esc. Infantiles,ingres,7,30000.00,0
2023,07015AV003,P. Esc. Infantiles,despesa,6,40000.00,9340.76
2023,07015AV003,P. Esc. Infantiles,despesa,5,13320.45,0
2023,07015AV003,P. Esc. Infantiles,ingres,8,61715.00,0
2023,07015AV003,P. Esc. Infantiles,ingres,3,113000.00,170434.05
2023,07015AV003,P. Esc. Infantiles,ingres,4,1516495.72,1455795.72
2023,07015AV003,P. Esc. Infantiles,despesa,1,649325.63,557330.50
2023,07015AV003,P. Esc. Infantiles,despesa,2,1018564.64,984991.43
2023,07023AA000,Ferreries,despesa,6,2624326.65,764008.29
2023,07023AA000,Ferreries,ingres,2,115000.00,148079.59
2023,07023AA000,Ferreries,ingres,3,1119552.00,1248365.25
2023,07023AA000,Ferreries,despesa,1,2837898.73,2519943.12
2023,07023AA000,Ferreries,ingres,5,876360.00,891918.33
2023,07023AA000,Ferreries,ingres,4,2684302.22,2736032.53
2023,07023AA000,Ferreries,ingres,7,382016.79,223357.06
2023,07023AA000,Ferreries,ingres,8,3093405.14,27033.00
2023,07023AA000,Ferreries,ingres,1,2167000.00,2229514.57
2023,07023AA000,Ferreries,despesa,7,48500.00,0
2023,07023AA000,Ferreries,despesa,2,4376476.80,3925477.74
2023,07023AA000,Ferreries,despesa,3,33000.00,23149.29
2023,07023AA000,Ferreries,despesa,4,477433.97,371972.70
2023,07023AA000,Ferreries,despesa,8,40000.00,27033.00
2023,07052AA000,Sant Lluís,ingres,1,5771084.00,5951354.70
2023,07052AA000,Sant Lluís,despesa,6,8559675.05,1983365.35
2023,07052AA000,Sant Lluís,ingres,7,3016164.77,1490175.14
2023,07052AA000,Sant Lluís,despesa,1,6108440.61,5368424.94
2023,07052AA000,Sant Lluís,ingres,2,462000.00,483194.93
2023,07052AA000,Sant Lluís,despesa,3,220200.00,208312.74
2023,07052AA000,Sant Lluís,despesa,7,414467.13,233230.64
2023,07052AA000,Sant Lluís,despesa,8,25231.75,24090.79
2023,07052AA000,Sant Lluís,despesa,9,1120406.48,1120397.24
2023,07052AA000,Sant Lluís,ingres,8,7298987.08,24090.79
2023,07052AA000,Sant Lluís,ingres,4,3071993.43,3093401.07
2023,07052AA000,Sant Lluís,despesa,2,5250065.34,4280555.96
2023,07052AA000,Sant Lluís,despesa,4,1123207.93,707825.95
2023,07052AA000,Sant Lluís,ingres,3,2898109.13,2410004.92
2023,07052AA000,Sant Lluís,ingres,5,355033.00,421113.33
2023,07052AA000,Sant Lluís,despesa,5,51677.12,0
2023,07002DO001,Agència  Protecció Legalitat Urbanística i Territorial de Mallorca,ingres,4,870000.00,870000.00
2023,07002DO001,Agència  Protecció Legalitat Urbanística i Territorial de Mallorca,despesa,6,20000.00,10285.82
2023,07002DO001,Agència  Protecció Legalitat Urbanística i Territorial de Mallorca,despesa,3,13000.00,899.67
2023,07002DO001,Agència  Protecció Legalitat Urbanística i Territorial de Mallorca,ingres,5,0,2.28
2023,07002DO001,Agència  Protecció Legalitat Urbanística i Territorial de Mallorca,despesa,8,6000.00,0
2023,07002DO001,Agència  Protecció Legalitat Urbanística i Territorial de Mallorca,despesa,1,2998371.39,2251970.31
2023,07002DO001,Agència  Protecció Legalitat Urbanística i Territorial de Mallorca,ingres,8,517858.06,0
2023,07002DO001,Agència  Protecció Legalitat Urbanística i Territorial de Mallorca,despesa,2,429227.66,343948.33
2023,07002DO001,Agència  Protecció Legalitat Urbanística i Territorial de Mallorca,ingres,3,2078740.99,3738080.00
2023,07003DV001,Inst. Menorquín de Estudios,despesa,6,22000.00,20955.92
2023,07003DV001,Inst. Menorquín de Estudios,ingres,4,1567083.54,1415662.66
2023,07003DV001,Inst. Menorquín de Estudios,despesa,5,7860.41,0
2023,07003DV001,Inst. Menorquín de Estudios,despesa,1,873744.64,683052.88
2023,07003DV001,Inst. Menorquín de Estudios,despesa,4,600.00,460.16
2023,07003DV001,Inst. Menorquín de Estudios,despesa,7,82000.00,70845.79
2023,07003DV001,Inst. Menorquín de Estudios,ingres,3,100000.00,80966.16
2023,07003DV001,Inst. Menorquín de Estudios,despesa,8,1000.00,0
2023,07003DV001,Inst. Menorquín de Estudios,ingres,5,0,12
2023,07003DV001,Inst. Menorquín de Estudios,despesa,2,679878.49,499303.42
2023,07003DV002,Consell Economic i Social,ingres,4,29250.00,16000.00
2023,07003DV002,Consell Economic i Social,despesa,4,16000.00,16000.00
2023,07003DV002,Consell Economic i Social,despesa,2,13250.00,0
2023,07026AV003,Museo de Arte Contemporáneo,despesa,8,10.00,0
2023,07026AV003,Museo de Arte Contemporáneo,ingres,4,342290.00,317362.88
2023,07026AV003,Museo de Arte Contemporáneo,ingres,8,10.00,0
2023,07026AV003,Museo de Arte Contemporáneo,ingres,7,13200.00,12800.00
2023,07026AV003,Museo de Arte Contemporáneo,despesa,1,219063.14,184286.35
2023,07026AV003,Museo de Arte Contemporáneo,ingres,3,0,73.23
2023,07026AV003,Museo de Arte Contemporáneo,despesa,2,122753.18,110559.29
2023,07026AV003,Museo de Arte Contemporáneo,despesa,3,473.68,244.21
2023,07026AV003,Museo de Arte Contemporáneo,despesa,6,13200.00,12800.00
2023,07031AV001,P. Res. Personas Mayores,ingres,7,20000.00,0
2023,07031AV001,P. Res. Personas Mayores,ingres,4,1785625.23,1233680.87
2023,07031AV001,P. Res. Personas Mayores,despesa,3,4239.35,3460.75
2023,07031AV001,P. Res. Personas Mayores,ingres,8,12000.00,0
2023,07031AV001,P. Res. Personas Mayores,despesa,2,242860.65,178506.18
2023,07031AV001,P. Res. Personas Mayores,despesa,8,12000.00,0
2023,07031AV001,P. Res. Personas Mayores,ingres,5,100.00,0
2023,07031AV001,P. Res. Personas Mayores,despesa,1,1734326.13,1126253.19
2023,07031AV001,P. Res. Personas Mayores,despesa,6,20000.00,0
2023,07031AV001,P. Res. Personas Mayores,ingres,3,205100.00,217679.55
2023,07031AV001,P. Res. Personas Mayores,despesa,5,9399.10,0
2023,07053AA000,Santa Eugènia,ingres,8,303407.56,0
2023,07053AA000,Santa Eugènia,despesa,6,2543337.86,303886.59
2023,07053AA000,Santa Eugènia,despesa,8,10000.00,0
2023,07053AA000,Santa Eugènia,despesa,5,7918.18,0
2023,07053AA000,Santa Eugènia,ingres,5,15442.58,11363.78
2023,07053AA000,Santa Eugènia,ingres,1,621019.87,598180.85
2023,07053AA000,Santa Eugènia,ingres,7,2358201.32,2074009.11
2023,07053AA000,Santa Eugènia,despesa,1,985232.27,854656.81
2023,07053AA000,Santa Eugènia,despesa,2,884874.93,859774.78
2023,07053AA000,Santa Eugènia,despesa,9,28218.09,28218.09
2023,07053AA000,Santa Eugènia,ingres,4,868892.86,814866.65
2023,07053AA000,Santa Eugènia,despesa,4,141670.28,122996.55
2023,07053AA000,Santa Eugènia,ingres,2,95834.84,159330.43
2023,07053AA000,Santa Eugènia,ingres,3,338452.58,410550.82
2023,07010AE001,Palmanyola,ingres,7,237612.82,0
2023,07010AE001,Palmanyola,despesa,6,564158.47,533498.20
2023,07010AE001,Palmanyola,despesa,1,346708.23,296026.42
2023,07010AE001,Palmanyola,ingres,3,33975.00,51629.98
2023,07010AE001,Palmanyola,ingres,4,820712.72,1297862.33
2023,07010AE001,Palmanyola,ingres,8,359151.65,0
2023,07010AE001,Palmanyola,despesa,2,496490.49,444600.20
2023,07010AE001,Palmanyola,ingres,5,20060.00,19643.72
2023,07010AE001,Palmanyola,despesa,4,64155.00,64155.00
2023,07014AO001,F. Castell de Capdepera,ingres,3,181000.00,277927.01
2023,07014AO001,F. Castell de Capdepera,despesa,2,77000.00,65643.18
2023,07014AO001,F. Castell de Capdepera,despesa,1,87934.89,71603.65
2023,07014AO001,F. Castell de Capdepera,despesa,3,7000.00,5276.73
2023,07014AO001,F. Castell de Capdepera,ingres,4,1000.00,3874.59
2023,07014AO001,F. Castell de Capdepera,despesa,6,10000.00,0
2023,07032AA000,Maó,despesa,3,113981.00,104857.25
2023,07032AA000,Maó,despesa,4,7709732.43,7065150.34
2023,07032AA000,Maó,ingres,4,13554305.42,14035875.97
2023,07032AA000,Maó,ingres,5,251700.00,526734.89
2023,07032AA000,Maó,despesa,5,138059.80,0
2023,07032AA000,Maó,ingres,8,13310301.18,17374.02
2023,07032AA000,Maó,despesa,6,15606264.45,4793628.23
2023,07032AA000,Maó,despesa,7,1832365.20,1181221.03
2023,07032AA000,Maó,despesa,8,60000.00,17374.02
2023,07032AA000,Maó,despesa,9,1343115.00,1343114.12
2023,07032AA000,Maó,ingres,3,4203180.00,5220112.62
2023,07032AA000,Maó,despesa,2,13938620.30,12184430.63
2023,07032AA000,Maó,ingres,2,355300.00,318399.52
2023,07032AA000,Maó,ingres,7,7387009.34,3427363.25
2023,07032AA000,Maó,despesa,1,17949148.12,17497802.39
2023,07032AA000,Maó,ingres,1,19503000.00,17985002.91
2023,07032AA000,Maó,ingres,6,126490.36,126490.36
2023,07031AV002,P. Molí d'En Gaspar,ingres,4,1.00,1.00
2023,07031AV002,P. Molí d'En Gaspar,despesa,3,1.00,1.00
2023,07036AO001,Institut Municipal Comunicació,despesa,2,243000.00,174731.33
2023,07036AO001,Institut Municipal Comunicació,despesa,3,1000.00,499.74
2023,07036AO001,Institut Municipal Comunicació,ingres,4,244000.00,244000.00
2023,07036AO001,Institut Municipal Comunicació,ingres,5,0,858.55
