any,codente,nom,costat,capitol,inicial
2016,07001DD000,Consejo Insular de Ibiza,ingres,3,5578561.83
2016,07001DD000,Consejo Insular de Ibiza,despesa,1,28037693.46
2016,07001DV003,P. Esc. Turismo,ingres,5,100.00
2016,07002AA000,Alaior,ingres,5,601500.00
2016,07002DV003,Inst.  Mallorquí d'Afers Socials,ingres,5,29940.22
2016,07002DO001,Agència  Protecció Legalitat Urbanística i Territorial de Mallorca,ingres,8,6000.00
2016,07002DO001,Agència  Protecció Legalitat Urbanística i Territorial de Mallorca,despesa,1,1134354.68
2016,07002DV001,Inst. l'Esport Hipic,despesa,1,954376.42
2016,07002DV001,Inst. l'Esport Hipic,despesa,2,782010.26
2016,07002DD000,Consejo Insular de Mallorca,despesa,8,100000.00
2016,07003AV001,P. M. D'Esports,ingres,4,682630.00
2016,07003AV003,Emisora Alcúdia Radio,ingres,7,1800.00
2016,07003AV003,Emisora Alcúdia Radio,despesa,2,18740.00
2016,07003DD000,Consejo Insular de Menorca,despesa,9,6879208.72
2016,07003DV002,Consell Economic i Social,despesa,2,15250.00
2016,07004AA000,Algaida,ingres,2,79110.91
2016,07005AA000,Andratx,ingres,5,300600.00
2016,07005AA000,Andratx,despesa,8,10000.00
2016,07006AA000,Artà,despesa,1,4076868.18
2016,07006MM000,Mc. Matadero Insular de Eivissa,despesa,6,60000.00
2016,07007AA000,Banyalbufar,ingres,1,347000.00
2016,07007AA000,Banyalbufar,ingres,2,40000.00
2016,07010AE001,Palmanyola,ingres,5,6550.00
2016,07011AO001,"Inst. M. de Educación y Bibliotecas, IMEB -Calvià",ingres,5,5100.00
2016,07011AO001,"Inst. M. de Educación y Bibliotecas, IMEB -Calvià",despesa,4,122000.00
2016,07011AA000,Calvià,despesa,4,22202625.71
2016,07013AA000,Campos,ingres,3,3626200.00
2016,07013AA000,Campos,ingres,5,1303500.00
2016,07013AA000,Campos,despesa,6,601950.00
2016,07017AA000,Costitx,despesa,6,93800.00
2016,07018AA000,Deyá,ingres,4,401000.00
2016,07018AA000,Deyá,despesa,1,614431.09
2016,07018AA000,Deyá,despesa,2,976173.00
2016,07019AA000,Escorca,ingres,2,35006.00
2016,07020AA000,Esporles,ingres,2,60000.00
2016,07020AA000,Esporles,ingres,6,1.00
2016,07022AA000,Felanitx,ingres,2,209000.00
2016,07022AA000,Felanitx,despesa,3,122150.00
2016,07022AA000,Felanitx,despesa,4,951200.00
2016,07024AA000,Formentera,ingres,4,9135000.00
2016,07024AA000,Formentera,ingres,7,907000.00
2016,07026AA000,Eivissa,despesa,6,5604127.92
2016,07026AA000,Eivissa,despesa,8,10.00
2016,07026AV003,Museo de Arte Contemporáneo,despesa,1,175156.24
2016,07026AV002,P. M. Música,ingres,4,552980.00
2016,07029AA000,Lloseta,ingres,3,1064536.25
2016,07030AA000,Llubí,despesa,9,25365.00
2016,07031AV001,P. Res. Personas Mayores,ingres,5,100.00
2016,07031AV001,P. Res. Personas Mayores,despesa,2,173600.00
2016,07031AV001,P. Res. Personas Mayores,despesa,8,6000.00
2016,07031AV002,P. Molí d'En Gaspar,despesa,4,57000.00
2016,07033AO001,Institut Públic del Teatre Municipal,ingres,4,117821.00
2016,07033AV003,P. M. d'Esports,despesa,6,122000.00
2016,07033AA000,Manacor,ingres,1,16780235.34
2016,07033AA000,Manacor,ingres,7,3.00
2016,07033AO002,Institució Pública Antoni M. Alcover,ingres,4,69000.00
2016,07035AA000,Maria de la Salut,despesa,9,78933.80
2016,07036AO001,Institut Municipal Comunicació,despesa,2,162920.00
2016,07036AA000,Marratxí,ingres,4,7784896.20
2016,07037AA000,Mercadal (Es),ingres,1,4965500.00
2016,07037AA000,Mercadal (Es),ingres,3,1938700.00
2016,07037AA000,Mercadal (Es),ingres,5,360500.00
2016,07038AA000,Montuïri,ingres,4,676600.00
2016,07038AA000,Montuïri,ingres,5,100.00
2016,07038AA000,Montuïri,ingres,7,130000.00
2016,07040AV009,Inst. M. Form. Ocupacional i Feina,despesa,4,124949.91
2016,07040AV007,P. Mpal. de Reallotjament i Reinserció Social,despesa,4,76500.00
2016,07040AV001,Inst. M. l'Esport,ingres,3,4440151.98
2016,07041AA000,Petra,despesa,7,56047.08
2016,07042AA000,Pollença,ingres,2,600050.00
2016,07044AA000,Pobla (Sa),ingres,1,4367000.00
2016,07044AA000,Pobla (Sa),ingres,7,126200.00
2016,07046AA000,Sant Antoni de Portmany,ingres,6,10.00
2016,07048AA000,Sant Josep de sa Talaia,ingres,7,600000.00
2016,07048AA000,Sant Josep de sa Talaia,despesa,3,104201.34
2016,07050AA000,Sant Joan de Labritja,despesa,6,2023000.00
2016,07053AA000,Santa Eugènia,ingres,1,631000.00
2016,07058AA000,Selva,despesa,3,4813.00
2016,07059AA000,Salines (Ses),despesa,2,2867334.00
2016,07060AA000,Sineu,despesa,3,12000.00
2016,07064AA000,Castell (Es),despesa,1,3001938.04
2016,07064AA000,Castell (Es),despesa,6,593650.00
2016,07001DD000,Consejo Insular de Ibiza,despesa,3,41975.44
2016,07002AA000,Alaior,ingres,1,5302254.61
2016,07002DD000,Consejo Insular de Mallorca,despesa,5,300000.00
2016,07002MM000,Mc. Pla de Mallorca,ingres,7,11437.68
2016,07002MM000,Mc. Pla de Mallorca,despesa,2,4724275.76
2016,07003AA000,Alcúdia,ingres,1,17864901.00
2016,07003AV002,F. Esc. M. Música,ingres,7,6510.00
2016,07003AV001,P. M. D'Esports,ingres,5,5420.00
2016,07003AV003,Emisora Alcúdia Radio,ingres,3,10.00
2016,07003DD000,Consejo Insular de Menorca,ingres,4,53323512.86
2016,07003MM000,Mc. Migjorn de Mallorca,despesa,2,586600.00
2016,07004AA000,Algaida,ingres,5,14100.00
2016,07004AA000,Algaida,despesa,2,1720465.69
2016,07005AA000,Andratx,despesa,3,120500.00
2016,07007AA000,Banyalbufar,ingres,4,309600.00
2016,07008AA000,Binissalem,ingres,1,2251000.00
2016,07008AA000,Binissalem,despesa,2,2023925.00
2016,07011AA000,Calvià,ingres,5,4820100.00
2016,07011AA000,Calvià,despesa,2,19513943.37
2016,07011AA000,Calvià,despesa,7,5275724.73
2016,07014AA000,Capdepera,despesa,1,5210022.55
2016,07014AA000,Capdepera,despesa,4,3651755.00
2016,07016AA000,Consell,ingres,1,1051197.22
2016,07017AA000,Costitx,despesa,4,14300.00
2016,07018AA000,Deyá,ingres,3,486251.00
2016,07019AA000,Escorca,ingres,5,15300.00
2016,07019AA000,Escorca,despesa,9,81000.00
2016,07020AA000,Esporles,ingres,4,1041795.11
2016,07020AA000,Esporles,despesa,4,559115.00
2016,07022AA000,Felanitx,despesa,6,770352.00
2016,07022AA000,Felanitx,despesa,9,810000.00
2016,07023AA000,Ferreries,ingres,8,33200.00
2016,07024AV001,P. M. Turismo,despesa,1,189500.00
2016,07024AV001,P. M. Turismo,despesa,2,280000.00
2016,07024AA000,Formentera,ingres,1,6035000.00
2016,07026AA000,Eivissa,ingres,9,3722982.68
2016,07026AA000,Eivissa,despesa,3,829262.41
2016,07026AV001,P. M. Deportes,despesa,8,10.00
2016,07028AA000,Lloret de Vistalegre,despesa,3,2000.00
2016,07029AA000,Lloseta,despesa,1,2295977.75
2016,07029AA000,Lloseta,despesa,5,24284.41
2016,07030AA000,Llubí,ingres,3,134536.00
2016,07030AA000,Llubí,despesa,3,11950.00
2016,07031AV002,P. Molí d'En Gaspar,despesa,3,200.00
2016,07032AA000,Maó,ingres,3,6178625.00
2016,07033AA000,Manacor,ingres,2,204356.28
2016,07033AA000,Manacor,ingres,4,6881914.13
2016,07033AA000,Manacor,despesa,3,90000.00
2016,07033AV002,P. l'Escola M. de Mallorqui,ingres,4,61781.54
2016,07036AA000,Marratxí,despesa,6,5662290.76
2016,07036AA000,Marratxí,despesa,8,9000.00
2016,07037AA000,Mercadal (Es),despesa,3,60000.00
2016,07037AA000,Mercadal (Es),despesa,8,15000.00
2016,07038AA000,Montuïri,ingres,3,490700.00
2016,07038AA000,Montuïri,despesa,4,445700.00
2016,07039AA000,Muro,despesa,4,399400.00
2016,07039AA000,Muro,despesa,7,636542.47
2016,07040AA000,Palma,ingres,2,22329239.89
2016,07040AA000,Palma,ingres,3,87708956.64
2016,07040AV009,Inst. M. Form. Ocupacional i Feina,ingres,5,28300.00
2016,07040AV009,Inst. M. Form. Ocupacional i Feina,despesa,2,846926.80
2016,07040AV013,Inst. Coordinaciò d'Obres Viaries,ingres,5,600.00
2016,07040AV013,Inst. Coordinaciò d'Obres Viaries,despesa,1,355436.11
2016,07040AV006,Instituto Municipal Innovación  (IMI),ingres,3,126875.98
2016,07040AV006,Instituto Municipal Innovación  (IMI),despesa,1,4497076.88
2016,07040AV002,P. M. d'Escoles d'Infants,despesa,6,113237.93
2016,07040AV001,Inst. M. l'Esport,ingres,4,11739280.92
2016,07040AV001,Inst. M. l'Esport,despesa,7,369347.50
2016,07040AV004,P. M. l'Habitatge,ingres,3,77076.92
2016,07040AV004,P. M. l'Habitatge,despesa,2,610586.23
2016,07046AA000,Sant Antoni de Portmany,ingres,1,12160400.00
2016,07047AA000,Sencelles,ingres,2,50250.00
2016,07047AA000,Sencelles,despesa,3,46500.00
2016,07049AA000,Sant Joan,despesa,4,290075.00
2016,07050AA000,Sant Joan de Labritja,ingres,1,2372400.00
2016,07051AA000,Sant Llorenç des Cardassar,despesa,3,185.09
2016,07052AA000,Sant Lluís,ingres,9,447000.00
2016,07053AA000,Santa Eugènia,despesa,1,506445.00
2016,07053AA000,Santa Eugènia,despesa,2,593740.40
2016,07053AA000,Santa Eugènia,despesa,9,30907.13
2016,07054AA000,Santa Eulalia del Río,despesa,6,6531800.00
2016,07055AA000,Santa Margalida,ingres,5,692861.00
2016,07056AA000,Santa María del Camí,ingres,4,1332618.59
2016,07056AV001,P. Res. Pers. Majors. Cas Metge Rei,despesa,6,24005.00
2016,07057AA000,Santanyí,ingres,4,2744600.00
2016,07058AA000,Selva,ingres,1,1485500.00
2016,07058AA000,Selva,ingres,4,946945.00
2016,07060AA000,Sineu,ingres,1,921000.00
2016,07060AA000,Sineu,despesa,9,122285.72
2016,07062AA000,Son Servera,ingres,1,8161000.00
2016,07063AA000,Valldemossa,ingres,3,1149489.82
2016,07064AA000,Castell (Es),ingres,3,468000.00
2016,07901AA000,Ariany,despesa,4,115450.00
2016,07902AA000,Migjorn Gran (Es),ingres,4,585665.47
2016,07902AA000,Migjorn Gran (Es),ingres,8,1000.00
2016,07902AA000,Migjorn Gran (Es),despesa,3,7080.96
2016,07001AA000,Alaró,despesa,3,40000.00
2016,07001AA000,Alaró,despesa,4,449500.00
2016,07001DD000,Consejo Insular de Ibiza,ingres,9,300000.00
2016,07001DV003,P. Esc. Turismo,despesa,1,421953.73
2016,07001DV003,P. Esc. Turismo,despesa,2,103046.27
2016,07001MM000,Mc. Es Raiguer,ingres,5,100.00
2016,07001MM000,Mc. Es Raiguer,despesa,4,3000.25
2016,07002AA000,Alaior,despesa,8,10000.00
2016,07002DV003,Inst.  Mallorquí d'Afers Socials,despesa,2,79688978.46
2016,07002DO001,Agència  Protecció Legalitat Urbanística i Territorial de Mallorca,despesa,2,229145.32
2016,07002DV001,Inst. l'Esport Hipic,despesa,3,3000.00
2016,07002DD000,Consejo Insular de Mallorca,ingres,8,100000.00
2016,07003AA000,Alcúdia,despesa,1,7498995.00
2016,07003AA000,Alcúdia,despesa,6,6246832.23
2016,07003AV002,F. Esc. M. Música,despesa,2,268280.00
2016,07003AV002,F. Esc. M. Música,despesa,3,30.00
2016,07003AV001,P. M. D'Esports,ingres,7,34530.00
2016,07003AV003,Emisora Alcúdia Radio,despesa,1,138865.00
2016,07003AV003,Emisora Alcúdia Radio,despesa,3,50.00
2016,07003DD000,Consejo Insular de Menorca,despesa,6,17553484.27
2016,07003DV001,Inst. Menorquín de Estudios,despesa,2,204403.33
2016,07004AA000,Algaida,ingres,4,1070833.95
2016,07004AA000,Algaida,ingres,7,42881.00
2016,07005AA000,Andratx,despesa,6,1249000.00
2016,07005AA000,Andratx,despesa,7,47500.00
2016,07005AA000,Andratx,despesa,9,300000.00
2016,07006AA000,Artà,despesa,2,3555309.20
2016,07006MM000,Mc. Matadero Insular de Eivissa,despesa,2,585044.00
2016,07008AA000,Binissalem,despesa,9,280600.00
2016,07009AA000,Búger,ingres,5,8360.00
2016,07009AA000,Búger,despesa,9,66100.00
2016,07010AA000,Bunyola,ingres,3,1335920.24
2016,07010AA000,Bunyola,ingres,5,1833.21
2016,07010AA000,Bunyola,despesa,9,722982.35
2016,07011AO001,"Inst. M. de Educación y Bibliotecas, IMEB -Calvià",despesa,8,22000.00
2016,07011AA000,Calvià,ingres,3,7663500.00
2016,07012AA000,Campanet,ingres,4,737593.72
2016,07012AA000,Campanet,despesa,2,825021.87
2016,07013AA000,Campos,despesa,2,6469450.00
2016,07014AA000,Capdepera,ingres,5,1062077.12
2016,07014AA000,Capdepera,despesa,2,5222157.67
2016,07014AA000,Capdepera,despesa,9,913419.26
2016,07017AA000,Costitx,ingres,1,338500.00
2016,07018AA000,Deyá,ingres,5,10000.00
2016,07018AA000,Deyá,ingres,7,114428.09
2016,07019AA000,Escorca,despesa,2,332830.00
2016,07020AV001,"P. M. Cultura, Deporte y Tiempo libre",ingres,4,40000.00
2016,07020AA000,Esporles,despesa,3,21000.00
2016,07020AA000,Esporles,despesa,9,245000.00
2016,07022AA000,Felanitx,ingres,3,4824313.25
2016,07022AA000,Felanitx,despesa,7,150000.00
2016,07023AA000,Ferreries,ingres,1,2093000.00
2016,07023AA000,Ferreries,despesa,7,65000.00
2016,07024AA000,Formentera,ingres,5,36000.00
2016,07024AA000,Formentera,despesa,7,282000.00
2016,07026AA000,Eivissa,ingres,1,23903000.00
2016,07026AA000,Eivissa,despesa,5,297400.00
2016,07026AA000,Eivissa,despesa,7,1700721.32
2016,07026AV001,P. M. Deportes,despesa,2,702398.95
2016,07026AV003,Museo de Arte Contemporáneo,despesa,2,76733.76
2016,07026AV003,Museo de Arte Contemporáneo,despesa,3,100.00
2016,07026AV003,Museo de Arte Contemporáneo,despesa,6,13000.00
2016,07026AV002,P. M. Música,ingres,8,10.00
2016,07029AA000,Lloseta,ingres,1,2237608.25
2016,07029AA000,Lloseta,despesa,3,17160.00
2016,07029AA000,Lloseta,despesa,6,277788.31
2016,07030AA000,Llubí,ingres,5,28300.00
2016,07031AA000,Llucmajor,despesa,2,12737300.00
2016,07031AA000,Llucmajor,despesa,8,55000.00
2016,07031AV001,P. Res. Personas Mayores,despesa,1,683913.50
2016,07031AV001,P. Res. Personas Mayores,despesa,6,106000.00
2016,07032AA000,Maó,ingres,2,170000.00
2016,07032AA000,Maó,ingres,7,290570.00
2016,07032AA000,Maó,despesa,2,12158625.00
2016,07033AO001,Institut Públic del Teatre Municipal,despesa,6,139000.00
2016,07033AA000,Manacor,despesa,7,713011.00
2016,07035AA000,Maria de la Salut,ingres,2,15000.00
2016,07035AA000,Maria de la Salut,ingres,4,499800.00
2016,07035AA000,Maria de la Salut,despesa,4,68625.16
2016,07036AO001,Institut Municipal Comunicació,ingres,4,162920.00
2016,07036AA000,Marratxí,ingres,8,9000.00
2016,07040AA000,Palma,ingres,5,4409059.88
2016,07040AV009,Inst. M. Form. Ocupacional i Feina,ingres,8,20000.00
2016,07040AV006,Instituto Municipal Innovación  (IMI),despesa,6,831053.31
2016,07040AV002,P. M. d'Escoles d'Infants,despesa,1,3169229.07
2016,07040AV001,Inst. M. l'Esport,despesa,3,18000.00
2016,07040AV001,Inst. M. l'Esport,despesa,6,1680000.00
2016,07041AA000,Petra,despesa,9,26822.66
2016,07042AO003,Residencia Social,despesa,1,536157.49
2016,07042AO002,Institut Municipal Radio Pollença,despesa,4,2000.00
2016,07043AA000,Porreres,despesa,4,467100.00
2016,07043AA000,Porreres,despesa,7,53904.39
2016,07044AA000,Pobla (Sa),ingres,3,3672806.00
2016,07047AA000,Sencelles,ingres,5,69586.00
2016,07048AA000,Sant Josep de sa Talaia,ingres,3,8191900.00
2016,07048AA000,Sant Josep de sa Talaia,despesa,9,770058.18
2016,07049AA000,Sant Joan,ingres,3,398650.00
2016,07049AA000,Sant Joan,despesa,2,533586.00
2016,07050AA000,Sant Joan de Labritja,ingres,4,962000.00
2016,07050AA000,Sant Joan de Labritja,ingres,6,50000.00
2016,07050AA000,Sant Joan de Labritja,despesa,4,349529.00
2016,07051AA000,Sant Llorenç des Cardassar,despesa,2,3166153.13
2016,07052AA000,Sant Lluís,ingres,4,2162233.82
2016,07053AA000,Santa Eugènia,ingres,4,411400.00
2016,07053AA000,Santa Eugènia,despesa,3,2314.85
2016,07054AA000,Santa Eulalia del Río,ingres,5,1047556.81
2016,07055AA000,Santa Margalida,despesa,6,1388000.00
2016,07056AA000,Santa María del Camí,ingres,2,116799.20
2016,07057AA000,Santanyí,despesa,4,1899800.00
2016,07057AA000,Santanyí,despesa,9,421853.00
2016,07058AA000,Selva,ingres,7,668819.00
2016,07058AA000,Selva,despesa,2,890095.00
2016,07061AA000,Sóller,ingres,1,5909000.00
2016,07062AA000,Son Servera,despesa,3,148638.90
2016,07062AA000,Son Servera,despesa,4,472071.86
2016,07064AA000,Castell (Es),ingres,1,3704553.78
2016,07064AA000,Castell (Es),despesa,2,1647586.61
2016,07901AA000,Ariany,despesa,2,271613.60
2016,07902AA000,Migjorn Gran (Es),ingres,2,56200.00
2016,07902AA000,Migjorn Gran (Es),despesa,7,7900.00
2016,07001DD000,Consejo Insular de Ibiza,ingres,7,18700816.86
2016,07001DD000,Consejo Insular de Ibiza,despesa,9,685703.32
2016,07001MM000,Mc. Es Raiguer,despesa,3,250.00
2016,07002AA000,Alaior,ingres,9,2997723.10
2016,07002AA000,Alaior,despesa,2,3995821.70
2016,07002AA000,Alaior,despesa,6,318000.00
2016,07002AA000,Alaior,despesa,7,16000.00
2016,07002DV003,Inst.  Mallorquí d'Afers Socials,ingres,4,149965087.56
2016,07002DV003,Inst.  Mallorquí d'Afers Socials,ingres,8,115000.00
2016,07002DV003,Inst.  Mallorquí d'Afers Socials,despesa,1,54389381.48
2016,07002DV003,Inst.  Mallorquí d'Afers Socials,despesa,7,262500.00
2016,07002DO001,Agència  Protecció Legalitat Urbanística i Territorial de Mallorca,ingres,3,768500.00
2016,07002DV001,Inst. l'Esport Hipic,despesa,6,110000.00
2016,07002DD000,Consejo Insular de Mallorca,despesa,2,37815142.50
2016,07003AV001,P. M. D'Esports,ingres,3,179200.00
2016,07003DD000,Consejo Insular de Menorca,despesa,2,10031567.80
2016,07003MM000,Mc. Migjorn de Mallorca,despesa,4,4600.00
2016,07005AA000,Andratx,despesa,1,8267246.98
2016,07006AA000,Artà,despesa,9,681856.47
2016,07007AA000,Banyalbufar,ingres,3,226000.00
2016,07007AA000,Banyalbufar,despesa,3,16505.00
2016,07010AA000,Bunyola,ingres,4,1482669.29
2016,07010AA000,Bunyola,despesa,1,1507856.55
2016,07011AO001,"Inst. M. de Educación y Bibliotecas, IMEB -Calvià",ingres,4,4967525.83
2016,07011AA000,Calvià,ingres,4,20194800.00
2016,07011AA000,Calvià,ingres,8,240000.00
2016,07011AA000,Calvià,despesa,9,4300000.00
2016,07016AA000,Consell,despesa,1,1087442.02
2016,07017AA000,Costitx,despesa,3,3000.00
2016,07018AA000,Deyá,despesa,3,250.00
2016,07020AA000,Esporles,ingres,5,1101.00
2016,07020AA000,Esporles,despesa,2,1458445.43
2016,07022AA000,Felanitx,ingres,4,4237536.75
2016,07022AA000,Felanitx,ingres,5,334150.00
2016,07023AA000,Ferreries,despesa,2,1905750.00
2016,07023AA000,Ferreries,despesa,3,35161.64
2016,07023AA000,Ferreries,despesa,4,705173.92
2016,07023AA000,Ferreries,despesa,8,33200.00
2016,07026AA000,Eivissa,ingres,3,13915880.00
2016,07026AA000,Eivissa,ingres,4,12559088.32
2016,07026AA000,Eivissa,ingres,6,10.00
2016,07026AA000,Eivissa,despesa,1,16818013.91
2016,07026AA000,Eivissa,despesa,4,5560074.07
2016,07026AV001,P. M. Deportes,ingres,7,5000.00
2016,07026AV001,P. M. Deportes,despesa,6,5000.00
2016,07028AA000,Lloret de Vistalegre,ingres,7,31165.20
2016,07028AA000,Lloret de Vistalegre,despesa,2,230531.72
2016,07028AA000,Lloret de Vistalegre,despesa,9,38000.00
2016,07029AA000,Lloseta,ingres,4,1379575.39
2016,07029AA000,Lloseta,ingres,5,23470.00
2016,07031AA000,Llucmajor,ingres,2,960000.00
2016,07032AA000,Maó,ingres,1,17385000.00
2016,07032AA000,Maó,despesa,1,11912400.00
2016,07033AO001,Institut Públic del Teatre Municipal,ingres,3,69508.00
2016,07033AA000,Manacor,despesa,4,1282897.74
2016,07033AA000,Manacor,despesa,6,1647227.34
2016,07038AA000,Montuïri,ingres,2,120000.00
2016,07038AA000,Montuïri,despesa,2,654700.00
2016,07038AA000,Montuïri,despesa,9,332000.00
2016,07039AA000,Muro,ingres,5,1689582.00
2016,07040AA000,Palma,ingres,4,85332933.39
2016,07040AV013,Inst. Coordinaciò d'Obres Viaries,despesa,2,17336.31
2016,07040AV002,P. M. d'Escoles d'Infants,ingres,3,784205.47
2016,07040AV002,P. M. d'Escoles d'Infants,despesa,8,11000.00
2016,07040AV004,P. M. l'Habitatge,despesa,6,150000.00
2016,07042AA000,Pollença,ingres,1,9945000.00
2016,07042AA000,Pollença,despesa,1,7247999.99
2016,07042AO003,Residencia Social,despesa,2,206307.00
2016,07043AA000,Porreres,ingres,1,1765379.37
2016,07043AA000,Porreres,ingres,5,18210.00
2016,07043AA000,Porreres,despesa,1,1064501.00
2016,07044AA000,Pobla (Sa),ingres,2,175000.00
2016,07048AA000,Sant Josep de sa Talaia,despesa,6,3465521.97
2016,07049AA000,Sant Joan,ingres,4,442640.00
2016,07051AA000,Sant Llorenç des Cardassar,ingres,3,3992500.00
2016,07052AA000,Sant Lluís,ingres,3,2273436.00
2016,07052AA000,Sant Lluís,ingres,5,382500.00
2016,07052AA000,Sant Lluís,despesa,2,3948812.46
2016,07052AA000,Sant Lluís,despesa,4,872975.00
2016,07052AA000,Sant Lluís,despesa,5,200000.00
2016,07053AA000,Santa Eugènia,ingres,2,20000.00
2016,07053AA000,Santa Eugènia,despesa,4,192200.00
2016,07054AA000,Santa Eulalia del Río,ingres,1,16170010.00
2016,07055AA000,Santa Margalida,ingres,2,120000.00
2016,07055AA000,Santa Margalida,despesa,3,20.00
2016,07056AA000,Santa María del Camí,despesa,3,970.42
2016,07057AA000,Santanyí,ingres,3,4463300.00
2016,07057AA000,Santanyí,despesa,2,8337000.00
2016,07057AA000,Santanyí,despesa,6,2491947.00
2016,07058AA000,Selva,despesa,1,1100620.00
2016,07058AA000,Selva,despesa,4,422900.00
2016,07059AA000,Salines (Ses),ingres,2,130000.00
2016,07059AA000,Salines (Ses),despesa,1,2279934.00
2016,07059AA000,Salines (Ses),despesa,4,351670.00
2016,07060AA000,Sineu,ingres,4,758851.22
2016,07061AA000,Sóller,ingres,2,2189490.81
2016,07061AA000,Sóller,ingres,3,3742300.00
2016,07061AA000,Sóller,ingres,4,3493000.00
2016,07063AA000,Valldemossa,ingres,2,200000.00
2016,07065AA000,Vilafranc de Bonany,despesa,3,22000.00
2016,07065AA000,Vilafranc de Bonany,despesa,6,55500.00
2016,07901AA000,Ariany,ingres,3,153721.47
2016,07902AA000,Migjorn Gran (Es),ingres,5,130300.00
2016,07902AA000,Migjorn Gran (Es),despesa,6,403126.37
2016,07902AA000,Migjorn Gran (Es),despesa,8,1000.00
2016,07001AA000,Alaró,ingres,7,7300.00
2016,07001AA000,Alaró,despesa,2,1210600.00
2016,07001DD000,Consejo Insular de Ibiza,despesa,8,400000.00
2016,07001MM000,Mc. Es Raiguer,despesa,2,2735677.26
2016,07002AA000,Alaior,despesa,3,567650.40
2016,07002DV003,Inst.  Mallorquí d'Afers Socials,despesa,3,2500.00
2016,07002DV003,Inst.  Mallorquí d'Afers Socials,despesa,8,115000.00
2016,07002DV001,Inst. l'Esport Hipic,despesa,4,1127000.00
2016,07002DD000,Consejo Insular de Mallorca,despesa,3,1636417.31
2016,07002MM000,Mc. Pla de Mallorca,ingres,5,100.00
2016,07003AV001,P. M. D'Esports,despesa,6,34530.00
2016,07003AV003,Emisora Alcúdia Radio,ingres,5,10.00
2016,07003AV003,Emisora Alcúdia Radio,despesa,6,1800.00
2016,07003DD000,Consejo Insular de Menorca,ingres,1,1016591.92
2016,07003MM000,Mc. Migjorn de Mallorca,ingres,5,10000.00
2016,07003MM000,Mc. Migjorn de Mallorca,despesa,6,40000.00
2016,07006AA000,Artà,ingres,1,4609400.00
2016,07006AA000,Artà,despesa,3,52238.17
2016,07006AA000,Artà,despesa,4,413467.52
2016,07006MM000,Mc. Matadero Insular de Eivissa,ingres,7,60000.00
2016,07006MM000,Mc. Matadero Insular de Eivissa,despesa,1,415500.00
2016,07008AA000,Binissalem,ingres,5,39000.00
2016,07008AA000,Binissalem,despesa,1,2016800.00
2016,07008AA000,Binissalem,despesa,4,504001.00
2016,07009AA000,Búger,despesa,3,25550.00
2016,07010AA000,Bunyola,despesa,3,217000.00
2016,07011AO001,"Inst. M. de Educación y Bibliotecas, IMEB -Calvià",despesa,1,4351768.47
2016,07011AO001,"Inst. M. de Educación y Bibliotecas, IMEB -Calvià",despesa,6,83000.00
2016,07011AA000,Calvià,despesa,8,240000.00
2016,07012AA000,Campanet,ingres,1,708234.25
2016,07014AA000,Capdepera,ingres,3,14822730.46
2016,07014AA000,Capdepera,ingres,4,2735501.19
2016,07014AA000,Capdepera,despesa,3,52606.27
2016,07016AA000,Consell,despesa,3,9250.00
2016,07016AA000,Consell,despesa,9,113951.40
2016,07017AA000,Costitx,ingres,5,16000.00
2016,07017AA000,Costitx,ingres,7,12000.00
2016,07017AA000,Costitx,despesa,9,13000.00
2016,07018AA000,Deyá,ingres,1,986000.00
2016,07019AA000,Escorca,despesa,4,42000.00
2016,07022AV001,Ctro. Cultural,despesa,2,115230.00
2016,07023AA000,Ferreries,despesa,9,311867.94
2016,07026AV001,P. M. Deportes,ingres,8,10.00
2016,07026AV002,P. M. Música,ingres,3,47510.00
2016,07030AA000,Llubí,ingres,1,835729.00
2016,07030AA000,Llubí,ingres,2,30000.00
2016,07030AA000,Llubí,despesa,6,299200.00
2016,07031AA000,Llucmajor,ingres,5,927700.00
2016,07031AV001,P. Res. Personas Mayores,ingres,3,360100.00
2016,07032AA000,Maó,ingres,9,2500000.00
2016,07033AV002,P. l'Escola M. de Mallorqui,ingres,3,10000.00
2016,07033AO002,Institució Pública Antoni M. Alcover,despesa,2,69000.00
2016,07033AO002,Institució Pública Antoni M. Alcover,despesa,6,5000.00
2016,07036AA000,Marratxí,ingres,2,300000.00
2016,07036AA000,Marratxí,ingres,6,3454606.59
2016,07036AA000,Marratxí,despesa,1,9665041.08
2016,07036AA000,Marratxí,despesa,3,184300.00
2016,07037AA000,Mercadal (Es),despesa,7,57500.00
2016,07038AA000,Montuïri,despesa,1,866600.00
2016,07038AA000,Montuïri,despesa,5,22600.00
2016,07040AA000,Palma,ingres,1,177783622.94
2016,07040AA000,Palma,ingres,7,469187.26
2016,07040AA000,Palma,despesa,9,32655598.65
2016,07040AV009,Inst. M. Form. Ocupacional i Feina,ingres,3,14000.00
2016,07040AV009,Inst. M. Form. Ocupacional i Feina,ingres,7,66740.00
2016,07040AV006,Instituto Municipal Innovación  (IMI),ingres,5,50.00
2016,07040AV007,P. Mpal. de Reallotjament i Reinserció Social,despesa,1,363700.00
2016,07040AV002,P. M. d'Escoles d'Infants,despesa,2,3594946.40
2016,07040AV001,Inst. M. l'Esport,despesa,4,496706.90
2016,07040AV004,P. M. l'Habitatge,despesa,8,93000.00
2016,07041AA000,Petra,ingres,1,504012.23
2016,07043AA000,Porreres,ingres,3,266163.39
2016,07043AA000,Porreres,despesa,6,68000.00
2016,07043AA000,Porreres,despesa,9,277530.00
2016,07044AA000,Pobla (Sa),ingres,5,22124.00
2016,07044AA000,Pobla (Sa),ingres,6,6.00
2016,07044AA000,Pobla (Sa),despesa,9,1381441.00
2016,07046AA000,Sant Antoni de Portmany,despesa,6,3893477.54
2016,07047AA000,Sencelles,ingres,1,827124.61
2016,07048AA000,Sant Josep de sa Talaia,ingres,1,13096530.00
2016,07048AA000,Sant Josep de sa Talaia,despesa,4,1463128.82
2016,07049AA000,Sant Joan,despesa,1,546105.00
2016,07053AA000,Santa Eugènia,ingres,3,364749.42
2016,07055AA000,Santa Margalida,ingres,3,3357357.00
2016,07055AA000,Santa Margalida,despesa,4,338096.00
2016,07056AV001,P. Res. Pers. Majors. Cas Metge Rei,ingres,3,445200.00
2016,07057AA000,Santanyí,ingres,1,11545400.00
2016,07057AA000,Santanyí,ingres,2,502000.00
2016,07060AA000,Sineu,ingres,5,36177.00
2016,07061AA000,Sóller,despesa,4,869270.88
2016,07062AA000,Son Servera,ingres,3,3905330.00
2016,07062AA000,Son Servera,ingres,4,2674823.46
2016,07062AA000,Son Servera,despesa,2,6730549.69
2016,07062AA000,Son Servera,despesa,8,60000.00
2016,07064AA000,Castell (Es),despesa,7,102720.13
2016,07065AA000,Vilafranc de Bonany,ingres,2,10000.00
2016,07065AA000,Vilafranc de Bonany,ingres,5,1500.00
2016,07901AA000,Ariany,despesa,1,197280.41
2016,07902AA000,Migjorn Gran (Es),despesa,2,773451.01
2016,07902AA000,Migjorn Gran (Es),despesa,4,331849.68
2016,07902AA000,Migjorn Gran (Es),despesa,9,121122.21
2016,07001AA000,Alaró,ingres,4,1289600.00
2016,07001DD000,Consejo Insular de Ibiza,ingres,8,400000.00
2016,07001DV003,P. Esc. Turismo,ingres,4,500000.00
2016,07001DV003,P. Esc. Turismo,despesa,6,15000.00
2016,07001MM000,Mc. Es Raiguer,ingres,3,583446.57
2016,07002AA000,Alaior,ingres,2,178304.87
2016,07002AA000,Alaior,despesa,4,569094.65
2016,07002DV001,Inst. l'Esport Hipic,despesa,8,10000.00
2016,07002DD000,Consejo Insular de Mallorca,despesa,4,158045538.28
2016,07002DD000,Consejo Insular de Mallorca,despesa,7,14214667.98
2016,07002DD000,Consejo Insular de Mallorca,despesa,9,19159105.12
2016,07002MM000,Mc. Pla de Mallorca,ingres,4,5483520.14
2016,07003AA000,Alcúdia,ingres,3,9369460.00
2016,07003AA000,Alcúdia,ingres,4,3646392.00
2016,07003AV002,F. Esc. M. Música,ingres,4,262566.00
2016,07003DD000,Consejo Insular de Menorca,ingres,2,1707053.82
2016,07003DD000,Consejo Insular de Menorca,ingres,3,1562371.03
2016,07003DD000,Consejo Insular de Menorca,ingres,7,20131207.96
2016,07003DD000,Consejo Insular de Menorca,despesa,1,19577092.50
2016,07003MM000,Mc. Migjorn de Mallorca,despesa,1,670562.80
2016,07004AA000,Algaida,ingres,3,1038038.82
2016,07004AA000,Algaida,despesa,3,9968.05
2016,07005AA000,Andratx,ingres,2,800000.00
2016,07005AA000,Andratx,despesa,2,10058434.66
2016,07007AA000,Banyalbufar,despesa,4,24546.00
2016,07008AV001,P. M. d'Esports,despesa,4,1.00
2016,07009AA000,Búger,ingres,3,259050.00
2016,07011AO001,"Inst. M. de Educación y Bibliotecas, IMEB -Calvià",ingres,7,83000.00
2016,07012AA000,Campanet,ingres,3,713799.18
2016,07012AA000,Campanet,despesa,3,3842.16
2016,07012AA000,Campanet,despesa,9,92093.76
2016,07013AA000,Campos,ingres,4,2056908.74
2016,07013AA000,Campos,despesa,4,83648.00
2016,07014AA000,Capdepera,despesa,6,11756896.82
2016,07016AA000,Consell,ingres,3,1086562.27
2016,07017AA000,Costitx,ingres,3,58600.00
2016,07019AA000,Escorca,ingres,7,116832.00
2016,07019AA000,Escorca,despesa,3,26012.00
2016,07020AA000,Esporles,ingres,1,1631870.39
2016,07020AA000,Esporles,despesa,1,1475487.55
2016,07022AV001,Ctro. Cultural,despesa,3,70.00
2016,07024AV001,P. M. Turismo,despesa,3,500.00
2016,07024AA000,Formentera,despesa,4,1655000.00
2016,07024AA000,Formentera,despesa,6,2500000.00
2016,07026AA000,Eivissa,despesa,2,22383330.32
2016,07026AV001,P. M. Deportes,despesa,3,4000.00
2016,07028AA000,Lloret de Vistalegre,ingres,5,27050.00
2016,07029AA000,Lloseta,despesa,4,677181.83
2016,07029AA000,Lloseta,despesa,9,177279.60
2016,07031AA000,Llucmajor,ingres,8,55000.00
2016,07031AA000,Llucmajor,despesa,3,1099600.00
2016,07033AO001,Institut Públic del Teatre Municipal,ingres,7,139000.00
2016,07033AO001,Institut Públic del Teatre Municipal,despesa,2,187329.00
2016,07033AV003,P. M. d'Esports,ingres,5,31038.01
2016,07033AV003,P. M. d'Esports,despesa,4,47655.00
2016,07033AA000,Manacor,ingres,5,276437.21
2016,07033AO002,Institució Pública Antoni M. Alcover,ingres,7,5000.00
2016,07035AA000,Maria de la Salut,despesa,1,648355.55
2016,07036AA000,Marratxí,despesa,4,8329523.92
2016,07037AA000,Mercadal (Es),ingres,2,92800.00
2016,07038AA000,Montuïri,ingres,1,1196500.00
2016,07038AA000,Montuïri,despesa,3,258500.00
2016,07039AA000,Muro,ingres,2,375000.00
2016,07040AA000,Palma,despesa,4,83717580.55
2016,07040AV009,Inst. M. Form. Ocupacional i Feina,ingres,4,4129915.50
2016,07040AV009,Inst. M. Form. Ocupacional i Feina,despesa,1,3198773.63
2016,07040AV009,Inst. M. Form. Ocupacional i Feina,despesa,8,20000.00
2016,07040AV002,P. M. d'Escoles d'Infants,ingres,4,6250000.00
2016,07040AV002,P. M. d'Escoles d'Infants,ingres,7,113237.93
2016,07040AV002,P. M. d'Escoles d'Infants,despesa,4,270050.00
2016,07040AV001,Inst. M. l'Esport,ingres,8,100000.00
2016,07040AV004,P. M. l'Habitatge,ingres,4,1755220.29
2016,07040AV004,P. M. l'Habitatge,despesa,1,1541490.69
2016,07041AA000,Petra,despesa,4,160646.03
2016,07042AA000,Pollença,despesa,3,263020.00
2016,07042AO002,Institut Municipal Radio Pollença,despesa,1,81616.00
2016,07042AO002,Institut Municipal Radio Pollença,despesa,2,21456.71
2016,07043AA000,Porreres,despesa,3,43590.00
2016,07044AA000,Pobla (Sa),despesa,3,117900.00
2016,07044AA000,Pobla (Sa),despesa,4,252806.00
2016,07046AA000,Sant Antoni de Portmany,ingres,7,180000.00
2016,07046AA000,Sant Antoni de Portmany,despesa,1,7432119.42
2016,07046AA000,Sant Antoni de Portmany,despesa,9,1360000.00
2016,07047AA000,Sencelles,despesa,4,551200.00
2016,07048AA000,Sant Josep de sa Talaia,ingres,4,6041418.13
2016,07048AA000,Sant Josep de sa Talaia,despesa,5,150000.00
2016,07050AA000,Sant Joan de Labritja,ingres,5,4100.00
2016,07051AA000,Sant Llorenç des Cardassar,despesa,8,10000.00
2016,07054AA000,Santa Eulalia del Río,ingres,7,812074.72
2016,07054AA000,Santa Eulalia del Río,despesa,7,257510.00
2016,07055AA000,Santa Margalida,despesa,1,4877100.00
2016,07056AA000,Santa María del Camí,ingres,3,1543812.93
2016,07056AA000,Santa María del Camí,despesa,2,1848759.22
2016,07056AA000,Santa María del Camí,despesa,4,562339.64
2016,07056AV001,P. Res. Pers. Majors. Cas Metge Rei,ingres,4,175000.00
2016,07056AV001,P. Res. Pers. Majors. Cas Metge Rei,ingres,5,130.00
2016,07057AA000,Santanyí,ingres,5,744700.00
2016,07057AA000,Santanyí,despesa,1,6495000.00
2016,07057AA000,Santanyí,despesa,3,62000.00
2016,07059AA000,Salines (Ses),ingres,4,1047066.00
2016,07059AA000,Salines (Ses),despesa,9,60060.00
2016,07061AA000,Sóller,despesa,1,4870606.00
2016,07061AA000,Sóller,despesa,3,1161824.32
2016,07061AA000,Sóller,despesa,7,193000.00
2016,07062AA000,Son Servera,ingres,5,454087.83
2016,07063AA000,Valldemossa,despesa,9,153123.89
2016,07065AA000,Vilafranc de Bonany,despesa,9,219226.49
2016,07901AA000,Ariany,ingres,1,231492.64
2016,07001AA000,Alaró,despesa,6,277000.00
2016,07001DD000,Consejo Insular de Ibiza,ingres,1,1932620.00
2016,07001DD000,Consejo Insular de Ibiza,ingres,4,57202061.90
2016,07001DD000,Consejo Insular de Ibiza,ingres,5,641860.00
2016,07001DD000,Consejo Insular de Ibiza,despesa,4,10763659.16
2016,07001DD000,Consejo Insular de Ibiza,despesa,5,192035.80
2016,07001DD000,Consejo Insular de Ibiza,despesa,6,21283135.59
2016,07001DV003,P. Esc. Turismo,despesa,4,30000.00
2016,07001MM000,Mc. Es Raiguer,despesa,1,474087.15
2016,07002AA000,Alaior,ingres,4,2529500.00
2016,07002AA000,Alaior,despesa,5,94777.54
2016,07002DO001,Agència  Protecció Legalitat Urbanística i Territorial de Mallorca,ingres,4,615000.00
2016,07002DD000,Consejo Insular de Mallorca,ingres,7,74170492.31
2016,07003AA000,Alcúdia,despesa,2,11021498.50
2016,07003AA000,Alcúdia,despesa,3,114000.00
2016,07003AA000,Alcúdia,despesa,4,5600468.90
2016,07003AV001,P. M. D'Esports,despesa,4,73000.00
2016,07003DD000,Consejo Insular de Menorca,ingres,5,271580.68
2016,07003DD000,Consejo Insular de Menorca,ingres,8,275000.00
2016,07003DV002,Consell Economic i Social,ingres,4,20450.00
2016,07003DV001,Inst. Menorquín de Estudios,ingres,4,493000.00
2016,07003DV001,Inst. Menorquín de Estudios,despesa,6,2000.00
2016,07004AA000,Algaida,despesa,4,169889.40
2016,07004AA000,Algaida,despesa,9,114025.55
2016,07005AA000,Andratx,ingres,1,12405000.00
2016,07005AA000,Andratx,ingres,4,2137815.82
2016,07005AA000,Andratx,despesa,4,339260.00
2016,07006AA000,Artà,ingres,2,101600.00
2016,07007AA000,Banyalbufar,ingres,5,64000.00
2016,07008AA000,Binissalem,ingres,2,100000.00
2016,07008AA000,Binissalem,ingres,3,1486900.00
2016,07009AA000,Búger,despesa,2,313945.00
2016,07009AA000,Búger,despesa,4,111600.00
2016,07010AA000,Bunyola,despesa,4,435661.40
2016,07010AE001,Palmanyola,despesa,3,4213.59
2016,07011AA000,Calvià,ingres,2,2681600.00
2016,07011AA000,Calvià,despesa,6,4022709.00
2016,07014AA000,Capdepera,ingres,1,8161780.00
2016,07016AA000,Consell,despesa,2,1172525.27
2016,07017AA000,Costitx,despesa,2,429000.00
2016,07022AA000,Felanitx,despesa,1,6860524.00
2016,07023AA000,Ferreries,ingres,2,50000.00
2016,07023AA000,Ferreries,ingres,3,587802.00
2016,07023AA000,Ferreries,despesa,6,280334.00
2016,07024AA000,Formentera,despesa,2,9485000.00
2016,07026AA000,Eivissa,ingres,2,500000.00
2016,07026AA000,Eivissa,ingres,5,954020.00
2016,07026AA000,Eivissa,ingres,8,10.00
2016,07026AV003,Museo de Arte Contemporáneo,despesa,8,10.00
2016,07028AA000,Lloret de Vistalegre,ingres,3,66334.80
2016,07029AA000,Lloseta,ingres,2,100000.00
2016,07030AA000,Llubí,ingres,4,535566.00
2016,07030AA000,Llubí,despesa,7,450.00
2016,07031AA000,Llucmajor,despesa,4,1899835.50
2016,07033AA000,Manacor,despesa,1,13092955.27
2016,07033AA000,Manacor,despesa,5,436063.97
2016,07033AV002,P. l'Escola M. de Mallorqui,despesa,6,3000.00
2016,07035AA000,Maria de la Salut,ingres,3,295900.00
2016,07037AA000,Mercadal (Es),despesa,9,563820.00
2016,07040AA000,Palma,despesa,1,126657400.17
2016,07040AA000,Palma,despesa,7,8482469.99
2016,07040AV009,Inst. M. Form. Ocupacional i Feina,despesa,3,1565.16
2016,07040AV006,Instituto Municipal Innovación  (IMI),ingres,4,11571688.75
2016,07040AV007,P. Mpal. de Reallotjament i Reinserció Social,ingres,5,9000.00
2016,07040AV001,Inst. M. l'Esport,ingres,5,213151.90
2016,07040AV004,P. M. l'Habitatge,ingres,7,3668787.00
2016,07041AA000,Petra,ingres,2,60000.00
2016,07041AA000,Petra,despesa,2,481194.40
2016,07042AA000,Pollença,ingres,3,6613120.00
2016,07042AA000,Pollença,ingres,4,3664472.97
2016,07042AA000,Pollença,ingres,7,169578.95
2016,07042AA000,Pollença,despesa,6,648199.50
2016,07042AA000,Pollença,despesa,9,448000.00
2016,07042AO003,Residencia Social,despesa,3,20.00
2016,07043AA000,Porreres,despesa,2,1377741.00
2016,07044AA000,Pobla (Sa),despesa,2,5139098.00
2016,07046AA000,Sant Antoni de Portmany,ingres,3,6404010.00
2016,07046AA000,Sant Antoni de Portmany,despesa,2,10770235.76
2016,07047AA000,Sencelles,ingres,4,577005.00
2016,07048AA000,Sant Josep de sa Talaia,ingres,5,3149500.00
2016,07049AA000,Sant Joan,ingres,1,618063.00
2016,07049AA000,Sant Joan,despesa,9,103120.00
2016,07051AA000,Sant Llorenç des Cardassar,despesa,6,418000.00
2016,07052AA000,Sant Lluís,ingres,1,5224800.00
2016,07052AA000,Sant Lluís,ingres,6,452900.00
2016,07054AA000,Santa Eulalia del Río,ingres,3,9074198.47
2016,07054AA000,Santa Eulalia del Río,despesa,1,8711396.93
2016,07054AA000,Santa Eulalia del Río,despesa,3,152541.91
2016,07055AA000,Santa Margalida,ingres,1,6318500.00
2016,07055AA000,Santa Margalida,despesa,7,12000.00
2016,07056AV001,P. Res. Pers. Majors. Cas Metge Rei,despesa,1,415995.04
2016,07059AA000,Salines (Ses),ingres,1,2991800.00
2016,07059AA000,Salines (Ses),despesa,6,492502.00
2016,07061AA000,Sóller,ingres,5,219300.00
2016,07061AA000,Sóller,despesa,9,1484243.35
2016,07062AA000,Son Servera,ingres,7,178406.25
2016,07062AA000,Son Servera,despesa,7,345053.84
2016,07063AA000,Valldemossa,ingres,1,1595000.00
2016,07063AA000,Valldemossa,ingres,4,643860.80
2016,07063AA000,Valldemossa,despesa,1,1426549.15
2016,07063AA000,Valldemossa,despesa,2,1710438.13
2016,07064AA000,Castell (Es),ingres,7,115000.00
2016,07064AA000,Castell (Es),despesa,3,88000.00
2016,07064AA000,Castell (Es),despesa,9,305000.00
2016,07065AA000,Vilafranc de Bonany,ingres,1,873482.02
2016,07065AA000,Vilafranc de Bonany,ingres,3,388903.41
2016,07902AA000,Migjorn Gran (Es),ingres,3,611980.00
2016,07001AA000,Alaró,ingres,2,91100.00
2016,07001AA000,Alaró,despesa,7,53600.00
2016,07001DD000,Consejo Insular de Ibiza,ingres,2,2765570.00
2016,07001DD000,Consejo Insular de Ibiza,despesa,7,7099601.38
2016,07002AA000,Alaior,ingres,7,44182.00
2016,07002DO001,Agència  Protecció Legalitat Urbanística i Territorial de Mallorca,despesa,6,20000.00
2016,07002DD000,Consejo Insular de Mallorca,ingres,2,14664921.41
2016,07002MM000,Mc. Pla de Mallorca,despesa,1,465184.13
2016,07002MM000,Mc. Pla de Mallorca,despesa,5,100092.62
2016,07002MM000,Mc. Pla de Mallorca,despesa,6,22465.38
2016,07002MM000,Mc. Pla de Mallorca,despesa,9,624439.24
2016,07003AA000,Alcúdia,ingres,2,350000.00
2016,07003AV002,F. Esc. M. Música,ingres,5,10.00
2016,07003AV002,F. Esc. M. Música,despesa,6,6510.00
2016,07003AV003,Emisora Alcúdia Radio,ingres,4,157635.00
2016,07003DD000,Consejo Insular de Menorca,despesa,7,4787922.66
2016,07003DD000,Consejo Insular de Menorca,despesa,8,450000.00
2016,07003DV002,Consell Economic i Social,despesa,4,5200.00
2016,07006AA000,Artà,ingres,4,1787610.54
2016,07008AV001,P. M. d'Esports,ingres,4,1.00
2016,07010AA000,Bunyola,ingres,2,366723.13
2016,07010AA000,Bunyola,despesa,2,2601538.24
2016,07010AA000,Bunyola,despesa,6,454480.95
2016,07011AA000,Calvià,despesa,1,29984997.19
2016,07012AA000,Campanet,ingres,7,12358.34
2016,07012AA000,Campanet,despesa,1,902761.93
2016,07012AA000,Campanet,despesa,6,116083.56
2016,07014AA000,Capdepera,despesa,7,400000.00
2016,07016AA000,Consell,ingres,2,40000.00
2016,07016AA000,Consell,despesa,4,303782.93
2016,07016AA000,Consell,despesa,6,433363.72
2016,07017AA000,Costitx,ingres,4,403000.00
2016,07017AA000,Costitx,despesa,1,292000.00
2016,07018AA000,Deyá,ingres,2,60000.00
2016,07018AA000,Deyá,despesa,4,98147.00
2016,07018AA000,Deyá,despesa,6,133022.55
2016,07020AV002,P. d'Escoles Municipals,ingres,4,433657.00
2016,07020AV002,P. d'Escoles Municipals,despesa,1,405905.00
2016,07020AV001,"P. M. Cultura, Deporte y Tiempo libre",despesa,1,2168.85
2016,07020AA000,Esporles,despesa,6,8002.00
2016,07023AA000,Ferreries,ingres,5,775500.00
2016,07023AA000,Ferreries,despesa,1,1971221.00
2016,07024AA000,Formentera,ingres,3,5822000.00
2016,07024AA000,Formentera,despesa,1,8350000.00
2016,07026AV001,P. M. Deportes,ingres,4,1752990.00
2016,07026AV003,Museo de Arte Contemporáneo,ingres,4,251990.00
2016,07026AV003,Museo de Arte Contemporáneo,ingres,8,10.00
2016,07026AV002,P. M. Música,despesa,3,700.00
2016,07026AV002,P. M. Música,despesa,6,4500.00
2016,07028AA000,Lloret de Vistalegre,despesa,6,101000.00
2016,07029AA000,Lloseta,ingres,9,126810.11
2016,07032AA000,Maó,ingres,4,10907700.00
2016,07032AA000,Maó,ingres,5,249000.00
2016,07032AA000,Maó,despesa,3,424670.00
2016,07032AA000,Maó,despesa,4,3413750.00
2016,07033AV003,P. M. d'Esports,despesa,2,342643.00
2016,07033AA000,Manacor,despesa,8,60000.00
2016,07033AV002,P. l'Escola M. de Mallorqui,despesa,3,30.05
2016,07035AA000,Maria de la Salut,despesa,2,627345.25
2016,07036AA000,Marratxí,ingres,7,4000.00
2016,07036AA000,Marratxí,despesa,9,1261000.00
2016,07037AA000,Mercadal (Es),despesa,2,4031200.00
2016,07038AA000,Montuïri,despesa,6,33800.00
2016,07039AA000,Muro,despesa,1,4016307.53
2016,07040AA000,Palma,despesa,2,109524880.78
2016,07040AA000,Palma,despesa,3,10193735.94
2016,07040AA000,Palma,despesa,6,13981533.92
2016,07040AV013,Inst. Coordinaciò d'Obres Viaries,ingres,4,372172.42
2016,07040AV006,Instituto Municipal Innovación  (IMI),despesa,2,7201537.85
2016,07040AV002,P. M. d'Escoles d'Infants,ingres,8,11000.00
2016,07040AV001,Inst. M. l'Esport,despesa,8,100000.00
2016,07040AV004,P. M. l'Habitatge,despesa,3,25220.29
2016,07040AV004,P. M. l'Habitatge,despesa,4,325000.00
2016,07041AA000,Petra,ingres,3,246379.18
2016,07042AA000,Pollença,despesa,4,4711320.68
2016,07042AO002,Institut Municipal Radio Pollença,ingres,4,111782.71
2016,07042AO002,Institut Municipal Radio Pollença,despesa,6,8210.00
2016,07044AA000,Pobla (Sa),despesa,6,325388.00
2016,07046AA000,Sant Antoni de Portmany,ingres,4,5284400.00
2016,07047AA000,Sencelles,despesa,1,769975.42
2016,07047AA000,Sencelles,despesa,9,93324.61
2016,07050AA000,Sant Joan de Labritja,ingres,7,1385000.00
2016,07050AA000,Sant Joan de Labritja,despesa,1,1449875.00
2016,07050AA000,Sant Joan de Labritja,despesa,9,118000.00
2016,07051AA000,Sant Llorenç des Cardassar,ingres,4,1927000.00
2016,07052AA000,Sant Lluís,ingres,7,409935.00
2016,07052AA000,Sant Lluís,despesa,6,1418446.29
2016,07054AA000,Santa Eulalia del Río,ingres,2,1775260.00
2016,07054AA000,Santa Eulalia del Río,ingres,6,20.00
2016,07054AA000,Santa Eulalia del Río,ingres,8,15010.00
2016,07054AA000,Santa Eulalia del Río,ingres,9,20.00
2016,07054AA000,Santa Eulalia del Río,despesa,4,2194934.50
2016,07054AA000,Santa Eulalia del Río,despesa,5,172704.00
2016,07056AA000,Santa María del Camí,despesa,6,606450.00
2016,07056AA000,Santa María del Camí,despesa,9,15144.62
2016,07057AA000,Santanyí,despesa,7,292400.00
2016,07058AA000,Selva,ingres,2,170100.00
2016,07060AA000,Sineu,ingres,2,30800.00
2016,07060AA000,Sineu,despesa,1,852651.38
2016,07060AA000,Sineu,despesa,6,133000.00
2016,07062AA000,Son Servera,ingres,2,265000.00
2016,07062AA000,Son Servera,despesa,1,5419443.13
2016,07065AA000,Vilafranc de Bonany,ingres,7,7674.55
2016,07065AA000,Vilafranc de Bonany,despesa,5,3000.00
2016,07065AA000,Vilafranc de Bonany,despesa,7,10000.00
2016,07901AA000,Ariany,ingres,7,100000.00
2016,07902AA000,Migjorn Gran (Es),ingres,7,99719.31
2016,07001AA000,Alaró,ingres,1,2058900.00
2016,07001DD000,Consejo Insular de Ibiza,despesa,2,19017686.44
2016,07001MM000,Mc. Es Raiguer,ingres,4,2633233.09
2016,07002DV003,Inst.  Mallorquí d'Afers Socials,ingres,7,262500.00
2016,07002DV001,Inst. l'Esport Hipic,ingres,3,324220.00
2016,07002DV001,Inst. l'Esport Hipic,ingres,8,10000.00
2016,07002DD000,Consejo Insular de Mallorca,ingres,3,3005939.67
2016,07002DD000,Consejo Insular de Mallorca,ingres,5,3452296.61
2016,07002DD000,Consejo Insular de Mallorca,despesa,1,59646671.05
2016,07002DD000,Consejo Insular de Mallorca,despesa,6,65812944.72
2016,07003AA000,Alcúdia,ingres,7,2753815.40
2016,07003AV001,P. M. D'Esports,despesa,1,288305.00
2016,07003DV001,Inst. Menorquín de Estudios,despesa,1,346096.67
2016,07003MM000,Mc. Migjorn de Mallorca,ingres,3,1294262.80
2016,07004AA000,Algaida,despesa,1,1332506.59
2016,07004AA000,Algaida,despesa,7,1252.46
2016,07005AA000,Andratx,despesa,5,100.00
2016,07006AA000,Artà,ingres,3,3228651.00
2016,07006MM000,Mc. Matadero Insular de Eivissa,despesa,3,2000.00
2016,07008AA000,Binissalem,despesa,3,152500.00
2016,07010AE001,Palmanyola,ingres,3,23800.00
2016,07010AE001,Palmanyola,ingres,4,483380.22
2016,07010AE001,Palmanyola,despesa,1,263606.43
2016,07011AO001,"Inst. M. de Educación y Bibliotecas, IMEB -Calvià",ingres,3,1351000.00
2016,07011AO001,"Inst. M. de Educación y Bibliotecas, IMEB -Calvià",ingres,8,22000.00
2016,07012AA000,Campanet,ingres,5,6200.00
2016,07013AA000,Campos,ingres,2,269860.00
2016,07013AA000,Campos,despesa,1,4177820.74
2016,07016AA000,Consell,ingres,4,951492.68
2016,07016AA000,Consell,despesa,7,38500.00
2016,07019AA000,Escorca,ingres,4,345214.00
2016,07020AV002,P. d'Escoles Municipals,despesa,2,27752.00
2016,07020AV001,"P. M. Cultura, Deporte y Tiempo libre",despesa,4,37831.15
2016,07020AA000,Esporles,ingres,3,1113880.48
2016,07020AA000,Esporles,ingres,7,2.00
2016,07020AA000,Esporles,despesa,7,81600.00
2016,07022AA000,Felanitx,despesa,2,7327774.00
2016,07024AA000,Formentera,despesa,3,3000.00
2016,07026AA000,Eivissa,despesa,9,2362061.05
2016,07026AV001,P. M. Deportes,despesa,4,330000.00
2016,07026AV002,P. M. Música,despesa,8,10.00
2016,07028AA000,Lloret de Vistalegre,ingres,2,25050.00
2016,07028AA000,Lloret de Vistalegre,ingres,4,326400.00
2016,07028AA000,Lloret de Vistalegre,despesa,4,22320.00
2016,07030AA000,Llubí,despesa,1,604230.00
2016,07030AA000,Llubí,despesa,4,66080.00
2016,07031AA000,Llucmajor,ingres,3,9631500.00
2016,07031AA000,Llucmajor,ingres,4,7265200.00
2016,07031AA000,Llucmajor,despesa,5,155354.57
2016,07031AA000,Llucmajor,despesa,6,1629800.00
2016,07031AA000,Llucmajor,despesa,9,3678531.39
2016,07031AV002,P. Molí d'En Gaspar,ingres,5,100.00
2016,07032AA000,Maó,despesa,5,850000.00
2016,07033AV003,P. M. d'Esports,ingres,4,350514.99
2016,07033AA000,Manacor,ingres,8,60000.00
2016,07033AV002,P. l'Escola M. de Mallorqui,despesa,2,68757.50
2016,07035AA000,Maria de la Salut,ingres,5,10800.00
2016,07036AA000,Marratxí,despesa,2,6674844.24
2016,07037AA000,Mercadal (Es),ingres,4,1713400.00
2016,07037AA000,Mercadal (Es),ingres,8,15000.00
2016,07037AA000,Mercadal (Es),ingres,9,333000.00
2016,07037AA000,Mercadal (Es),despesa,1,2546000.00
2016,07039AA000,Muro,ingres,3,3718100.00
2016,07039AA000,Muro,ingres,4,1801818.00
2016,07039AA000,Muro,despesa,2,6010070.00
2016,07040AA000,Palma,ingres,8,9200000.00
2016,07040AA000,Palma,despesa,5,3530000.00
2016,07040AV009,Inst. M. Form. Ocupacional i Feina,despesa,6,14240.00
2016,07040AV009,Inst. M. Form. Ocupacional i Feina,despesa,7,52500.00
2016,07040AV007,P. Mpal. de Reallotjament i Reinserció Social,ingres,7,21500.00
2016,07040AV007,P. Mpal. de Reallotjament i Reinserció Social,despesa,2,79500.00
2016,07040AV002,P. M. d'Escoles d'Infants,ingres,5,20.00
2016,07040AV001,Inst. M. l'Esport,despesa,1,4458227.81
2016,07041AA000,Petra,ingres,4,552427.26
2016,07041AA000,Petra,despesa,6,6306.00
2016,07042AA000,Pollença,ingres,5,62500.00
2016,07042AO003,Residencia Social,ingres,3,301374.49
2016,07042AO003,Residencia Social,ingres,4,450460.00
2016,07042AO003,Residencia Social,despesa,6,9350.00
2016,07043AA000,Porreres,ingres,2,51000.00
2016,07044AA000,Pobla (Sa),ingres,4,2969829.00
2016,07044AA000,Pobla (Sa),despesa,1,4015103.00
2016,07044AA000,Pobla (Sa),despesa,7,101229.00
2016,07047AA000,Sencelles,ingres,3,627400.00
2016,07047AA000,Sencelles,despesa,2,680720.00
2016,07048AA000,Sant Josep de sa Talaia,despesa,1,8173586.49
2016,07049AA000,Sant Joan,ingres,2,50000.00
2016,07050AA000,Sant Joan de Labritja,ingres,3,1575433.00
2016,07051AA000,Sant Llorenç des Cardassar,despesa,1,4878568.03
2016,07052AA000,Sant Lluís,ingres,2,250000.00
2016,07052AA000,Sant Lluís,despesa,1,4632301.07
2016,07055AA000,Santa Margalida,ingres,4,2440278.00
2016,07055AA000,Santa Margalida,despesa,2,5963780.00
2016,07056AA000,Santa María del Camí,ingres,1,2011840.37
2016,07056AA000,Santa María del Camí,ingres,5,100.00
2016,07056AA000,Santa María del Camí,despesa,1,1971507.19
2016,07058AA000,Selva,ingres,3,567116.00
2016,07058AA000,Selva,ingres,5,52520.00
2016,07059AA000,Salines (Ses),ingres,3,1706334.00
2016,07059AA000,Salines (Ses),despesa,3,8500.00
2016,07059AA000,Salines (Ses),despesa,7,40000.00
2016,07062AA000,Son Servera,despesa,6,956588.75
2016,07064AA000,Castell (Es),ingres,2,50000.00
2016,07064AA000,Castell (Es),despesa,4,448500.00
2016,07901AA000,Ariany,ingres,2,17000.00
2016,07902AA000,Migjorn Gran (Es),ingres,1,1100500.00
2016,07001AA000,Alaró,despesa,9,303900.00
2016,07002AA000,Alaior,ingres,3,1787224.19
2016,07002AA000,Alaior,despesa,1,4011186.86
2016,07002AA000,Alaior,despesa,9,3868157.62
2016,07002DO001,Agència  Protecció Legalitat Urbanística i Territorial de Mallorca,despesa,8,6000.00
2016,07002DD000,Consejo Insular de Mallorca,ingres,1,12534527.05
2016,07002MM000,Mc. Pla de Mallorca,ingres,3,743232.22
2016,07003AA000,Alcúdia,despesa,7,165206.54
2016,07003AV002,F. Esc. M. Música,ingres,3,73000.00
2016,07003AV001,P. M. D'Esports,despesa,2,505945.00
2016,07003DD000,Consejo Insular de Menorca,despesa,5,200000.00
2016,07003DV001,Inst. Menorquín de Estudios,ingres,3,81000.00
2016,07003DV001,Inst. Menorquín de Estudios,despesa,4,21500.00
2016,07005AA000,Andratx,ingres,3,4756316.00
2016,07006AA000,Artà,ingres,5,12800.00
2016,07006AA000,Artà,despesa,6,958221.00
2016,07006AA000,Artà,despesa,7,2101.00
2016,07006MM000,Mc. Matadero Insular de Eivissa,ingres,4,928344.00
2016,07006MM000,Mc. Matadero Insular de Eivissa,ingres,5,100.00
2016,07007AA000,Banyalbufar,despesa,1,396959.00
2016,07007AA000,Banyalbufar,despesa,6,48500.00
2016,07007AA000,Banyalbufar,despesa,9,32690.00
2016,07008AA000,Binissalem,ingres,4,1933600.00
2016,07010AA000,Bunyola,ingres,1,2752373.62
2016,07011AA000,Calvià,despesa,3,1010000.00
2016,07013AA000,Campos,ingres,1,4184400.00
2016,07013AA000,Campos,despesa,7,100000.00
2016,07017AA000,Costitx,ingres,2,17000.00
2016,07019AA000,Escorca,despesa,1,433873.00
2016,07019AA000,Escorca,despesa,6,220685.00
2016,07022AA000,Felanitx,ingres,1,7387000.00
2016,07023AA000,Ferreries,ingres,4,1638868.50
2016,07024AV001,P. M. Turismo,ingres,4,470000.00
2016,07026AV001,P. M. Deportes,ingres,3,390000.00
2016,07026AV002,P. M. Música,despesa,1,375690.00
2016,07026AV002,P. M. Música,despesa,2,224100.00
2016,07028AA000,Lloret de Vistalegre,ingres,1,354500.00
2016,07028AA000,Lloret de Vistalegre,despesa,1,436648.28
2016,07029AA000,Lloseta,despesa,2,1462328.10
2016,07030AA000,Llubí,despesa,2,556856.00
2016,07031AV001,P. Res. Personas Mayores,ingres,4,604313.50
2016,07032AA000,Maó,ingres,8,60000.00
2016,07033AV003,P. M. d'Esports,ingres,3,8745.00
2016,07033AV003,P. M. d'Esports,ingres,7,122000.00
2016,07033AA000,Manacor,despesa,2,15135709.07
2016,07036AA000,Marratxí,ingres,1,13591033.31
2016,07036AA000,Marratxí,ingres,3,6353283.90
2016,07037AA000,Mercadal (Es),ingres,7,460250.00
2016,07037AA000,Mercadal (Es),despesa,6,1720500.00
2016,07039AA000,Muro,ingres,1,4649000.00
2016,07039AA000,Muro,despesa,5,100000.00
2016,07040AA000,Palma,ingres,9,2710200.00
2016,07040AV013,Inst. Coordinaciò d'Obres Viaries,despesa,6,2000.00
2016,07040AV006,Instituto Municipal Innovación  (IMI),ingres,7,831053.31
2016,07040AV006,Instituto Municipal Innovación  (IMI),despesa,8,60000.00
2016,07040AV007,P. Mpal. de Reallotjament i Reinserció Social,ingres,4,510700.00
2016,07040AV007,P. Mpal. de Reallotjament i Reinserció Social,despesa,6,21500.00
2016,07040AV001,Inst. M. l'Esport,despesa,2,11419650.09
2016,07040AV004,P. M. l'Habitatge,ingres,5,670000.00
2016,07040AV004,P. M. l'Habitatge,ingres,8,93000.00
2016,07040AV004,P. M. l'Habitatge,despesa,9,3518787.00
2016,07041AA000,Petra,ingres,5,6444.00
2016,07042AA000,Pollença,despesa,2,7444803.50
2016,07042AA000,Pollença,despesa,8,100.00
2016,07043AA000,Porreres,despesa,5,15374.18
2016,07046AA000,Sant Antoni de Portmany,ingres,2,400000.00
2016,07046AA000,Sant Antoni de Portmany,despesa,4,1915487.28
2016,07046AA000,Sant Antoni de Portmany,despesa,7,3500.00
2016,07048AA000,Sant Josep de sa Talaia,ingres,2,1000000.00
2016,07049AA000,Sant Joan,ingres,5,33000.00
2016,07050AA000,Sant Joan de Labritja,despesa,2,2699596.00
2016,07050AA000,Sant Joan de Labritja,despesa,3,10000.00
2016,07051AA000,Sant Llorenç des Cardassar,ingres,2,452000.00
2016,07051AA000,Sant Llorenç des Cardassar,despesa,4,5194899.09
2016,07052AA000,Sant Lluís,despesa,3,55910.00
2016,07052AA000,Sant Lluís,despesa,7,27060.00
2016,07055AA000,Santa Margalida,despesa,5,350000.00
2016,07056AV001,P. Res. Pers. Majors. Cas Metge Rei,despesa,2,180129.96
2016,07056AV001,P. Res. Pers. Majors. Cas Metge Rei,despesa,3,200.00
2016,07059AA000,Salines (Ses),ingres,5,224800.00
2016,07060AA000,Sineu,ingres,3,811900.00
2016,07060AA000,Sineu,despesa,4,448069.48
2016,07062AA000,Son Servera,ingres,8,60000.00
2016,07062AA000,Son Servera,despesa,9,1566301.37
2016,07063AA000,Valldemossa,ingres,5,109300.00
2016,07063AA000,Valldemossa,despesa,3,14959.04
2016,07063AA000,Valldemossa,despesa,4,185080.41
2016,07063AA000,Valldemossa,despesa,6,207500.00
2016,07064AA000,Castell (Es),ingres,5,10000.00
2016,07065AA000,Vilafranc de Bonany,ingres,4,615844.24
2016,07065AA000,Vilafranc de Bonany,despesa,1,358097.97
2016,07065AA000,Vilafranc de Bonany,despesa,2,507280.15
2016,07065AA000,Vilafranc de Bonany,despesa,4,722299.61
2016,07901AA000,Ariany,ingres,4,231412.46
2016,07901AA000,Ariany,ingres,5,20.00
2016,07901AA000,Ariany,despesa,6,107366.12
2016,07001AA000,Alaró,ingres,3,827400.00
2016,07001AA000,Alaró,ingres,5,38400.00
2016,07001AA000,Alaró,despesa,1,1891600.00
2016,07001DV003,P. Esc. Turismo,ingres,3,79900.00
2016,07001DV003,P. Esc. Turismo,despesa,5,10000.00
2016,07001MM000,Mc. Es Raiguer,despesa,6,3765.00
2016,07002AA000,Alaior,ingres,8,10000.00
2016,07002DV003,Inst.  Mallorquí d'Afers Socials,ingres,3,5046044.02
2016,07002DV003,Inst.  Mallorquí d'Afers Socials,despesa,4,20960211.86
2016,07002DV001,Inst. l'Esport Hipic,ingres,4,2250000.00
2016,07002DV001,Inst. l'Esport Hipic,ingres,5,402166.68
2016,07002DD000,Consejo Insular de Mallorca,ingres,4,248802309.91
2016,07002MM000,Mc. Pla de Mallorca,despesa,3,163436.06
2016,07002MM000,Mc. Pla de Mallorca,despesa,4,138396.85
2016,07003AA000,Alcúdia,ingres,5,1928212.00
2016,07003AV002,F. Esc. M. Música,despesa,1,67266.00
2016,07003DD000,Consejo Insular de Menorca,despesa,3,938668.26
2016,07003DD000,Consejo Insular de Menorca,despesa,4,17869374.06
2016,07003MM000,Mc. Migjorn de Mallorca,despesa,3,2500.00
2016,07004AA000,Algaida,ingres,1,1535950.13
2016,07004AA000,Algaida,despesa,6,432807.07
2016,07006MM000,Mc. Matadero Insular de Eivissa,ingres,3,90000.00
2016,07007AA000,Banyalbufar,despesa,2,467400.00
2016,07009AA000,Búger,ingres,1,314100.00
2016,07009AA000,Búger,ingres,2,40000.00
2016,07009AA000,Búger,ingres,4,333625.00
2016,07009AA000,Búger,despesa,1,368160.00
2016,07010AE001,Palmanyola,despesa,2,239620.20
2016,07010AE001,Palmanyola,despesa,9,6290.00
2016,07011AO001,"Inst. M. de Educación y Bibliotecas, IMEB -Calvià",despesa,2,1849857.36
2016,07011AA000,Calvià,ingres,1,50950000.00
2016,07012AA000,Campanet,ingres,2,31000.00
2016,07012AA000,Campanet,despesa,4,269382.21
2016,07013AA000,Campos,despesa,3,8000.00
2016,07014AA000,Capdepera,ingres,2,490000.00
2016,07016AA000,Consell,ingres,5,29563.17
2016,07019AA000,Escorca,ingres,1,272900.00
2016,07019AA000,Escorca,ingres,3,351148.00
2016,07022AV001,Ctro. Cultural,ingres,4,115300.00
2016,07023AA000,Ferreries,ingres,7,129338.00
2016,07024AA000,Formentera,ingres,2,340000.00
2016,07026AA000,Eivissa,ingres,7,10.00
2016,07026AV001,P. M. Deportes,despesa,1,1106591.05
2016,07026AV003,Museo de Arte Contemporáneo,ingres,7,13000.00
2016,07026AV002,P. M. Música,ingres,7,4500.00
2016,07031AA000,Llucmajor,ingres,1,17220000.00
2016,07031AA000,Llucmajor,despesa,1,14650278.54
2016,07031AA000,Llucmajor,despesa,7,153700.00
2016,07031AV001,P. Res. Personas Mayores,ingres,8,6000.00
2016,07031AV001,P. Res. Personas Mayores,despesa,3,1000.00
2016,07031AV002,P. Molí d'En Gaspar,ingres,4,57100.00
2016,07032AA000,Maó,despesa,6,3734352.00
2016,07032AA000,Maó,despesa,7,1016500.00
2016,07032AA000,Maó,despesa,8,60000.00
2016,07032AA000,Maó,despesa,9,1645358.00
2016,07033AA000,Manacor,ingres,3,8254919.43
2016,07033AA000,Manacor,despesa,9,1.00
2016,07033AV002,P. l'Escola M. de Mallorqui,ingres,5,6.01
2016,07035AA000,Maria de la Salut,ingres,1,648000.00
2016,07035AA000,Maria de la Salut,despesa,3,27200.00
2016,07036AA000,Marratxí,ingres,5,289180.00
2016,07037AA000,Mercadal (Es),despesa,4,885130.00
2016,07039AA000,Muro,despesa,3,3000.00
2016,07039AA000,Muro,despesa,6,1068180.00
2016,07040AA000,Palma,despesa,8,1200000.00
2016,07040AV013,Inst. Coordinaciò d'Obres Viaries,ingres,7,2000.00
2016,07040AV006,Instituto Municipal Innovación  (IMI),ingres,8,60000.00
2016,07040AV001,Inst. M. l'Esport,ingres,7,2049347.50
2016,07041AA000,Petra,despesa,1,428398.38
2016,07041AA000,Petra,despesa,3,32467.40
2016,07042AO002,Institut Municipal Radio Pollença,ingres,3,1500.00
2016,07043AA000,Porreres,ingres,4,1266987.81
2016,07046AA000,Sant Antoni de Portmany,ingres,5,1000.00
2016,07046AA000,Sant Antoni de Portmany,ingres,9,1360000.00
2016,07046AA000,Sant Antoni de Portmany,despesa,3,415000.00
2016,07048AA000,Sant Josep de sa Talaia,despesa,2,13088033.68
2016,07049AA000,Sant Joan,despesa,3,23109.00
2016,07050AA000,Sant Joan de Labritja,ingres,2,301067.00
2016,07051AA000,Sant Llorenç des Cardassar,ingres,1,8670000.00
2016,07051AA000,Sant Llorenç des Cardassar,ingres,5,556000.00
2016,07051AA000,Sant Llorenç des Cardassar,despesa,7,1929694.66
2016,07052AA000,Sant Lluís,despesa,9,447300.00
2016,07053AA000,Santa Eugènia,ingres,5,18758.00
2016,07054AA000,Santa Eulalia del Río,ingres,4,7430050.00
2016,07054AA000,Santa Eulalia del Río,despesa,2,16519949.18
2016,07054AA000,Santa Eulalia del Río,despesa,8,15010.00
2016,07054AA000,Santa Eulalia del Río,despesa,9,1768353.48
2016,07060AA000,Sineu,despesa,2,851286.46
2016,07060AA000,Sineu,despesa,5,15000.00
2016,07061AA000,Sóller,ingres,6,1358333.39
2016,07061AA000,Sóller,despesa,2,6122334.66
2016,07064AA000,Castell (Es),ingres,4,1839841.00
2016,07901AA000,Ariany,despesa,3,500.00
2016,07902AA000,Migjorn Gran (Es),despesa,1,939834.55
2017,07004AA000,Algaida,ingres,4,1070000.00
2017,07004AA000,Algaida,ingres,7,42881.00
2017,07006AA000,Artà,despesa,2,3717452.57
2017,07009AA000,Búger,despesa,9,50000.00
2017,07009AA000,Búger,ingres,5,5800.00
2017,07010AA000,Bunyola,despesa,9,522982.35
2017,07010AA000,Bunyola,ingres,3,1235876.63
2017,07010AA000,Bunyola,ingres,5,1819.38
2017,07012AA000,Campanet,despesa,2,868524.53
2017,07012AA000,Campanet,ingres,4,734079.31
2017,07013AA000,Campos,despesa,2,6659400.00
2017,07019AA000,Escorca,despesa,2,483394.00
2017,07020AA000,Esporles,despesa,3,14000.00
2017,07020AA000,Esporles,despesa,9,245000.00
2017,07020AV001,"P. M. Cultura, Deporte y Tiempo libre",ingres,4,40000.00
2017,07026AV001,P. M. Deportes,despesa,2,724986.07
2017,07026AV002,P. M. Música,ingres,8,10.00
2017,07029AA000,Lloseta,despesa,3,17160.00
2017,07029AA000,Lloseta,ingres,1,2237608.25
2017,07030AA000,Llubí,ingres,5,26452.00
2017,07031AA000,Llucmajor,despesa,2,13657179.00
2017,07031AA000,Llucmajor,despesa,8,55000.00
2017,07035AA000,Maria de la Salut,despesa,4,76547.16
2017,07035AA000,Maria de la Salut,ingres,2,25000.00
2017,07035AA000,Maria de la Salut,ingres,4,559887.13
2017,07036AA000,Marratxí,ingres,8,9000.00
2017,07041AA000,Petra,despesa,9,100000.00
2017,07041AO001,F. Escuela Municipal de Música de Petra,despesa,1,69146.82
2017,07041AO001,F. Escuela Municipal de Música de Petra,despesa,3,1198.00
2017,07041AO001,F. Escuela Municipal de Música de Petra,ingres,3,50994.82
2017,07045AA000,Puigpunyent,ingres,5,12.12
2017,07048AA000,Sant Josep de sa Talaia,despesa,9,732209.74
2017,07048AA000,Sant Josep de sa Talaia,ingres,3,6581600.00
2017,07050AA000,Sant Joan de Labritja,despesa,4,348087.00
2017,07050AA000,Sant Joan de Labritja,ingres,4,986000.00
2017,07050AA000,Sant Joan de Labritja,ingres,6,1000.00
2017,07055AA000,Santa Margalida,despesa,6,1540000.00
2017,07058AA000,Selva,despesa,2,764980.76
2017,07058AA000,Selva,ingres,7,40.00
2017,07061AA000,Sóller,ingres,1,7858559.70
2017,07061AA000,Sóller,ingres,7,64100.00
2017,07064AA000,Castell (Es),despesa,2,1641586.61
2017,07064AA000,Castell (Es),ingres,1,3760294.55
2017,07005AA000,Andratx,despesa,6,2110000.00
2017,07005AA000,Andratx,despesa,7,133584.79
2017,07040AA000,Palma,ingres,5,13554900.00
2017,07040AV001,Inst. M. l'Esport,despesa,3,10000.00
2017,07040AV001,Inst. M. l'Esport,despesa,6,1680000.00
2017,07040AV002,P. M. d'Escoles d'Infants,despesa,1,3383362.72
2017,07040AV006,Instituto Municipal Innovación  (IMI),despesa,6,1235272.55
2017,07040AV009,Inst. M. Form. Ocupacional i Feina,ingres,8,20000.00
2017,07062AA000,Son Servera,despesa,3,543680.94
2017,07062AA000,Son Servera,despesa,4,496894.11
2017,07003AA000,Alcúdia,despesa,1,7834265.76
2017,07003AA000,Alcúdia,despesa,6,7275221.30
2017,07003AV001,P. M. D'Esports,ingres,7,35030.00
2017,07003AV002,F. Esc. M. Música,despesa,2,269280.00
2017,07003AV002,F. Esc. M. Música,despesa,3,30.00
2017,07003AV003,Emisora Alcúdia Radio,despesa,1,137710.00
2017,07003AV003,Emisora Alcúdia Radio,despesa,3,50.00
2017,07049AA000,Sant Joan,despesa,2,562174.00
2017,07049AA000,Sant Joan,ingres,3,390229.00
2017,07008AA000,Binissalem,despesa,9,734000.00
2017,07008AA000,Binissalem,ingres,7,660000.00
2017,07017AA000,Costitx,ingres,1,378500.00
2017,07018AA000,Deyá,ingres,5,5000.00
2017,07018AA000,Deyá,ingres,7,490000.00
2017,07027AV005,Música Antoni Torrandell,ingres,4,283133.15
2017,07022AA000,Felanitx,despesa,7,601000.00
2017,07022AA000,Felanitx,ingres,3,4333800.00
2017,07024AA000,Formentera,despesa,7,250000.00
2017,07024AA000,Formentera,ingres,5,20000.00
2017,07053AA000,Santa Eugènia,despesa,3,1900.00
2017,07053AA000,Santa Eugènia,ingres,4,483721.10
2017,07001AA000,Alaró,despesa,3,17532.00
2017,07001AA000,Alaró,despesa,4,453950.00
2017,07015AA000,Ciutadella de Menorca,despesa,9,2039194.78
2017,07015AV003,P. Esc. Infantiles,despesa,4,48500.00
2017,07015AV003,P. Esc. Infantiles,ingres,4,699000.00
2017,07023AA000,Ferreries,ingres,1,2052000.00
2017,07042AO002,Institut Municipal Radio Pollença,despesa,4,2000.00
2017,07042AO003,Residencia Social,despesa,1,560765.46
2017,07043AA000,Porreres,despesa,4,469908.00
2017,07043AA000,Porreres,despesa,7,44884.37
2017,07051AA000,Sant Llorenç des Cardassar,despesa,2,3253153.13
2017,07052AA000,Sant Lluís,ingres,4,2428600.00
2017,07054AA000,Santa Eulalia del Río,ingres,5,479024.63
2017,07056AA000,Santa María del Camí,ingres,2,141799.00
2017,07057AA000,Santanyí,despesa,4,2173026.20
2017,07057AA000,Santanyí,despesa,9,421853.00
2017,07902AA000,Migjorn Gran (Es),despesa,7,2000.00
2017,07902AA000,Migjorn Gran (Es),ingres,2,80700.00
2017,07001DD000,Consejo Insular de Ibiza,ingres,9,300000.00
2017,07001DV003,P. Esc. Turismo,despesa,1,430002.23
2017,07001DV003,P. Esc. Turismo,despesa,2,79997.77
2017,07002DD000,Consejo Insular de Mallorca,ingres,8,100000.00
2017,07002DV001,Inst. l'Esport Hipic,despesa,3,3000.00
2017,07002DV003,Inst.  Mallorquí d'Afers Socials,despesa,2,87350487.21
2017,07003DD000,Consejo Insular de Menorca,despesa,6,19965703.80
2017,07003DV001,Inst. Menorquín de Estudios,despesa,2,289906.18
2017,07001MM000,Mc. Es Raiguer,despesa,4,3000.00
2017,07001MM000,Mc. Es Raiguer,ingres,5,100.00
2017,07014AA000,Capdepera,despesa,2,5244661.40
2017,07014AA000,Capdepera,despesa,9,662813.32
2017,07014AA000,Capdepera,ingres,5,1062077.00
2017,07026AA000,Eivissa,despesa,5,297400.00
2017,07026AA000,Eivissa,despesa,7,2268259.18
2017,07026AA000,Eivissa,ingres,1,24612010.00
2017,07026AV003,Museo de Arte Contemporáneo,despesa,2,83359.46
2017,07026AV003,Museo de Arte Contemporáneo,despesa,3,100.00
2017,07026AV003,Museo de Arte Contemporáneo,despesa,6,13000.00
2017,07031AV001,P. Res. Personas Mayores,despesa,1,756750.66
2017,07031AV001,P. Res. Personas Mayores,despesa,6,261000.00
2017,07032AA000,Maó,despesa,2,12464780.00
2017,07032AA000,Maó,ingres,2,216000.00
2017,07032AA000,Maó,ingres,7,971449.00
2017,07036AO001,Institut Municipal Comunicació,ingres,4,122920.00
2017,07011AO001,"Inst. M. de Educación y Bibliotecas, IMEB -Calvià",despesa,8,22000.00
2017,07033AO001,Institut Públic del Teatre Municipal,despesa,6,15000.00
2017,07002AA000,Alaior,despesa,8,10000.00
2017,07011AA000,Calvià,ingres,3,7309000.00
2017,07033AA000,Manacor,despesa,7,617011.00
2017,07044AA000,Pobla (Sa),ingres,3,3804879.41
2017,07047AA000,Sencelles,despesa,5,25000.00
2017,07047AA000,Sencelles,ingres,5,81312.00
2017,07901AA000,Ariany,despesa,2,339000.95
2017,07015AV002,Hospital Municipal,ingres,3,751000.00
2017,07002DO001,Agència  Protecció Legalitat Urbanística i Territorial de Mallorca,despesa,2,150000.00
2017,07006AA000,Artà,despesa,5,40000.00
2017,07006AA000,Artà,despesa,9,672275.44
2017,07010AA000,Bunyola,despesa,1,1540534.43
2017,07010AA000,Bunyola,ingres,4,1564886.00
2017,07016AA000,Consell,despesa,1,1070631.17
2017,07020AA000,Esporles,despesa,2,1480056.23
2017,07020AA000,Esporles,ingres,5,1101.00
2017,07026AV001,P. M. Deportes,despesa,6,5000.00
2017,07026AV001,P. M. Deportes,ingres,7,5000.00
2017,07028AA000,Lloret de Vistalegre,despesa,2,409750.00
2017,07028AA000,Lloret de Vistalegre,despesa,9,39000.00
2017,07028AA000,Lloret de Vistalegre,ingres,7,31165.20
2017,07029AA000,Lloseta,ingres,4,1372427.78
2017,07029AA000,Lloseta,ingres,5,23470.00
2017,07031AA000,Llucmajor,ingres,2,1010000.00
2017,07041AA000,Petra,ingres,7,6.00
2017,07045AA000,Puigpunyent,despesa,1,729421.06
2017,07045AA000,Puigpunyent,despesa,2,1044853.44
2017,07045AA000,Puigpunyent,despesa,3,25782.55
2017,07045AA000,Puigpunyent,ingres,7,511330.28
2017,07048AA000,Sant Josep de sa Talaia,despesa,6,6206475.65
2017,07055AA000,Santa Margalida,despesa,3,5030.00
2017,07055AA000,Santa Margalida,ingres,2,120000.00
2017,07058AA000,Selva,despesa,1,1267237.20
2017,07058AA000,Selva,despesa,4,523378.71
2017,07061AA000,Sóller,ingres,2,321111.90
2017,07061AA000,Sóller,ingres,3,3794245.61
2017,07061AA000,Sóller,ingres,4,4485798.76
2017,07063AA000,Valldemossa,ingres,2,225000.00
2017,07005AA000,Andratx,despesa,1,9170359.25
2017,07040AA000,Palma,ingres,4,85662993.89
2017,07040AV002,P. M. d'Escoles d'Infants,despesa,8,11000.00
2017,07040AV002,P. M. d'Escoles d'Infants,ingres,3,784205.47
2017,07040AV013,Inst. Coordinaciò d'Obres Viaries,despesa,2,17336.31
2017,07003AV001,P. M. D'Esports,ingres,3,166500.00
2017,07039AA000,Muro,ingres,5,1762800.00
2017,07049AA000,Sant Joan,ingres,4,465626.00
2017,07059AA000,Salines (Ses),despesa,1,2348746.00
2017,07059AA000,Salines (Ses),despesa,4,310601.00
2017,07059AA000,Salines (Ses),ingres,2,130000.00
2017,07017AA000,Costitx,despesa,3,3000.00
2017,07018AA000,Deyá,despesa,3,250.00
2017,07025AA000,Fornalutx,ingres,2,20345.00
2017,07025AA000,Fornalutx,ingres,7,49932.00
2017,07027AA000,Inca,ingres,1,10560250.49
2017,07027AA000,Inca,ingres,6,10.00
2017,07027AV001,Llar d'infants d'Inca,despesa,1,632527.83
2017,07007AA000,Banyalbufar,despesa,3,16505.00
2017,07007AA000,Banyalbufar,ingres,3,301823.67
2017,07022AA000,Felanitx,ingres,4,4089619.00
2017,07022AA000,Felanitx,ingres,5,338401.00
2017,07022AA000,Felanitx,ingres,9,604000.00
2017,07038AA000,Montuïri,despesa,2,612100.00
2017,07038AA000,Montuïri,despesa,9,379000.00
2017,07038AA000,Montuïri,ingres,2,170700.00
2017,07053AA000,Santa Eugènia,despesa,4,203294.00
2017,07053AA000,Santa Eugènia,ingres,2,60000.00
2017,07065AA000,Vilafranc de Bonany,despesa,3,38500.00
2017,07065AA000,Vilafranc de Bonany,despesa,6,90101.58
2017,07015AV003,P. Esc. Infantiles,despesa,1,449000.00
2017,07023AA000,Ferreries,despesa,2,1936150.00
2017,07023AA000,Ferreries,despesa,3,37500.00
2017,07023AA000,Ferreries,despesa,4,719750.00
2017,07023AA000,Ferreries,despesa,8,40000.00
2017,07042AA000,Pollença,despesa,1,7417560.94
2017,07042AA000,Pollença,ingres,1,10345000.00
2017,07042AO003,Residencia Social,despesa,2,288633.53
2017,07043AA000,Porreres,despesa,1,1065850.00
2017,07043AA000,Porreres,ingres,1,1728180.00
2017,07043AA000,Porreres,ingres,5,18250.00
2017,07051AA000,Sant Llorenç des Cardassar,ingres,3,4040471.41
2017,07052AA000,Sant Lluís,despesa,2,4003610.00
2017,07052AA000,Sant Lluís,despesa,4,876355.00
2017,07052AA000,Sant Lluís,ingres,3,2419400.00
2017,07052AA000,Sant Lluís,ingres,5,373000.00
2017,07054AA000,Santa Eulalia del Río,ingres,1,17085010.00
2017,07056AA000,Santa María del Camí,despesa,3,515.83
2017,07057AA000,Santanyí,despesa,2,8578405.00
2017,07057AA000,Santanyí,despesa,6,2901779.07
2017,07057AA000,Santanyí,ingres,3,4851201.91
2017,07902AA000,Migjorn Gran (Es),despesa,6,313810.00
2017,07902AA000,Migjorn Gran (Es),despesa,8,1000.00
2017,07902AA000,Migjorn Gran (Es),ingres,5,130300.00
2017,07001DD000,Consejo Insular de Ibiza,despesa,9,685703.32
2017,07001DD000,Consejo Insular de Ibiza,ingres,7,23106470.23
2017,07002DD000,Consejo Insular de Mallorca,despesa,2,40379031.15
2017,07002DV001,Inst. l'Esport Hipic,despesa,6,100000.00
2017,07002DV003,Inst.  Mallorquí d'Afers Socials,despesa,1,56415522.35
2017,07002DV003,Inst.  Mallorquí d'Afers Socials,despesa,7,3408963.61
2017,07002DV003,Inst.  Mallorquí d'Afers Socials,ingres,4,162415094.65
2017,07002DV003,Inst.  Mallorquí d'Afers Socials,ingres,8,125000.00
2017,07003DD000,Consejo Insular de Menorca,despesa,2,11274431.94
2017,07001MM000,Mc. Es Raiguer,despesa,3,250.00
2017,07003MM000,Mc. Migjorn de Mallorca,despesa,4,4600.00
2017,07026AA000,Eivissa,despesa,1,17095675.15
2017,07026AA000,Eivissa,despesa,4,5599455.44
2017,07026AA000,Eivissa,ingres,3,15739428.07
2017,07026AA000,Eivissa,ingres,4,12359518.93
2017,07026AA000,Eivissa,ingres,6,10.00
2017,07032AA000,Maó,despesa,1,11914064.00
2017,07032AA000,Maó,ingres,1,17426720.00
2017,07060AA000,Sineu,ingres,4,1303654.44
2017,07011AO001,"Inst. M. de Educación y Bibliotecas, IMEB -Calvià",ingres,4,5219613.73
2017,07033AO001,Institut Públic del Teatre Municipal,ingres,3,69508.00
2017,07002AA000,Alaior,despesa,2,4044465.00
2017,07002AA000,Alaior,despesa,6,582260.00
2017,07002AA000,Alaior,despesa,7,91000.00
2017,07011AA000,Calvià,despesa,9,4000000.00
2017,07011AA000,Calvià,ingres,4,20890718.00
2017,07011AA000,Calvià,ingres,7,1000000.00
2017,07011AA000,Calvià,ingres,8,240001.00
2017,07033AA000,Manacor,despesa,4,1268899.50
2017,07033AA000,Manacor,despesa,6,1968024.07
2017,07044AA000,Pobla (Sa),ingres,2,180000.00
2017,07901AA000,Ariany,ingres,3,139255.47
2017,07002DO001,Agència  Protecció Legalitat Urbanística i Territorial de Mallorca,ingres,3,1467000.00
2017,07006AA000,Artà,despesa,3,43003.00
2017,07006AA000,Artà,despesa,4,366672.40
2017,07006AA000,Artà,ingres,1,4854740.00
2017,07009AA000,Búger,despesa,3,17800.00
2017,07010AA000,Bunyola,despesa,3,73000.00
2017,07012AA000,Campanet,ingres,1,783208.91
2017,07016AA000,Consell,despesa,3,2750.00
2017,07019AA000,Escorca,despesa,4,37184.00
2017,07026AV001,P. M. Deportes,ingres,8,10.00
2017,07026AV002,P. M. Música,ingres,3,47510.00
2017,07030AA000,Llubí,despesa,6,234600.00
2017,07030AA000,Llubí,ingres,1,853267.00
2017,07030AA000,Llubí,ingres,2,25000.00
2017,07031AA000,Llucmajor,ingres,5,821700.00
2017,07036AA000,Marratxí,despesa,1,10148455.54
2017,07036AA000,Marratxí,despesa,3,131800.00
2017,07036AA000,Marratxí,ingres,2,400000.00
2017,07037AA000,Mercadal (Es),despesa,7,43500.00
2017,07041AA000,Petra,ingres,1,633979.90
2017,07041AO001,F. Escuela Municipal de Música de Petra,ingres,4,21000.00
2017,07045AA000,Puigpunyent,despesa,4,112590.85
2017,07045AA000,Puigpunyent,despesa,5,25000.00
2017,07045AA000,Puigpunyent,ingres,2,83433.63
2017,07046AA000,Sant Antoni de Portmany,despesa,6,4079481.11
2017,07048AA000,Sant Josep de sa Talaia,despesa,4,1391328.60
2017,07048AA000,Sant Josep de sa Talaia,ingres,1,13000240.00
2017,07055AA000,Santa Margalida,despesa,4,337900.00
2017,07055AA000,Santa Margalida,ingres,3,3516830.00
2017,07061AA000,Sóller,despesa,4,819030.00
2017,07064AA000,Castell (Es),despesa,7,98510.13
2017,07040AA000,Palma,despesa,9,34021750.80
2017,07040AA000,Palma,ingres,1,185532876.52
2017,07040AA000,Palma,ingres,7,6676844.77
2017,07040AV001,Inst. M. l'Esport,despesa,4,200231.23
2017,07040AV002,P. M. d'Escoles d'Infants,despesa,2,3608812.75
2017,07040AV004,P. M. l'Habitatge,despesa,8,93000.00
2017,07040AV006,Instituto Municipal Innovación  (IMI),ingres,5,50.00
2017,07040AV007,P. Mpal. de Reallotjament i Reinserció Social,despesa,1,366800.00
2017,07040AV009,Inst. M. Form. Ocupacional i Feina,ingres,3,36000.00
2017,07040AV009,Inst. M. Form. Ocupacional i Feina,ingres,7,143550.00
2017,07062AA000,Son Servera,despesa,2,6930430.00
2017,07062AA000,Son Servera,despesa,8,60000.00
2017,07062AA000,Son Servera,ingres,3,3942730.00
2017,07062AA000,Son Servera,ingres,4,2717519.65
2017,07003AV001,P. M. D'Esports,despesa,3,100.00
2017,07003AV001,P. M. D'Esports,despesa,6,35030.00
2017,07003AV003,Emisora Alcúdia Radio,despesa,6,1583.00
2017,07003AV003,Emisora Alcúdia Radio,ingres,5,10.00
2017,07049AA000,Sant Joan,despesa,1,625516.00
2017,07033AV002,P. l'Escola M. de Mallorqui,ingres,3,15000.00
2017,07033AO002,Institució Pública Antoni M. Alcover,despesa,2,69000.00
2017,07033AO002,Institució Pública Antoni M. Alcover,despesa,6,5000.00
2017,07008AA000,Binissalem,despesa,1,2363844.00
2017,07008AA000,Binissalem,despesa,4,821950.00
2017,07008AA000,Binissalem,ingres,5,13200.00
2017,07017AA000,Costitx,despesa,9,13000.00
2017,07017AA000,Costitx,ingres,5,17100.00
2017,07017AA000,Costitx,ingres,7,15000.00
2017,07018AA000,Deyá,ingres,1,986000.00
2017,07025AA000,Fornalutx,ingres,1,336347.39
2017,07027AA000,Inca,despesa,9,1332711.96
2017,07027AV001,Llar d'infants d'Inca,ingres,3,251000.00
2017,07027AV001,Llar d'infants d'Inca,ingres,8,10.00
2017,07027AV003,Inst. M. d'Activitat Física Inca,despesa,2,860009.04
2017,07027AV003,Inst. M. d'Activitat Física Inca,ingres,4,862835.19
2017,07027AV003,Inst. M. d'Activitat Física Inca,ingres,5,210.00
2017,07027AV005,Música Antoni Torrandell,despesa,1,118934.69
2017,07038AA000,Montuïri,despesa,1,866700.00
2017,07053AA000,Santa Eugènia,ingres,3,375058.02
2017,07065AA000,Vilafranc de Bonany,ingres,2,20000.00
2017,07065AA000,Vilafranc de Bonany,ingres,5,1000.00
2017,07001AA000,Alaró,despesa,2,1246535.00
2017,07001AA000,Alaró,ingres,7,37300.00
2017,07015AV003,P. Esc. Infantiles,despesa,2,465000.00
2017,07023AA000,Ferreries,despesa,9,214500.00
2017,07043AA000,Porreres,despesa,6,171345.00
2017,07043AA000,Porreres,despesa,9,243215.30
2017,07043AA000,Porreres,ingres,3,252700.00
2017,07056AV001,P. Res. Pers. Majors. Cas Metge Rei,ingres,3,445200.00
2017,07057AA000,Santanyí,ingres,1,11448608.27
2017,07057AA000,Santanyí,ingres,2,502000.00
2017,07902AA000,Migjorn Gran (Es),despesa,2,884227.09
2017,07902AA000,Migjorn Gran (Es),despesa,4,338495.00
2017,07902AA000,Migjorn Gran (Es),despesa,9,96574.49
2017,07001DD000,Consejo Insular de Ibiza,despesa,8,250000.00
2017,07002DD000,Consejo Insular de Mallorca,despesa,3,1283779.18
2017,07002DV001,Inst. l'Esport Hipic,despesa,4,1184600.00
2017,07002DV003,Inst.  Mallorquí d'Afers Socials,despesa,3,42500.00
2017,07002DV003,Inst.  Mallorquí d'Afers Socials,despesa,8,125000.00
2017,07003DD000,Consejo Insular de Menorca,ingres,1,1066591.92
2017,07002MM000,Mc. Pla de Mallorca,ingres,5,100.00
2017,07001MM000,Mc. Es Raiguer,despesa,2,2564453.73
2017,07003MM000,Mc. Migjorn de Mallorca,despesa,6,40000.00
2017,07003MM000,Mc. Migjorn de Mallorca,ingres,5,18000.00
2017,07014AA000,Capdepera,despesa,3,40865.20
2017,07014AA000,Capdepera,ingres,3,32835562.21
2017,07014AA000,Capdepera,ingres,4,2733598.81
2017,07031AV001,P. Res. Personas Mayores,despesa,5,13421.76
2017,07031AV001,P. Res. Personas Mayores,ingres,3,360100.00
2017,07032AA000,Maó,ingres,6,56100.00
2017,07032AA000,Maó,ingres,9,2500000.00
2017,07060AA000,Sineu,ingres,5,24900.00
2017,07011AO001,"Inst. M. de Educación y Bibliotecas, IMEB -Calvià",despesa,1,4424739.46
2017,07011AO001,"Inst. M. de Educación y Bibliotecas, IMEB -Calvià",despesa,6,166000.00
2017,07022AV001,Ctro. Cultural,despesa,2,115300.00
2017,07002AA000,Alaior,despesa,3,89979.17
2017,07011AA000,Calvià,despesa,8,240001.00
2017,07044AA000,Pobla (Sa),despesa,9,1396690.00
2017,07044AA000,Pobla (Sa),ingres,5,12569.00
2017,07044AA000,Pobla (Sa),ingres,6,6.00
2017,07047AA000,Sencelles,ingres,1,966130.00
2017,07901AA000,Ariany,despesa,1,208037.82
2017,07004AA000,Algaida,despesa,3,8337.57
2017,07004AA000,Algaida,ingres,3,840700.00
2017,07009AA000,Búger,ingres,3,252250.00
2017,07012AA000,Campanet,despesa,3,3400.00
2017,07012AA000,Campanet,ingres,3,631299.17
2017,07013AA000,Campos,despesa,4,79575.00
2017,07013AA000,Campos,ingres,4,2089233.26
2017,07016AA000,Consell,ingres,3,1116732.28
2017,07019AA000,Escorca,despesa,3,21250.00
2017,07020AA000,Esporles,despesa,1,1455704.47
2017,07020AA000,Esporles,ingres,1,1691645.93
2017,07020AV001,"P. M. Cultura, Deporte y Tiempo libre",despesa,2,2168.85
2017,07026AV001,P. M. Deportes,despesa,3,4000.00
2017,07028AA000,Lloret de Vistalegre,ingres,5,7150.00
2017,07029AA000,Lloseta,despesa,4,677181.83
2017,07029AA000,Lloseta,despesa,9,177279.60
2017,07031AA000,Llucmajor,despesa,3,901000.00
2017,07031AA000,Llucmajor,ingres,8,55000.00
2017,07035AA000,Maria de la Salut,despesa,1,633544.39
2017,07036AA000,Marratxí,despesa,4,8463317.12
2017,07037AA000,Mercadal (Es),ingres,2,152800.00
2017,07041AA000,Petra,despesa,4,70418.00
2017,07046AA000,Sant Antoni de Portmany,despesa,1,7161206.68
2017,07046AA000,Sant Antoni de Portmany,despesa,9,1323000.00
2017,07046AA000,Sant Antoni de Portmany,ingres,7,500000.00
2017,07048AA000,Sant Josep de sa Talaia,despesa,5,200000.00
2017,07048AA000,Sant Josep de sa Talaia,ingres,4,5997823.56
2017,07050AA000,Sant Joan de Labritja,ingres,5,4100.00
2017,07055AA000,Santa Margalida,despesa,1,4914960.00
2017,07061AA000,Sóller,despesa,1,5562321.14
2017,07061AA000,Sóller,despesa,3,801740.04
2017,07061AA000,Sóller,despesa,7,194000.00
2017,07063AA000,Valldemossa,despesa,9,146348.01
2017,07005AA000,Andratx,despesa,2,10345888.64
2017,07005AA000,Andratx,ingres,2,1100000.00
2017,07040AA000,Palma,despesa,4,84155549.86
2017,07040AV001,Inst. M. l'Esport,ingres,8,100000.00
2017,07040AV002,P. M. d'Escoles d'Infants,despesa,4,270050.00
2017,07040AV002,P. M. d'Escoles d'Infants,ingres,4,6478000.00
2017,07040AV002,P. M. d'Escoles d'Infants,ingres,7,113237.93
2017,07040AV004,P. M. l'Habitatge,despesa,1,1427965.09
2017,07040AV004,P. M. l'Habitatge,ingres,4,1517696.14
2017,07040AV009,Inst. M. Form. Ocupacional i Feina,despesa,1,4648877.86
2017,07040AV009,Inst. M. Form. Ocupacional i Feina,despesa,8,20000.00
2017,07040AV009,Inst. M. Form. Ocupacional i Feina,ingres,4,5680721.43
2017,07062AA000,Son Servera,ingres,5,518798.21
2017,07003AA000,Alcúdia,ingres,3,7163670.00
2017,07003AA000,Alcúdia,ingres,4,4115943.25
2017,07003AV002,F. Esc. M. Música,ingres,4,263871.00
2017,07039AA000,Muro,ingres,2,214000.00
2017,07059AA000,Salines (Ses),despesa,9,152060.00
2017,07059AA000,Salines (Ses),ingres,4,1118669.76
2017,07033AV003,P. M. d'Esports,despesa,4,59200.00
2017,07033AV003,P. M. d'Esports,ingres,5,36500.00
2017,07033AO002,Institució Pública Antoni M. Alcover,ingres,7,5000.00
2017,07008AA000,Binissalem,ingres,6,60000.00
2017,07008AV001,P. M. d'Esports,despesa,4,1.00
2017,07017AA000,Costitx,ingres,3,60700.00
2017,07025AA000,Fornalutx,despesa,6,39400.00
2017,07025AA000,Fornalutx,despesa,9,56000.00
2017,07025AA000,Fornalutx,ingres,4,303903.02
2017,07027AV001,Llar d'infants d'Inca,despesa,8,10.00
2017,07027AV001,Llar d'infants d'Inca,ingres,4,466447.83
2017,07027AV001,Llar d'infants d'Inca,ingres,7,4500.00
2017,07027AV005,Música Antoni Torrandell,despesa,6,2000.00
2017,07007AA000,Banyalbufar,despesa,4,18950.00
2017,07024AA000,Formentera,despesa,4,1575000.00
2017,07024AA000,Formentera,despesa,6,3250000.00
2017,07024AV001,P. M. Turismo,despesa,3,500.00
2017,07038AA000,Montuïri,despesa,3,361300.00
2017,07038AA000,Montuïri,ingres,1,994210.00
2017,07038AA000,Montuïri,ingres,9,379000.00
2017,07065AA000,Vilafranc de Bonany,despesa,9,189700.00
2017,07001AA000,Alaró,ingres,4,1428450.00
2017,07015AA000,Ciutadella de Menorca,ingres,7,62500.00
2017,07042AA000,Pollença,despesa,3,613020.00
2017,07042AA000,Pollença,despesa,7,40000.00
2017,07042AO002,Institut Municipal Radio Pollença,despesa,1,110396.89
2017,07042AO002,Institut Municipal Radio Pollença,despesa,2,21456.71
2017,07043AA000,Porreres,despesa,3,20431.53
2017,07051AA000,Sant Llorenç des Cardassar,despesa,8,10000.00
2017,07054AA000,Santa Eulalia del Río,despesa,7,218563.92
2017,07054AA000,Santa Eulalia del Río,ingres,7,812074.72
2017,07056AA000,Santa María del Camí,despesa,2,1799628.96
2017,07056AA000,Santa María del Camí,despesa,4,564758.81
2017,07056AA000,Santa María del Camí,ingres,3,1578813.13
2017,07056AV001,P. Res. Pers. Majors. Cas Metge Rei,ingres,4,205000.00
2017,07056AV001,P. Res. Pers. Majors. Cas Metge Rei,ingres,5,130.00
2017,07057AA000,Santanyí,despesa,1,6704536.73
2017,07057AA000,Santanyí,despesa,3,38000.00
2017,07057AA000,Santanyí,ingres,5,884100.00
2017,07001DD000,Consejo Insular de Ibiza,ingres,8,250000.00
2017,07001DV003,P. Esc. Turismo,despesa,6,20000.00
2017,07001DV003,P. Esc. Turismo,ingres,4,500000.00
2017,07002DD000,Consejo Insular de Mallorca,despesa,4,167868408.57
2017,07002DD000,Consejo Insular de Mallorca,despesa,7,24847883.33
2017,07002DD000,Consejo Insular de Mallorca,despesa,9,17988079.24
2017,07002DV001,Inst. l'Esport Hipic,despesa,8,10000.00
2017,07002DV003,Inst.  Mallorquí d'Afers Socials,despesa,6,5878030.00
2017,07003DD000,Consejo Insular de Menorca,despesa,1,20029392.98
2017,07003DD000,Consejo Insular de Menorca,ingres,2,1707053.82
2017,07003DD000,Consejo Insular de Menorca,ingres,3,1724000.00
2017,07003DD000,Consejo Insular de Menorca,ingres,6,1045625.00
2017,07003DD000,Consejo Insular de Menorca,ingres,7,19638659.55
2017,07002MM000,Mc. Pla de Mallorca,ingres,4,5121298.63
2017,07001MM000,Mc. Es Raiguer,ingres,3,535813.45
2017,07003MM000,Mc. Migjorn de Mallorca,despesa,1,677268.43
2017,07014AA000,Capdepera,despesa,6,29762433.77
2017,07026AA000,Eivissa,despesa,2,24306884.91
2017,07011AO001,"Inst. M. de Educación y Bibliotecas, IMEB -Calvià",ingres,7,166000.00
2017,07033AO001,Institut Públic del Teatre Municipal,despesa,2,211329.00
2017,07033AO001,Institut Públic del Teatre Municipal,ingres,7,15000.00
2017,07022AV001,Ctro. Cultural,despesa,3,100.00
2017,07002AA000,Alaior,despesa,4,526604.65
2017,07002AA000,Alaior,ingres,2,145193.60
2017,07033AA000,Manacor,ingres,5,239004.00
2017,07044AA000,Pobla (Sa),despesa,3,403229.77
2017,07044AA000,Pobla (Sa),despesa,4,368163.00
2017,07047AA000,Sencelles,despesa,4,567500.00
2017,07901AA000,Ariany,ingres,1,276592.84
2017,07015AV002,Hospital Municipal,despesa,2,616800.00
2017,07004AA000,Algaida,despesa,4,199680.00
2017,07004AA000,Algaida,despesa,9,111663.54
2017,07006AA000,Artà,ingres,2,301600.00
2017,07009AA000,Búger,despesa,2,452100.00
2017,07009AA000,Búger,despesa,4,152200.00
2017,07009AA000,Búger,despesa,6,84698.97
2017,07010AA000,Bunyola,despesa,4,458661.40
2017,07016AA000,Consell,despesa,2,1233650.84
2017,07028AA000,Lloret de Vistalegre,ingres,3,224734.80
2017,07029AA000,Lloseta,ingres,2,100000.00
2017,07030AA000,Llubí,despesa,7,450.00
2017,07030AA000,Llubí,ingres,4,519641.00
2017,07031AA000,Llucmajor,despesa,4,1219094.31
2017,07035AA000,Maria de la Salut,despesa,6,254225.56
2017,07035AA000,Maria de la Salut,ingres,3,287190.00
2017,07037AA000,Mercadal (Es),despesa,9,451255.00
2017,07041AA000,Petra,despesa,2,559767.25
2017,07041AA000,Petra,ingres,2,85000.00
2017,07041AO001,F. Escuela Municipal de Música de Petra,despesa,2,1650.00
2017,07046AA000,Sant Antoni de Portmany,despesa,2,10999829.44
2017,07046AA000,Sant Antoni de Portmany,ingres,3,5616200.00
2017,07048AA000,Sant Josep de sa Talaia,ingres,5,4645300.00
2017,07055AA000,Santa Margalida,despesa,7,12000.00
2017,07055AA000,Santa Margalida,ingres,1,6399000.00
2017,07061AA000,Sóller,despesa,6,568195.20
2017,07061AA000,Sóller,despesa,9,1980000.00
2017,07061AA000,Sóller,ingres,5,227725.75
2017,07063AA000,Valldemossa,despesa,1,1438836.32
2017,07063AA000,Valldemossa,despesa,2,1704124.31
2017,07063AA000,Valldemossa,ingres,1,1370230.36
2017,07063AA000,Valldemossa,ingres,4,730803.94
2017,07064AA000,Castell (Es),despesa,3,43000.00
2017,07064AA000,Castell (Es),despesa,9,275000.00
2017,07064AA000,Castell (Es),ingres,7,162000.00
2017,07005AA000,Andratx,despesa,4,364760.00
2017,07005AA000,Andratx,ingres,1,12824000.00
2017,07005AA000,Andratx,ingres,4,2548000.00
2017,07040AA000,Palma,despesa,1,134432857.68
2017,07040AA000,Palma,despesa,7,4776171.81
2017,07040AV001,Inst. M. l'Esport,ingres,5,215785.59
2017,07040AV004,P. M. l'Habitatge,ingres,7,378526.00
2017,07040AV006,Instituto Municipal Innovación  (IMI),ingres,4,11118347.63
2017,07040AV007,P. Mpal. de Reallotjament i Reinserció Social,ingres,5,9000.00
2017,07040AV009,Inst. M. Form. Ocupacional i Feina,despesa,3,1565.16
2017,07062AA000,Son Servera,despesa,7,266331.59
2017,07062AA000,Son Servera,ingres,7,178406.25
2017,07003AA000,Alcúdia,despesa,2,11098102.50
2017,07003AA000,Alcúdia,despesa,3,5010.00
2017,07003AA000,Alcúdia,despesa,4,2903327.55
2017,07003AV001,P. M. D'Esports,despesa,4,61000.00
2017,07049AA000,Sant Joan,despesa,9,99600.00
2017,07049AA000,Sant Joan,ingres,1,632000.00
2017,07059AA000,Salines (Ses),despesa,6,333004.00
2017,07059AA000,Salines (Ses),ingres,1,2908400.00
2017,07033AV002,P. l'Escola M. de Mallorqui,despesa,6,3000.00
2017,07008AA000,Binissalem,ingres,2,250000.00
2017,07008AA000,Binissalem,ingres,3,1399700.00
2017,07017AA000,Costitx,despesa,2,393000.00
2017,07027AA000,Inca,ingres,4,7569535.21
2017,07027AV001,Llar d'infants d'Inca,ingres,5,3710.00
2017,07027AV002,Res. Ancianos M. Mir,despesa,1,1142642.62
2017,07027AV002,Res. Ancianos M. Mir,ingres,4,977232.62
2017,07027AV003,Inst. M. d'Activitat Física Inca,despesa,1,205036.15
2017,07027AV003,Inst. M. d'Activitat Física Inca,despesa,8,10.00
2017,07027AV003,Inst. M. d'Activitat Física Inca,ingres,7,75000.00
2017,07027AV005,Música Antoni Torrandell,ingres,5,10.00
2017,07022AA000,Felanitx,despesa,1,6582491.48
2017,07024AA000,Formentera,despesa,2,9620000.00
2017,07065AA000,Vilafranc de Bonany,ingres,1,872400.00
2017,07065AA000,Vilafranc de Bonany,ingres,3,377900.00
2017,07001AA000,Alaró,despesa,6,428700.00
2017,07015AA000,Ciutadella de Menorca,despesa,6,1989334.64
2017,07015AA000,Ciutadella de Menorca,ingres,1,14679044.96
2017,07015AV003,P. Esc. Infantiles,ingres,7,48500.00
2017,07023AA000,Ferreries,despesa,6,412500.00
2017,07023AA000,Ferreries,ingres,2,60000.00
2017,07023AA000,Ferreries,ingres,3,596002.00
2017,07042AA000,Pollença,despesa,6,819013.19
2017,07042AA000,Pollença,despesa,9,451000.00
2017,07042AA000,Pollença,ingres,3,6777194.91
2017,07042AA000,Pollença,ingres,4,3688525.09
2017,07042AA000,Pollença,ingres,7,169578.95
2017,07042AO003,Residencia Social,despesa,3,20.00
2017,07043AA000,Porreres,despesa,2,1419812.64
2017,07051AA000,Sant Llorenç des Cardassar,despesa,6,792593.98
2017,07052AA000,Sant Lluís,ingres,1,5197800.00
2017,07052AA000,Sant Lluís,ingres,6,803650.00
2017,07054AA000,Santa Eulalia del Río,despesa,1,9074211.07
2017,07054AA000,Santa Eulalia del Río,despesa,3,144145.00
2017,07054AA000,Santa Eulalia del Río,ingres,3,9526830.65
2017,07056AV001,P. Res. Pers. Majors. Cas Metge Rei,despesa,1,442436.55
2017,07902AA000,Migjorn Gran (Es),ingres,3,611330.00
2017,07001DD000,Consejo Insular de Ibiza,despesa,4,13571009.36
2017,07001DD000,Consejo Insular de Ibiza,despesa,5,280376.93
2017,07001DD000,Consejo Insular de Ibiza,despesa,6,21883438.72
2017,07001DD000,Consejo Insular de Ibiza,ingres,1,2022620.00
2017,07001DD000,Consejo Insular de Ibiza,ingres,4,61613793.46
2017,07001DD000,Consejo Insular de Ibiza,ingres,5,559200.08
2017,07001DV003,P. Esc. Turismo,despesa,4,40000.00
2017,07002DD000,Consejo Insular de Mallorca,ingres,7,63071793.32
2017,07003DD000,Consejo Insular de Menorca,ingres,5,242851.68
2017,07003DD000,Consejo Insular de Menorca,ingres,8,275000.00
2017,07003DV001,Inst. Menorquín de Estudios,despesa,6,5000.00
2017,07003DV001,Inst. Menorquín de Estudios,ingres,4,577000.00
2017,07010AE001,Palmanyola,despesa,3,3213.59
2017,07001MM000,Mc. Es Raiguer,despesa,1,871939.59
2017,07014AA000,Capdepera,ingres,1,8407180.00
2017,07026AA000,Eivissa,ingres,2,1200000.00
2017,07026AA000,Eivissa,ingres,5,996020.00
2017,07026AA000,Eivissa,ingres,8,10.00
2017,07026AV003,Museo de Arte Contemporáneo,despesa,8,10.00
2017,07002AA000,Alaior,despesa,5,93851.04
2017,07002AA000,Alaior,ingres,4,2582800.00
2017,07011AA000,Calvià,despesa,6,5459502.00
2017,07011AA000,Calvià,ingres,2,2376500.00
2017,07033AA000,Manacor,despesa,1,13797407.22
2017,07033AA000,Manacor,despesa,5,100000.00
2017,07033AA000,Manacor,ingres,9,1.00
2017,07044AA000,Pobla (Sa),despesa,2,5008900.02
2017,07047AA000,Sencelles,ingres,4,609183.00
2017,07015AV002,Hospital Municipal,despesa,6,25000.00
2017,07002DO001,Agència  Protecció Legalitat Urbanística i Territorial de Mallorca,ingres,4,515000.00
2017,07003DV002,Consell Economic i Social,ingres,4,20450.00
2017,07006AA000,Artà,ingres,4,1967010.00
2017,07010AA000,Bunyola,despesa,2,2320191.30
2017,07010AA000,Bunyola,despesa,6,595013.76
2017,07010AA000,Bunyola,ingres,2,300130.73
2017,07012AA000,Campanet,despesa,1,884460.07
2017,07012AA000,Campanet,despesa,6,193085.46
2017,07012AA000,Campanet,ingres,7,12358.34
2017,07016AA000,Consell,despesa,4,358702.13
2017,07016AA000,Consell,despesa,6,540757.52
2017,07016AA000,Consell,ingres,2,50000.00
2017,07020AA000,Esporles,despesa,6,55208.00
2017,07020AV002,P. d'Escoles Municipals,despesa,1,409964.05
2017,07020AV002,P. d'Escoles Municipals,ingres,4,437993.55
2017,07026AV001,P. M. Deportes,ingres,4,1794990.00
2017,07026AV002,P. M. Música,despesa,3,700.00
2017,07026AV002,P. M. Música,despesa,6,4500.00
2017,07035AA000,Maria de la Salut,despesa,2,749421.05
2017,07036AA000,Marratxí,despesa,9,1941297.17
2017,07037AA000,Mercadal (Es),despesa,2,4148905.00
2017,07041AA000,Petra,despesa,5,75000.00
2017,07041AA000,Petra,ingres,3,266374.00
2017,07046AA000,Sant Antoni de Portmany,ingres,4,5295400.00
2017,07050AA000,Sant Joan de Labritja,despesa,1,1376485.35
2017,07050AA000,Sant Joan de Labritja,despesa,9,25500.00
2017,07050AA000,Sant Joan de Labritja,ingres,7,2170000.00
2017,07058AA000,Selva,ingres,2,303500.00
2017,07040AA000,Palma,despesa,2,113824432.50
2017,07040AA000,Palma,despesa,3,9219405.17
2017,07040AA000,Palma,despesa,6,17412832.18
2017,07040AV001,Inst. M. l'Esport,despesa,8,100000.00
2017,07040AV002,P. M. d'Escoles d'Infants,ingres,8,11000.00
2017,07040AV004,P. M. l'Habitatge,despesa,3,1706.14
2017,07040AV004,P. M. l'Habitatge,despesa,4,345000.00
2017,07040AV006,Instituto Municipal Innovación  (IMI),despesa,2,6534125.49
2017,07040AV013,Inst. Coordinaciò d'Obres Viaries,ingres,4,372172.42
2017,07062AA000,Son Servera,despesa,1,5357797.27
2017,07062AA000,Son Servera,ingres,2,267000.00
2017,07003AA000,Alcúdia,ingres,2,350000.00
2017,07003AV002,F. Esc. M. Música,despesa,6,6510.00
2017,07003AV002,F. Esc. M. Música,ingres,5,10.00
2017,07003AV003,Emisora Alcúdia Radio,ingres,4,158407.00
2017,07039AA000,Muro,despesa,1,3904957.72
2017,07033AV002,P. l'Escola M. de Mallorqui,despesa,3,30.05
2017,07033AV002,P. l'Escola M. de Mallorqui,ingres,7,3000.00
2017,07033AV003,P. M. d'Esports,despesa,2,342643.00
2017,07008AA000,Binissalem,despesa,5,47000.00
2017,07008AA000,Binissalem,despesa,6,423900.00
2017,07008AV001,P. M. d'Esports,ingres,4,1.00
2017,07017AA000,Costitx,despesa,1,324000.00
2017,07017AA000,Costitx,ingres,4,363000.00
2017,07018AA000,Deyá,despesa,4,117060.00
2017,07018AA000,Deyá,despesa,6,566630.97
2017,07018AA000,Deyá,ingres,2,60000.00
2017,07025AA000,Fornalutx,ingres,3,304110.00
2017,07027AA000,Inca,despesa,7,98520.00
2017,07027AA000,Inca,despesa,8,10.00
2017,07027AA000,Inca,ingres,2,250900.00
2017,07027AV002,Res. Ancianos M. Mir,despesa,2,176300.00
2017,07027AV002,Res. Ancianos M. Mir,despesa,6,17000.00
2017,07027AV002,Res. Ancianos M. Mir,ingres,3,338820.00
2017,07027AV002,Res. Ancianos M. Mir,ingres,8,10.00
2017,07027AV005,Música Antoni Torrandell,despesa,2,248208.46
2017,07024AA000,Formentera,despesa,1,8660500.00
2017,07024AA000,Formentera,ingres,3,6012000.00
2017,07038AA000,Montuïri,despesa,6,212800.00
2017,07053AA000,Santa Eugènia,despesa,6,104888.49
2017,07065AA000,Vilafranc de Bonany,despesa,5,3000.00
2017,07065AA000,Vilafranc de Bonany,ingres,7,7674.55
2017,07001AA000,Alaró,despesa,7,52400.00
2017,07001AA000,Alaró,ingres,2,201100.00
2017,07015AA000,Ciutadella de Menorca,despesa,2,11128196.41
2017,07015AA000,Ciutadella de Menorca,ingres,2,453400.00
2017,07015AA000,Ciutadella de Menorca,ingres,4,7231740.98
2017,07023AA000,Ferreries,despesa,1,1992124.16
2017,07023AA000,Ferreries,ingres,5,775500.00
2017,07042AA000,Pollença,despesa,4,4897326.45
2017,07042AO002,Institut Municipal Radio Pollença,despesa,6,9000.00
2017,07042AO002,Institut Municipal Radio Pollença,ingres,4,140853.60
2017,07051AA000,Sant Llorenç des Cardassar,ingres,4,1927000.00
2017,07052AA000,Sant Lluís,despesa,6,1598970.00
2017,07052AA000,Sant Lluís,ingres,7,338370.00
2017,07054AA000,Santa Eulalia del Río,despesa,4,2299585.50
2017,07054AA000,Santa Eulalia del Río,despesa,5,178514.05
2017,07054AA000,Santa Eulalia del Río,ingres,2,2250260.00
2017,07054AA000,Santa Eulalia del Río,ingres,6,20.00
2017,07054AA000,Santa Eulalia del Río,ingres,8,15010.00
2017,07054AA000,Santa Eulalia del Río,ingres,9,20.00
2017,07056AA000,Santa María del Camí,despesa,6,667450.00
2017,07056AA000,Santa María del Camí,despesa,9,15446.89
2017,07057AA000,Santanyí,despesa,7,82400.00
2017,07902AA000,Migjorn Gran (Es),ingres,7,147219.31
2017,07001DD000,Consejo Insular de Ibiza,despesa,7,7507998.25
2017,07001DD000,Consejo Insular de Ibiza,ingres,2,2765570.00
2017,07002DD000,Consejo Insular de Mallorca,ingres,2,14664921.41
2017,07003DD000,Consejo Insular de Menorca,despesa,7,7152649.06
2017,07003DD000,Consejo Insular de Menorca,despesa,8,275000.00
2017,07002MM000,Mc. Pla de Mallorca,despesa,1,675552.87
2017,07002MM000,Mc. Pla de Mallorca,despesa,6,22465.38
2017,07002MM000,Mc. Pla de Mallorca,despesa,9,624439.24
2017,07014AA000,Capdepera,despesa,7,400000.00
2017,07026AV003,Museo de Arte Contemporáneo,ingres,4,256990.00
2017,07026AV003,Museo de Arte Contemporáneo,ingres,8,10.00
2017,07032AA000,Maó,despesa,3,342390.00
2017,07032AA000,Maó,despesa,4,3537600.00
2017,07032AA000,Maó,ingres,4,7970913.00
2017,07032AA000,Maó,ingres,5,260608.00
2017,07060AA000,Sineu,despesa,1,911148.06
2017,07060AA000,Sineu,despesa,6,814383.56
2017,07060AA000,Sineu,ingres,2,50800.00
2017,07022AV001,Ctro. Cultural,despesa,4,6000.00
2017,07002AA000,Alaior,ingres,7,215682.00
2017,07011AA000,Calvià,despesa,1,30707449.90
2017,07033AA000,Manacor,despesa,8,60000.00
2017,07044AA000,Pobla (Sa),despesa,6,1676019.16
2017,07047AA000,Sencelles,despesa,1,876455.00
2017,07047AA000,Sencelles,despesa,9,177000.00
2017,07901AA000,Ariany,ingres,7,491088.00
2017,07015AV002,Hospital Municipal,ingres,7,25000.00
2017,07002DO001,Agència  Protecció Legalitat Urbanística i Territorial de Mallorca,despesa,6,30000.00
2017,07003DV002,Consell Economic i Social,despesa,4,7200.00
2017,07004AA000,Algaida,despesa,1,1349514.78
2017,07004AA000,Algaida,despesa,7,1300.00
2017,07006AA000,Artà,ingres,3,3654950.00
2017,07012AA000,Campanet,ingres,5,6200.00
2017,07013AA000,Campos,despesa,1,4222208.26
2017,07013AA000,Campos,ingres,2,270200.00
2017,07016AA000,Consell,despesa,7,37920.00
2017,07016AA000,Consell,ingres,4,961022.88
2017,07019AA000,Escorca,ingres,4,322672.00
2017,07020AA000,Esporles,despesa,7,81600.00
2017,07020AA000,Esporles,ingres,3,1065499.08
2017,07020AA000,Esporles,ingres,7,2.00
2017,07020AV001,"P. M. Cultura, Deporte y Tiempo libre",despesa,4,37831.15
2017,07020AV002,P. d'Escoles Municipals,despesa,2,28029.50
2017,07026AV001,P. M. Deportes,despesa,4,350000.00
2017,07026AV002,P. M. Música,despesa,8,10.00
2017,07028AA000,Lloret de Vistalegre,despesa,4,157300.00
2017,07028AA000,Lloret de Vistalegre,ingres,2,60050.00
2017,07028AA000,Lloret de Vistalegre,ingres,4,317400.00
2017,07030AA000,Llubí,despesa,1,611602.00
2017,07030AA000,Llubí,despesa,4,98850.00
2017,07031AA000,Llucmajor,despesa,5,655993.14
2017,07031AA000,Llucmajor,despesa,6,2377330.90
2017,07031AA000,Llucmajor,despesa,9,4426833.69
2017,07031AA000,Llucmajor,ingres,3,10605800.00
2017,07031AA000,Llucmajor,ingres,4,7078300.00
2017,07035AA000,Maria de la Salut,ingres,5,9654.72
2017,07036AA000,Marratxí,despesa,2,6499480.17
2017,07037AA000,Mercadal (Es),despesa,1,2571700.00
2017,07037AA000,Mercadal (Es),ingres,4,1751600.00
2017,07037AA000,Mercadal (Es),ingres,8,12000.00
2017,07037AA000,Mercadal (Es),ingres,9,446000.00
2017,07041AA000,Petra,despesa,6,202639.75
2017,07041AA000,Petra,ingres,4,594956.77
2017,07048AA000,Sant Josep de sa Talaia,despesa,1,8025868.37
2017,07050AA000,Sant Joan de Labritja,ingres,3,1438770.00
2017,07055AA000,Santa Margalida,despesa,2,6730510.00
2017,07055AA000,Santa Margalida,ingres,4,2440220.00
2017,07058AA000,Selva,ingres,3,575690.00
2017,07058AA000,Selva,ingres,5,50714.38
2017,07064AA000,Castell (Es),despesa,4,465887.00
2017,07064AA000,Castell (Es),ingres,2,75000.00
2017,07005AA000,Andratx,despesa,5,100.00
2017,07040AA000,Palma,despesa,5,3700000.00
2017,07040AA000,Palma,ingres,8,11200000.00
2017,07040AV001,Inst. M. l'Esport,despesa,1,4815997.46
2017,07040AV002,P. M. d'Escoles d'Infants,ingres,5,20.00
2017,07040AV007,P. Mpal. de Reallotjament i Reinserció Social,despesa,2,76400.00
2017,07040AV007,P. Mpal. de Reallotjament i Reinserció Social,ingres,7,21500.00
2017,07040AV009,Inst. M. Form. Ocupacional i Feina,despesa,6,45050.00
2017,07040AV009,Inst. M. Form. Ocupacional i Feina,despesa,7,98500.00
2017,07062AA000,Son Servera,despesa,6,916004.00
2017,07003AA000,Alcúdia,ingres,7,1673464.76
2017,07003AV001,P. M. D'Esports,despesa,1,293249.00
2017,07039AA000,Muro,despesa,2,6119897.98
2017,07039AA000,Muro,ingres,3,3629390.39
2017,07039AA000,Muro,ingres,4,1982311.12
2017,07049AA000,Sant Joan,ingres,2,55000.00
2017,07059AA000,Salines (Ses),despesa,3,22150.00
2017,07059AA000,Salines (Ses),despesa,7,40000.00
2017,07059AA000,Salines (Ses),ingres,3,1704130.24
2017,07059AA000,Salines (Ses),ingres,7,30000.00
2017,07033AV002,P. l'Escola M. de Mallorqui,despesa,2,76676.25
2017,07033AV003,P. M. d'Esports,ingres,4,356598.00
2017,07008AA000,Binissalem,despesa,3,90100.00
2017,07027AA000,Inca,despesa,1,10507499.24
2017,07027AA000,Inca,ingres,5,154200.00
2017,07027AV001,Llar d'infants d'Inca,despesa,6,4500.00
2017,07027AV002,Res. Ancianos M. Mir,despesa,8,10.00
2017,07027AV002,Res. Ancianos M. Mir,ingres,5,2890.00
2017,07027AV002,Res. Ancianos M. Mir,ingres,7,17000.00
2017,07027AV003,Inst. M. d'Activitat Física Inca,despesa,4,159000.00
2017,07027AV003,Inst. M. d'Activitat Física Inca,despesa,6,75000.00
2017,07027AV003,Inst. M. d'Activitat Física Inca,ingres,3,361000.00
2017,07022AA000,Felanitx,despesa,2,7484642.52
2017,07024AA000,Formentera,despesa,3,119500.00
2017,07001AA000,Alaró,ingres,1,1869500.00
2017,07015AA000,Ciutadella de Menorca,despesa,7,663557.91
2017,07015AA000,Ciutadella de Menorca,ingres,5,575946.38
2017,07042AA000,Pollença,ingres,5,78363.89
2017,07042AO003,Residencia Social,despesa,6,13549.00
2017,07042AO003,Residencia Social,ingres,3,310010.00
2017,07042AO003,Residencia Social,ingres,4,552957.99
2017,07043AA000,Porreres,ingres,2,161020.00
2017,07051AA000,Sant Llorenç des Cardassar,despesa,1,4949600.41
2017,07052AA000,Sant Lluís,despesa,1,4752785.00
2017,07052AA000,Sant Lluís,ingres,2,300000.00
2017,07056AA000,Santa María del Camí,despesa,1,2049481.60
2017,07056AA000,Santa María del Camí,ingres,1,2043951.37
2017,07056AA000,Santa María del Camí,ingres,5,100.00
2017,07057AA000,Santanyí,ingres,7,489733.37
2017,07902AA000,Migjorn Gran (Es),ingres,1,1078000.00
2017,07001DD000,Consejo Insular de Ibiza,despesa,2,20339670.00
2017,07002DD000,Consejo Insular de Mallorca,despesa,1,62752209.47
2017,07002DD000,Consejo Insular de Mallorca,despesa,6,63532692.65
2017,07002DD000,Consejo Insular de Mallorca,ingres,3,2750260.00
2017,07002DD000,Consejo Insular de Mallorca,ingres,5,3288887.06
2017,07002DV001,Inst. l'Esport Hipic,ingres,3,282720.00
2017,07002DV001,Inst. l'Esport Hipic,ingres,8,10000.00
2017,07002DV003,Inst.  Mallorquí d'Afers Socials,ingres,7,9286993.61
2017,07003DV001,Inst. Menorquín de Estudios,despesa,1,351593.82
2017,07010AE001,Palmanyola,despesa,1,266145.70
2017,07010AE001,Palmanyola,ingres,3,25200.00
2017,07010AE001,Palmanyola,ingres,4,502298.06
2017,07001MM000,Mc. Es Raiguer,ingres,4,2931079.87
2017,07003MM000,Mc. Migjorn de Mallorca,ingres,3,1271768.43
2017,07026AA000,Eivissa,despesa,9,2496481.78
2017,07032AA000,Maó,despesa,5,250000.00
2017,07011AO001,"Inst. M. de Educación y Bibliotecas, IMEB -Calvià",ingres,3,1444308.49
2017,07011AO001,"Inst. M. de Educación y Bibliotecas, IMEB -Calvià",ingres,8,22000.00
2017,07033AA000,Manacor,ingres,8,60000.00
2017,07044AA000,Pobla (Sa),despesa,1,4458615.01
2017,07044AA000,Pobla (Sa),despesa,7,146990.60
2017,07044AA000,Pobla (Sa),ingres,4,3167138.45
2017,07047AA000,Sencelles,despesa,2,799470.00
2017,07047AA000,Sencelles,ingres,3,727750.00
2017,07901AA000,Ariany,ingres,2,24000.00
2017,07006AA000,Artà,despesa,6,1682154.10
2017,07006AA000,Artà,despesa,7,1.00
2017,07006AA000,Artà,ingres,5,21700.00
2017,07010AA000,Bunyola,ingres,1,2407670.50
2017,07013AA000,Campos,despesa,7,100000.00
2017,07013AA000,Campos,ingres,1,4220400.00
2017,07019AA000,Escorca,despesa,1,444960.00
2017,07019AA000,Escorca,despesa,6,72212.00
2017,07026AV001,P. M. Deportes,ingres,3,390000.00
2017,07026AV002,P. M. Música,despesa,1,384690.00
2017,07026AV002,P. M. Música,despesa,2,227600.00
2017,07028AA000,Lloret de Vistalegre,despesa,1,449950.00
2017,07028AA000,Lloret de Vistalegre,ingres,1,416500.00
2017,07029AA000,Lloseta,despesa,2,1462328.10
2017,07030AA000,Llubí,despesa,2,603344.00
2017,07035AA000,Maria de la Salut,ingres,7,245078.00
2017,07036AA000,Marratxí,ingres,1,14267058.00
2017,07036AA000,Marratxí,ingres,3,6341900.00
2017,07037AA000,Mercadal (Es),despesa,6,2371850.00
2017,07037AA000,Mercadal (Es),ingres,7,675100.00
2017,07041AA000,Petra,ingres,5,32016.00
2017,07045AA000,Puigpunyent,despesa,9,185283.57
2017,07046AA000,Sant Antoni de Portmany,despesa,4,1940392.28
2017,07046AA000,Sant Antoni de Portmany,despesa,5,63000.00
2017,07046AA000,Sant Antoni de Portmany,ingres,2,500000.00
2017,07048AA000,Sant Josep de sa Talaia,ingres,2,1300000.00
2017,07050AA000,Sant Joan de Labritja,despesa,2,3018279.00
2017,07050AA000,Sant Joan de Labritja,despesa,3,6300.00
2017,07063AA000,Valldemossa,despesa,3,10808.92
2017,07063AA000,Valldemossa,despesa,4,224544.29
2017,07063AA000,Valldemossa,despesa,6,326759.84
2017,07063AA000,Valldemossa,ingres,5,139300.00
2017,07064AA000,Castell (Es),ingres,5,10000.00
2017,07005AA000,Andratx,ingres,3,5316600.00
2017,07040AV001,Inst. M. l'Esport,despesa,2,11392940.21
2017,07040AV004,P. M. l'Habitatge,despesa,9,78526.00
2017,07040AV004,P. M. l'Habitatge,ingres,5,750000.00
2017,07040AV004,P. M. l'Habitatge,ingres,8,93000.00
2017,07040AV006,Instituto Municipal Innovación  (IMI),despesa,8,60000.00
2017,07040AV006,Instituto Municipal Innovación  (IMI),ingres,7,1235272.55
2017,07040AV007,P. Mpal. de Reallotjament i Reinserció Social,despesa,6,21500.00
2017,07040AV007,P. Mpal. de Reallotjament i Reinserció Social,ingres,4,510700.00
2017,07040AV013,Inst. Coordinaciò d'Obres Viaries,despesa,6,2000.00
2017,07062AA000,Son Servera,despesa,9,1485316.20
2017,07062AA000,Son Servera,ingres,8,60000.00
2017,07003AA000,Alcúdia,despesa,7,179713.00
2017,07003AV001,P. M. D'Esports,despesa,2,494835.00
2017,07003AV002,F. Esc. M. Música,ingres,3,73000.00
2017,07039AA000,Muro,ingres,1,4637000.00
2017,07049AA000,Sant Joan,ingres,5,32170.00
2017,07059AA000,Salines (Ses),ingres,5,194800.00
2017,07033AV003,P. M. d'Esports,ingres,3,8745.00
2017,07033AV003,P. M. d'Esports,ingres,7,150000.00
2017,07008AA000,Binissalem,ingres,4,1894000.00
2017,07017AA000,Costitx,ingres,2,25200.00
2017,07025AA000,Fornalutx,despesa,1,433770.00
2017,07025AA000,Fornalutx,ingres,5,11511.19
2017,07027AA000,Inca,despesa,3,197057.00
2017,07027AA000,Inca,despesa,6,678634.45
2017,07007AA000,Banyalbufar,despesa,1,401252.73
2017,07007AA000,Banyalbufar,despesa,6,483917.31
2017,07007AA000,Banyalbufar,despesa,9,32690.00
2017,07022AA000,Felanitx,ingres,1,7492180.00
2017,07024AA000,Formentera,despesa,9,340000.00
2017,07024AV001,P. M. Turismo,ingres,4,470000.00
2017,07065AA000,Vilafranc de Bonany,despesa,1,353135.28
2017,07065AA000,Vilafranc de Bonany,despesa,2,504570.00
2017,07065AA000,Vilafranc de Bonany,despesa,4,716696.20
2017,07065AA000,Vilafranc de Bonany,ingres,4,616728.51
2017,07001AA000,Alaró,despesa,9,275100.00
2017,07015AA000,Ciutadella de Menorca,despesa,1,10740623.07
2017,07023AA000,Ferreries,ingres,4,1679519.16
2017,07042AA000,Pollença,despesa,2,7410976.54
2017,07043AA000,Porreres,despesa,5,15961.16
2017,07051AA000,Sant Llorenç des Cardassar,despesa,4,5198718.63
2017,07051AA000,Sant Llorenç des Cardassar,ingres,2,452000.00
2017,07052AA000,Sant Lluís,despesa,3,242100.00
2017,07052AA000,Sant Lluís,despesa,7,25100.00
2017,07056AV001,P. Res. Pers. Majors. Cas Metge Rei,despesa,2,178839.60
2017,07056AV001,P. Res. Pers. Majors. Cas Metge Rei,despesa,3,200.00
2017,07002DD000,Consejo Insular de Mallorca,ingres,1,12534527.05
2017,07002DV001,Inst. l'Esport Hipic,ingres,7,90000.00
2017,07003DD000,Consejo Insular de Menorca,despesa,5,500000.00
2017,07003DV001,Inst. Menorquín de Estudios,despesa,4,28500.00
2017,07003DV001,Inst. Menorquín de Estudios,ingres,3,98000.00
2017,07002MM000,Mc. Pla de Mallorca,ingres,3,1295026.00
2017,07031AV001,P. Res. Personas Mayores,ingres,4,825072.42
2017,07031AV002,P. Molí d'En Gaspar,despesa,2,1
2017,07032AA000,Maó,ingres,8,60000.00
2017,07060AA000,Sineu,despesa,4,74897.66
2017,07060AA000,Sineu,ingres,3,414900.00
2017,07002AA000,Alaior,despesa,1,4051295.50
2017,07002AA000,Alaior,despesa,9,969142.81
2017,07002AA000,Alaior,ingres,3,1803059.93
2017,07011AA000,Calvià,despesa,3,959990.00
2017,07033AA000,Manacor,despesa,2,15468929.36
2017,07901AA000,Ariany,despesa,6,497608.00
2017,07901AA000,Ariany,ingres,4,228260.46
2017,07901AA000,Ariany,ingres,5,20.00
2017,07002DO001,Agència  Protecció Legalitat Urbanística i Territorial de Mallorca,despesa,8,6000.00
2017,07004AA000,Algaida,despesa,6,182560.38
2017,07004AA000,Algaida,ingres,1,1520289.00
2017,07009AA000,Búger,despesa,1,410960.00
2017,07009AA000,Búger,ingres,1,431000.00
2017,07009AA000,Búger,ingres,2,45000.00
2017,07009AA000,Búger,ingres,4,430085.32
2017,07012AA000,Campanet,despesa,4,297675.67
2017,07012AA000,Campanet,ingres,2,80000.00
2017,07013AA000,Campos,despesa,3,6000.00
2017,07016AA000,Consell,ingres,5,29670.12
2017,07019AA000,Escorca,ingres,1,384900.00
2017,07019AA000,Escorca,ingres,3,404922.00
2017,07026AV001,P. M. Deportes,despesa,1,1106003.93
2017,07026AV002,P. M. Música,ingres,7,4500.00
2017,07031AA000,Llucmajor,despesa,1,14799220.96
2017,07031AA000,Llucmajor,despesa,7,139148.00
2017,07031AA000,Llucmajor,ingres,1,18160000.00
2017,07035AA000,Maria de la Salut,despesa,3,3600.00
2017,07035AA000,Maria de la Salut,ingres,1,648128.31
2017,07036AA000,Marratxí,ingres,5,254250.00
2017,07037AA000,Mercadal (Es),despesa,4,876310.00
2017,07041AA000,Petra,despesa,1,506577.67
2017,07041AA000,Petra,despesa,3,40087.00
2017,07046AA000,Sant Antoni de Portmany,despesa,3,410190.49
2017,07046AA000,Sant Antoni de Portmany,ingres,5,500.00
2017,07046AA000,Sant Antoni de Portmany,ingres,9,1200000.00
2017,07048AA000,Sant Josep de sa Talaia,despesa,2,13534885.00
2017,07050AA000,Sant Joan de Labritja,ingres,2,151067.00
2017,07061AA000,Sóller,despesa,2,7030350.54
2017,07061AA000,Sóller,ingres,6,204095.20
2017,07063AA000,Valldemossa,ingres,7,40000.00
2017,07064AA000,Castell (Es),ingres,4,1934041.00
2017,07005AA000,Andratx,ingres,7,73500.00
2017,07040AA000,Palma,despesa,8,10200000.00
2017,07040AV001,Inst. M. l'Esport,ingres,7,1680000.00
2017,07040AV006,Instituto Municipal Innovación  (IMI),ingres,8,60000.00
2017,07040AV013,Inst. Coordinaciò d'Obres Viaries,ingres,7,2000.00
2017,07003AA000,Alcúdia,ingres,5,2001809.00
2017,07003AV002,F. Esc. M. Música,despesa,1,67571.00
2017,07039AA000,Muro,despesa,3,700.00
2017,07039AA000,Muro,despesa,6,1670753.86
2017,07039AA000,Muro,ingres,7,517161.84
2017,07049AA000,Sant Joan,despesa,3,5410.00
2017,07033AV002,P. l'Escola M. de Mallorqui,ingres,5,6.01
2017,07025AA000,Fornalutx,despesa,4,51115.00
2017,07027AV001,Llar d'infants d'Inca,despesa,2,88630.00
2017,07027AV005,Música Antoni Torrandell,ingres,3,84000.00
2017,07007AA000,Banyalbufar,despesa,2,579427.20
2017,07007AA000,Banyalbufar,ingres,7,442792.80
2017,07024AA000,Formentera,ingres,2,390000.00
2017,07053AA000,Santa Eugènia,ingres,5,11089.77
2017,07001AA000,Alaró,despesa,1,1884425.00
2017,07001AA000,Alaró,ingres,3,783400.00
2017,07001AA000,Alaró,ingres,5,39400.00
2017,07015AA000,Ciutadella de Menorca,despesa,4,4424265.89
2017,07023AA000,Ferreries,ingres,7,149503.00
2017,07042AO002,Institut Municipal Radio Pollença,ingres,3,2000.00
2017,07043AA000,Porreres,ingres,4,1291258.00
2017,07051AA000,Sant Llorenç des Cardassar,despesa,7,1330064.41
2017,07051AA000,Sant Llorenç des Cardassar,ingres,1,8560000.00
2017,07051AA000,Sant Llorenç des Cardassar,ingres,5,556000.00
2017,07052AA000,Sant Lluís,despesa,9,808900.00
2017,07054AA000,Santa Eulalia del Río,despesa,2,17332036.15
2017,07054AA000,Santa Eulalia del Río,despesa,8,15010.00
2017,07054AA000,Santa Eulalia del Río,despesa,9,1771367.17
2017,07054AA000,Santa Eulalia del Río,ingres,4,7455050.00
2017,07902AA000,Migjorn Gran (Es),despesa,1,989537.32
2017,07001DV003,P. Esc. Turismo,despesa,5,10000.00
2017,07001DV003,P. Esc. Turismo,ingres,3,79900.00
2017,07002DD000,Consejo Insular de Mallorca,ingres,4,282541694.75
2017,07002DV001,Inst. l'Esport Hipic,ingres,4,2391085.88
2017,07002DV001,Inst. l'Esport Hipic,ingres,5,338166.68
2017,07002DV003,Inst.  Mallorquí d'Afers Socials,despesa,4,23682569.33
2017,07002DV003,Inst.  Mallorquí d'Afers Socials,ingres,3,5046044.02
2017,07003DD000,Consejo Insular de Menorca,despesa,3,613290.63
2017,07003DD000,Consejo Insular de Menorca,despesa,4,19440601.55
2017,07010AE001,Palmanyola,despesa,2,267248.77
2017,07010AE001,Palmanyola,despesa,9,7290.00
2017,07002MM000,Mc. Pla de Mallorca,despesa,3,166607.00
2017,07002MM000,Mc. Pla de Mallorca,despesa,4,141790.00
2017,07001MM000,Mc. Es Raiguer,despesa,6,27350.00
2017,07003MM000,Mc. Migjorn de Mallorca,despesa,3,2500.00
2017,07014AA000,Capdepera,ingres,2,425000.00
2017,07026AA000,Eivissa,ingres,7,10.00
2017,07026AV003,Museo de Arte Contemporáneo,ingres,7,13000.00
2017,07031AV001,P. Res. Personas Mayores,despesa,3,1000.00
2017,07031AV001,P. Res. Personas Mayores,ingres,8,6000.00
2017,07031AV002,P. Molí d'En Gaspar,ingres,4,1
2017,07032AA000,Maó,despesa,6,2812415.00
2017,07032AA000,Maó,despesa,7,1630992.00
2017,07032AA000,Maó,despesa,8,60000.00
2017,07032AA000,Maó,despesa,9,1485359.00
2017,07060AA000,Sineu,despesa,2,870081.59
2017,07060AA000,Sineu,despesa,5,43944.13
2017,07011AO001,"Inst. M. de Educación y Bibliotecas, IMEB -Calvià",despesa,2,1999282.76
2017,07022AV001,Ctro. Cultural,ingres,4,121400.00
2017,07002AA000,Alaior,ingres,8,10000.00
2017,07011AA000,Calvià,ingres,1,51685000.00
2017,07033AA000,Manacor,despesa,9,1.00
2017,07033AA000,Manacor,ingres,3,8605493.57
2017,07901AA000,Ariany,despesa,3,510.00
2017,07015AV002,Hospital Municipal,ingres,4,1785000.00
2017,07015AV002,Hospital Municipal,ingres,5,89000.00
2017,07004AA000,Algaida,ingres,2,82000.00
2017,07006AA000,Artà,despesa,1,4278441.49
2017,07009AA000,Búger,ingres,7,22156.16
2017,07013AA000,Campos,despesa,6,408350.00
2017,07013AA000,Campos,ingres,3,3591200.00
2017,07013AA000,Campos,ingres,5,1304500.00
2017,07019AA000,Escorca,ingres,2,10006.00
2017,07020AA000,Esporles,ingres,2,65000.00
2017,07020AA000,Esporles,ingres,6,1.00
2017,07026AV002,P. M. Música,ingres,4,565480.00
2017,07029AA000,Lloseta,ingres,3,1064536.25
2017,07030AA000,Llubí,despesa,9,25800.00
2017,07031AA000,Llucmajor,ingres,9,500000.00
2017,07035AA000,Maria de la Salut,despesa,9,57600.00
2017,07036AA000,Marratxí,despesa,7,200000.00
2017,07036AA000,Marratxí,ingres,4,7777792.00
2017,07037AA000,Mercadal (Es),ingres,1,5113500.00
2017,07037AA000,Mercadal (Es),ingres,3,1996600.00
2017,07037AA000,Mercadal (Es),ingres,5,368000.00
2017,07041AA000,Petra,despesa,7,57843.00
2017,07045AA000,Puigpunyent,ingres,1,1251609.69
2017,07045AA000,Puigpunyent,ingres,4,630558.46
2017,07048AA000,Sant Josep de sa Talaia,despesa,3,92079.80
2017,07048AA000,Sant Josep de sa Talaia,ingres,7,600000.00
2017,07050AA000,Sant Joan de Labritja,despesa,6,2303000.00
2017,07058AA000,Selva,despesa,3,2466.71
2017,07064AA000,Castell (Es),despesa,1,3255451.81
2017,07064AA000,Castell (Es),despesa,6,647500.00
2017,07005AA000,Andratx,despesa,8,10000.00
2017,07005AA000,Andratx,ingres,5,374600.00
2017,07040AV001,Inst. M. l'Esport,ingres,3,4550811.26
2017,07040AV007,P. Mpal. de Reallotjament i Reinserció Social,despesa,4,76500.00
2017,07040AV009,Inst. M. Form. Ocupacional i Feina,despesa,4,78949.91
2017,07003AV001,P. M. D'Esports,ingres,4,677264.00
2017,07003AV003,Emisora Alcúdia Radio,despesa,2,20667.00
2017,07003AV003,Emisora Alcúdia Radio,ingres,7,1583.00
2017,07059AA000,Salines (Ses),despesa,2,2879439.00
2017,07033AV003,P. M. d'Esports,despesa,6,150000.00
2017,07033AO002,Institució Pública Antoni M. Alcover,ingres,4,69000.00
2017,07017AA000,Costitx,despesa,6,112500.00
2017,07018AA000,Deyá,despesa,1,578276.29
2017,07018AA000,Deyá,despesa,2,962595.00
2017,07018AA000,Deyá,ingres,4,391000.00
2017,07025AA000,Fornalutx,despesa,2,444493.60
2017,07027AA000,Inca,despesa,2,10631014.57
2017,07027AA000,Inca,ingres,8,10.00
2017,07007AA000,Banyalbufar,ingres,1,366830.59
2017,07007AA000,Banyalbufar,ingres,2,60000.00
2017,07022AA000,Felanitx,despesa,3,108150.00
2017,07022AA000,Felanitx,despesa,4,867400.00
2017,07022AA000,Felanitx,ingres,2,204000.00
2017,07024AA000,Formentera,ingres,4,10246000.00
2017,07024AA000,Formentera,ingres,7,892000.00
2017,07038AA000,Montuïri,ingres,4,650500.00
2017,07038AA000,Montuïri,ingres,5,100.00
2017,07038AA000,Montuïri,ingres,7,203300.00
2017,07053AA000,Santa Eugènia,ingres,1,569681.88
2017,07015AV003,P. Esc. Infantiles,ingres,3,215000.00
2017,07042AA000,Pollença,ingres,2,600040.00
2017,07001DD000,Consejo Insular de Ibiza,despesa,1,28037693.46
2017,07001DD000,Consejo Insular de Ibiza,ingres,3,7633494.76
2017,07001DV003,P. Esc. Turismo,ingres,5,100.00
2017,07002DD000,Consejo Insular de Mallorca,despesa,8,100000.00
2017,07002DV001,Inst. l'Esport Hipic,despesa,1,1066612.88
2017,07002DV001,Inst. l'Esport Hipic,despesa,2,747759.68
2017,07002DV003,Inst.  Mallorquí d'Afers Socials,ingres,5,29940.22
2017,07003DD000,Consejo Insular de Menorca,despesa,9,5348370.28
2017,07010AE001,Palmanyola,ingres,5,16400.00
2017,07026AA000,Eivissa,despesa,6,3389200.00
2017,07026AA000,Eivissa,despesa,8,1310010.00
2017,07026AV003,Museo de Arte Contemporáneo,despesa,1,173530.54
2017,07031AV001,P. Res. Personas Mayores,despesa,2,153100.00
2017,07031AV001,P. Res. Personas Mayores,despesa,8,6000.00
2017,07031AV001,P. Res. Personas Mayores,ingres,5,100.00
2017,07036AO001,Institut Municipal Comunicació,despesa,2,122920.00
2017,07060AA000,Sineu,despesa,3,2513.72
2017,07011AO001,"Inst. M. de Educación y Bibliotecas, IMEB -Calvià",despesa,4,245000.00
2017,07011AO001,"Inst. M. de Educación y Bibliotecas, IMEB -Calvià",ingres,5,5100.00
2017,07033AO001,Institut Públic del Teatre Municipal,ingres,4,141821.00
2017,07002AA000,Alaior,ingres,5,605700.00
2017,07011AA000,Calvià,despesa,4,25183665.39
2017,07033AA000,Manacor,ingres,1,17143791.63
2017,07033AA000,Manacor,ingres,7,3.00
2017,07044AA000,Pobla (Sa),ingres,1,5664086.10
2017,07044AA000,Pobla (Sa),ingres,7,629928.60
2017,07002DO001,Agència  Protecció Legalitat Urbanística i Territorial de Mallorca,despesa,1,1802000.00
2017,07002DO001,Agència  Protecció Legalitat Urbanística i Territorial de Mallorca,ingres,8,6000.00
2017,07003DV002,Consell Economic i Social,despesa,2,13250.00
2017,07004AA000,Algaida,despesa,2,1730613.73
2017,07004AA000,Algaida,ingres,5,27800.00
2017,07016AA000,Consell,ingres,1,1086986.38
2017,07019AA000,Escorca,despesa,9,78700.00
2017,07019AA000,Escorca,ingres,5,15200.00
2017,07020AA000,Esporles,despesa,4,555793.23
2017,07020AA000,Esporles,ingres,4,1064112.92
2017,07026AV001,P. M. Deportes,despesa,8,10.00
2017,07028AA000,Lloret de Vistalegre,despesa,3,1000.00
2017,07029AA000,Lloseta,despesa,1,2278649.45
2017,07029AA000,Lloseta,despesa,5,24284.41
2017,07030AA000,Llubí,despesa,3,10100.00
2017,07030AA000,Llubí,ingres,3,160386.00
2017,07036AA000,Marratxí,despesa,6,1656650.00
2017,07036AA000,Marratxí,despesa,8,9000.00
2017,07037AA000,Mercadal (Es),despesa,3,40080.00
2017,07037AA000,Mercadal (Es),despesa,8,12000.00
2017,07045AA000,Puigpunyent,despesa,6,843519.85
2017,07045AA000,Puigpunyent,ingres,3,489507.14
2017,07046AA000,Sant Antoni de Portmany,ingres,1,12865000.00
2017,07050AA000,Sant Joan de Labritja,ingres,1,2326714.35
2017,07055AA000,Santa Margalida,ingres,5,1064350.00
2017,07058AA000,Selva,despesa,6,389936.62
2017,07058AA000,Selva,ingres,1,1484500.00
2017,07058AA000,Selva,ingres,4,950555.62
2017,07063AA000,Valldemossa,ingres,3,1346087.39
2017,07064AA000,Castell (Es),ingres,3,485600.00
2017,07005AA000,Andratx,despesa,3,100500.00
2017,07040AA000,Palma,ingres,2,20614914.82
2017,07040AA000,Palma,ingres,3,88500470.00
2017,07040AV001,Inst. M. l'Esport,ingres,4,11652572.05
2017,07040AV002,P. M. d'Escoles d'Infants,despesa,6,113237.93
2017,07040AV004,P. M. l'Habitatge,despesa,2,570130.91
2017,07040AV004,P. M. l'Habitatge,despesa,7,300000.00
2017,07040AV004,P. M. l'Habitatge,ingres,3,77106.00
2017,07040AV006,Instituto Municipal Innovación  (IMI),despesa,1,4641148.11
2017,07040AV006,Instituto Municipal Innovación  (IMI),ingres,3,56875.97
2017,07040AV009,Inst. M. Form. Ocupacional i Feina,despesa,2,987628.50
2017,07040AV009,Inst. M. Form. Ocupacional i Feina,ingres,5,300.00
2017,07040AV013,Inst. Coordinaciò d'Obres Viaries,despesa,1,355436.11
2017,07040AV013,Inst. Coordinaciò d'Obres Viaries,ingres,5,600.00
2017,07062AA000,Son Servera,ingres,1,8372000.00
2017,07003AA000,Alcúdia,ingres,1,17631762.76
2017,07003AV001,P. M. D'Esports,ingres,5,5420.00
2017,07003AV002,F. Esc. M. Música,ingres,7,6510.00
2017,07003AV003,Emisora Alcúdia Radio,ingres,3,10.00
2017,07039AA000,Muro,despesa,4,409811.32
2017,07039AA000,Muro,despesa,7,636542.47
2017,07049AA000,Sant Joan,despesa,4,243375.00
2017,07049AA000,Sant Joan,despesa,6,38990.00
2017,07049AA000,Sant Joan,ingres,7,40.00
2017,07033AV002,P. l'Escola M. de Mallorqui,ingres,4,61700.29
2017,07008AA000,Binissalem,despesa,2,2271940.00
2017,07008AA000,Binissalem,ingres,1,2490000.00
2017,07017AA000,Costitx,despesa,4,14000.00
2017,07018AA000,Deyá,ingres,3,494701.00
2017,07025AA000,Fornalutx,despesa,3,1370.00
2017,07027AA000,Inca,despesa,4,3176780.39
2017,07027AA000,Inca,ingres,3,7951443.60
2017,07027AA000,Inca,ingres,7,135878.31
2017,07027AV003,Inst. M. d'Activitat Física Inca,ingres,8,10.00
2017,07027AV005,Música Antoni Torrandell,ingres,7,2000.00
2017,07007AA000,Banyalbufar,ingres,4,361295.18
2017,07022AA000,Felanitx,despesa,6,848316.00
2017,07022AA000,Felanitx,despesa,9,570000.00
2017,07024AA000,Formentera,ingres,1,6255000.00
2017,07024AV001,P. M. Turismo,despesa,1,189500.00
2017,07024AV001,P. M. Turismo,despesa,2,280000.00
2017,07038AA000,Montuïri,despesa,4,451100.00
2017,07038AA000,Montuïri,ingres,3,485190.00
2017,07053AA000,Santa Eugènia,despesa,1,507034.68
2017,07053AA000,Santa Eugènia,despesa,2,647289.52
2017,07053AA000,Santa Eugènia,despesa,9,35144.08
2017,07015AA000,Ciutadella de Menorca,despesa,3,296209.62
2017,07015AA000,Ciutadella de Menorca,ingres,3,8278750.00
2017,07023AA000,Ferreries,ingres,8,40000.00
2017,07051AA000,Sant Llorenç des Cardassar,despesa,3,1340.85
2017,07052AA000,Sant Lluís,ingres,9,447000.00
2017,07054AA000,Santa Eulalia del Río,despesa,6,6589867.14
2017,07056AA000,Santa María del Camí,ingres,4,1332618.59
2017,07056AV001,P. Res. Pers. Majors. Cas Metge Rei,despesa,6,28853.85
2017,07057AA000,Santanyí,ingres,4,2724356.45
2017,07902AA000,Migjorn Gran (Es),despesa,3,5487.76
2017,07902AA000,Migjorn Gran (Es),ingres,4,582582.35
2017,07902AA000,Migjorn Gran (Es),ingres,8,1000.00
2017,07001DD000,Consejo Insular de Ibiza,despesa,3,58000.00
2017,07002DD000,Consejo Insular de Mallorca,despesa,5,200000.00
2017,07003DD000,Consejo Insular de Menorca,ingres,4,58899658.27
2017,07002MM000,Mc. Pla de Mallorca,despesa,2,4797707.82
2017,07002MM000,Mc. Pla de Mallorca,ingres,7,12137.68
2017,07003MM000,Mc. Migjorn de Mallorca,despesa,2,565400.00
2017,07014AA000,Capdepera,despesa,1,5234402.55
2017,07014AA000,Capdepera,despesa,4,4116242.78
2017,07026AA000,Eivissa,despesa,3,593640.54
2017,07026AA000,Eivissa,ingres,9,2450000.00
2017,07032AA000,Maó,ingres,3,6317825.00
2017,07060AA000,Sineu,despesa,9,14285.72
2017,07060AA000,Sineu,ingres,1,937000.00
2017,07002AA000,Alaior,ingres,1,5096162.64
2017,07011AA000,Calvià,despesa,2,17263911.71
2017,07011AA000,Calvià,despesa,7,5539700.00
2017,07011AA000,Calvià,ingres,5,5851001.00
2017,07011AA000,Calvià,ingres,6,2000.00
2017,07033AA000,Manacor,despesa,3,90000.00
2017,07033AA000,Manacor,ingres,2,229747.04
2017,07033AA000,Manacor,ingres,4,7092231.91
2017,07047AA000,Sencelles,despesa,3,15500.00
2017,07047AA000,Sencelles,despesa,6,3700.00
2017,07047AA000,Sencelles,ingres,2,80250.00
2017,07901AA000,Ariany,despesa,4,114060.00
2017,07015AV002,Hospital Municipal,despesa,1,1995000.00
2017,07015AV002,Hospital Municipal,despesa,4,13200.00
2018,07004AA000,Algaida,ingres,5,27300.00
2018,07004AA000,Algaida,despesa,2,1818379.96
2018,07008AA000,Binissalem,ingres,1,2490000.00
2018,07008AA000,Binissalem,despesa,2,2271940.00
2018,07014AA000,Capdepera,despesa,1,6238970.15
2018,07014AA000,Capdepera,despesa,4,4430438.55
2018,07016AA000,Consell,ingres,1,1128996.08
2018,07018AA000,Deyá,ingres,3,469351.00
2018,07019AA000,Escorca,ingres,5,54000.00
2018,07019AA000,Escorca,despesa,9,83200.00
2018,07026AA000,Eivissa,despesa,3,138496.47
2018,07026AV001,P. M. Deportes,despesa,8,10.00
2018,07027AA000,Inca,ingres,3,8604313.47
2018,07027AA000,Inca,ingres,7,48078.31
2018,07027AA000,Inca,despesa,4,2676421.23
2018,07027AV005,Música Antoni Torrandell,ingres,7,2000.00
2018,07028AA000,Lloret de Vistalegre,despesa,3,1000.00
2018,07029AA000,Lloseta,despesa,1,2626260.31
2018,07029AA000,Lloseta,despesa,5,64136.48
2018,07032AA000,Maó,ingres,3,6883025.00
2018,07036AA000,Marratxí,despesa,6,3280267.87
2018,07036AA000,Marratxí,despesa,8,9000.00
2018,07037AA000,Mercadal (Es),despesa,3,38500.00
2018,07037AA000,Mercadal (Es),despesa,8,15000.00
2018,07045AA000,Puigpunyent,ingres,3,539388.29
2018,07045AA000,Puigpunyent,despesa,6,1505424.14
2018,07046AA000,Sant Antoni de Portmany,ingres,1,13055000.00
2018,07050AA000,Sant Joan de Labritja,ingres,1,2986800.00
2018,07055AA000,Santa Margalida,ingres,5,1032050.00
2018,07058AA000,Selva,ingres,1,1383010.00
2018,07058AA000,Selva,ingres,4,789799.19
2018,07058AA000,Selva,despesa,6,1182233.90
2018,07060AA000,Sineu,ingres,1,1234742.40
2018,07060AA000,Sineu,despesa,9,14285.69
2018,07063AA000,Valldemossa,ingres,3,1428170.00
2018,07064AA000,Castell (Es),ingres,3,1299334.30
2018,07005AA000,Andratx,despesa,3,31000.00
2018,07040AA000,Palma,ingres,2,24343004.40
2018,07040AA000,Palma,ingres,3,94605745.30
2018,07040AV001,Inst. M. l'Esport,ingres,4,10935919.16
2018,07040AV002,P. M. d'Escoles d'Infants,despesa,6,113237.93
2018,07040AV004,P. M. l'Habitatge,ingres,3,95006.00
2018,07040AV004,P. M. l'Habitatge,despesa,2,608250.00
2018,07040AV004,P. M. l'Habitatge,despesa,7,200000.00
2018,07040AV006,Instituto Municipal Innovación  (IMI),ingres,3,56875.97
2018,07040AV006,Instituto Municipal Innovación  (IMI),despesa,1,5171205.12
2018,07040AV009,Inst. M. Form. Ocupacional i Feina,ingres,5,6300.00
2018,07040AV009,Inst. M. Form. Ocupacional i Feina,despesa,2,1067436.45
2018,07062AA000,Son Servera,ingres,1,8287509.46
2018,07003AA000,Alcúdia,ingres,1,17861358.00
2018,07003AV001,P. M. D'Esports,ingres,5,3920.00
2018,07003AV002,F. Esc. M. Música,ingres,7,6510.00
2018,07039AA000,Muro,despesa,4,335874.52
2018,07039AA000,Muro,despesa,7,346733.36
2018,07049AA000,Sant Joan,despesa,4,243375.00
2018,07002AA000,Alaior,ingres,1,4936125.38
2018,07033AA000,Manacor,ingres,2,228768.13
2018,07033AA000,Manacor,ingres,4,10221432.79
2018,07033AA000,Manacor,despesa,3,30000.00
2018,07033AV002,P. l'Escola M. de Mallorqui,ingres,4,59926.54
2018,07044AA000,Pobla (Sa),ingres,9,177000.00
2018,07901AA000,Ariany,despesa,4,117052.60
2018,07022AA000,Felanitx,despesa,6,1432688.00
2018,07022AA000,Felanitx,despesa,9,360000.00
2018,07024AA000,Formentera,ingres,1,6150000.00
2018,07024AV001,P. M. Turismo,despesa,2,1.00
2018,07038AA000,Montuïri,ingres,3,538720.00
2018,07038AA000,Montuïri,despesa,4,451700.00
2018,07053AA000,Santa Eugènia,despesa,1,561355.89
2018,07053AA000,Santa Eugènia,despesa,2,709863.68
2018,07053AA000,Santa Eugènia,despesa,9,35144.09
2018,07015AA000,Ciutadella de Menorca,ingres,3,9157927.78
2018,07015AA000,Ciutadella de Menorca,despesa,3,1134870.59
2018,07015AV002,Hospital Municipal,despesa,1,2055000.00
2018,07015AV002,Hospital Municipal,despesa,4,5000.00
2018,07023AA000,Ferreries,ingres,8,40000.00
2018,07051AA000,Sant Llorenç des Cardassar,despesa,3,1993.29
2018,07052AA000,Sant Lluís,ingres,9,277000.00
2018,07054AA000,Santa Eulalia del Río,despesa,6,6665220.00
2018,07056AA000,Santa María del Camí,ingres,4,1394547.00
2018,07056AV001,P. Res. Pers. Majors. Cas Metge Rei,despesa,6,22208.34
2018,07057AA000,Santanyí,ingres,4,2911327.76
2018,07057AA000,Santanyí,ingres,6,125000.00
2018,07902AA000,Migjorn Gran (Es),ingres,4,608667.35
2018,07902AA000,Migjorn Gran (Es),ingres,8,1000.00
2018,07902AA000,Migjorn Gran (Es),despesa,3,4823.20
2018,07011AA000,Calvià,ingres,5,4351001.00
2018,07011AA000,Calvià,ingres,6,2000.00
2018,07011AA000,Calvià,despesa,2,15795468.71
2018,07011AA000,Calvià,despesa,7,5539700.00
2018,07001DD000,Consejo Insular de Ibiza,despesa,3,71933.78
2018,07002DD000,Consejo Insular de Mallorca,despesa,5,2000000.00
2018,07003DD000,Consejo Insular de Menorca,ingres,4,62442299.10
2018,07002MM000,Mc. Pla de Mallorca,ingres,7,624695.92
2018,07002MM000,Mc. Pla de Mallorca,despesa,2,5288314.00
2018,07003MM000,Mc. Migjorn de Mallorca,despesa,2,516660.00
2018,07004AA000,Algaida,ingres,4,1086776.14
2018,07004AA000,Algaida,ingres,7,42881.00
2018,07006AA000,Artà,despesa,2,3777274.21
2018,07008AA000,Binissalem,ingres,7,660000.00
2018,07008AA000,Binissalem,despesa,9,734000.00
2018,07009AA000,Búger,ingres,5,7300.00
2018,07009AA000,Búger,despesa,9,124000.00
2018,07010AA000,Bunyola,ingres,3,1343106.47
2018,07010AA000,Bunyola,ingres,5,1883.58
2018,07010AA000,Bunyola,despesa,9,522982.35
2018,07012AA000,Campanet,ingres,4,760440.84
2018,07012AA000,Campanet,despesa,2,965221.95
2018,07013AA000,Campos,despesa,2,6877600.00
2018,07014AA000,Capdepera,ingres,5,1261000.00
2018,07014AA000,Capdepera,despesa,2,5011015.37
2018,07014AA000,Capdepera,despesa,9,670000.00
2018,07018AA000,Deyá,ingres,5,10000.00
2018,07019AA000,Escorca,despesa,2,383487.00
2018,07026AA000,Eivissa,ingres,1,26781510.00
2018,07026AA000,Eivissa,despesa,5,297400.00
2018,07026AA000,Eivissa,despesa,7,1155033.67
2018,07026AV001,P. M. Deportes,despesa,2,814547.47
2018,07026AV002,P. M. Música,ingres,8,10.00
2018,07026AV003,Museo de Arte Contemporáneo,despesa,2,84549.99
2018,07026AV003,Museo de Arte Contemporáneo,despesa,3,100.00
2018,07026AV003,Museo de Arte Contemporáneo,despesa,6,13200.00
2018,07027AV005,Música Antoni Torrandell,ingres,4,292284.24
2018,07029AA000,Lloseta,ingres,1,2358000.00
2018,07029AA000,Lloseta,ingres,7,340765.46
2018,07029AA000,Lloseta,despesa,3,11887.86
2018,07029AA000,Lloseta,despesa,6,571517.35
2018,07031AA000,Llucmajor,despesa,2,13953213.00
2018,07031AA000,Llucmajor,despesa,8,55000.00
2018,07031AV001,P. Res. Personas Mayores,despesa,1,922243.69
2018,07031AV001,P. Res. Personas Mayores,despesa,6,261000.00
2018,07032AA000,Maó,ingres,2,172600.00
2018,07032AA000,Maó,ingres,7,1045015.00
2018,07032AA000,Maó,despesa,2,13381733.00
2018,07035AA000,Maria de la Salut,ingres,2,25000.00
2018,07035AA000,Maria de la Salut,ingres,4,576628.84
2018,07035AA000,Maria de la Salut,despesa,4,64769.11
2018,07036AA000,Marratxí,ingres,8,9000.00
2018,07045AA000,Puigpunyent,ingres,5,15.00
2018,07048AA000,Sant Josep de sa Talaia,ingres,3,8144270.00
2018,07048AA000,Sant Josep de sa Talaia,despesa,9,603344.29
2018,07050AA000,Sant Joan de Labritja,ingres,4,1086000.00
2018,07050AA000,Sant Joan de Labritja,ingres,6,1000.00
2018,07050AA000,Sant Joan de Labritja,despesa,4,497277.00
2018,07055AA000,Santa Margalida,despesa,6,1700000.00
2018,07058AA000,Selva,ingres,7,1060807.12
2018,07058AA000,Selva,despesa,2,826621.00
2018,07061AA000,Sóller,ingres,1,7716125.84
2018,07061AA000,Sóller,ingres,7,163003.42
2018,07061AA000,Sóller,despesa,5,25000.00
2018,07064AA000,Castell (Es),ingres,1,3938457.11
2018,07064AA000,Castell (Es),despesa,2,1772586.61
2018,07036AO001,Institut Municipal Comunicació,ingres,4,122920.00
2018,07014AO001,F. Castell de Capdepera,ingres,4,104678.77
2018,07005AA000,Andratx,despesa,6,1456168.95
2018,07005AA000,Andratx,despesa,7,100000.00
2018,07040AA000,Palma,ingres,5,4561500.00
2018,07040AV001,Inst. M. l'Esport,despesa,3,10000.00
2018,07040AV001,Inst. M. l'Esport,despesa,6,2280000.00
2018,07040AV002,P. M. d'Escoles d'Infants,despesa,1,3591539.32
2018,07040AV006,Instituto Municipal Innovación  (IMI),despesa,6,908944.58
2018,07040AV009,Inst. M. Form. Ocupacional i Feina,ingres,8,20000.00
2018,07062AA000,Son Servera,despesa,3,495794.99
2018,07062AA000,Son Servera,despesa,4,534100.39
2018,07003AA000,Alcúdia,despesa,1,8086276.64
2018,07003AA000,Alcúdia,despesa,6,6426875.12
2018,07003AV001,P. M. D'Esports,ingres,7,42030.00
2018,07003AV002,F. Esc. M. Música,despesa,2,269090.00
2018,07003AV002,F. Esc. M. Música,despesa,3,30.00
2018,07003AV003,Emisora Alcúdia Radio,despesa,1,143094.00
2018,07003AV003,Emisora Alcúdia Radio,despesa,3,50.00
2018,07049AA000,Sant Joan,ingres,3,390229.00
2018,07049AA000,Sant Joan,despesa,2,562174.00
2018,07002AA000,Alaior,despesa,8,10000.00
2018,07033AA000,Manacor,despesa,7,642784.31
2018,07033AO001,Institut Públic del Teatre Municipal,despesa,6,30000.00
2018,07044AA000,Pobla (Sa),ingres,3,3850606.08
2018,07901AA000,Ariany,despesa,2,365636.00
2018,07022AA000,Felanitx,ingres,3,4755384.00
2018,07022AA000,Felanitx,despesa,7,187200.00
2018,07024AA000,Formentera,ingres,5,22000.00
2018,07024AA000,Formentera,despesa,7,250000.00
2018,07053AA000,Santa Eugènia,ingres,4,541500.32
2018,07053AA000,Santa Eugènia,despesa,3,1000.00
2018,07001AA000,Alaró,despesa,3,20832.00
2018,07001AA000,Alaró,despesa,4,396400.00
2018,07015AA000,Ciutadella de Menorca,despesa,9,1711678.79
2018,07015AV002,Hospital Municipal,ingres,3,766000.00
2018,07015AV003,P. Esc. Infantiles,ingres,4,750000.00
2018,07023AA000,Ferreries,ingres,1,2261500.00
2018,07023AA000,Ferreries,despesa,7,10252.79
2018,07042AO002,Institut Municipal Radio Pollença,despesa,4,2000.00
2018,07042AO003,Residencia Social,despesa,1,575242.11
2018,07043AA000,Porreres,despesa,4,478708.00
2018,07043AA000,Porreres,despesa,7,47734.53
2018,07051AA000,Sant Llorenç des Cardassar,despesa,2,3553407.07
2018,07052AA000,Sant Lluís,ingres,4,2229520.00
2018,07054AA000,Santa Eulalia del Río,ingres,5,417352.10
2018,07056AA000,Santa María del Camí,ingres,2,141799.00
2018,07057AA000,Santanyí,despesa,4,2217191.20
2018,07902AA000,Migjorn Gran (Es),ingres,2,80700.00
2018,07902AA000,Migjorn Gran (Es),despesa,7,2000.00
2018,07011AO001,"Inst. M. de Educación y Bibliotecas, IMEB -Calvià",despesa,8,22000.00
2018,07011AA000,Calvià,ingres,3,7309000.00
2018,07001DD000,Consejo Insular de Ibiza,ingres,9,200000.00
2018,07001DV003,P. Esc. Turismo,despesa,1,450701.70
2018,07001DV003,P. Esc. Turismo,despesa,2,84298.30
2018,07002DD000,Consejo Insular de Mallorca,ingres,8,100000.00
2018,07002DV001,Inst. l'Esport Hipic,despesa,3,3000.00
2018,07002DV003,Inst.  Mallorquí d'Afers Socials,despesa,2,98915081.68
2018,07003DD000,Consejo Insular de Menorca,despesa,6,24216002.53
2018,07003DV001,Inst. Menorquín de Estudios,despesa,2,314259.17
2018,07002DO001,Agència  Protecció Legalitat Urbanística i Territorial de Mallorca,despesa,2,262000.00
2018,07001MM000,Mc. Es Raiguer,ingres,5,100.00
2018,07001MM000,Mc. Es Raiguer,despesa,4,3000.00
2018,07006AA000,Artà,despesa,5,100000.00
2018,07006AA000,Artà,despesa,9,672275.44
2018,07010AA000,Bunyola,ingres,4,1642939.69
2018,07010AA000,Bunyola,despesa,1,1571861.56
2018,07016AA000,Consell,despesa,1,1062171.82
2018,07018AA000,Deyá,despesa,3,250.00
2018,07026AA000,Eivissa,ingres,3,15785480.00
2018,07026AA000,Eivissa,ingres,4,13071854.19
2018,07026AA000,Eivissa,ingres,6,10.00
2018,07026AA000,Eivissa,despesa,1,17977522.86
2018,07026AA000,Eivissa,despesa,4,5883034.70
2018,07026AV001,P. M. Deportes,ingres,7,5000.00
2018,07026AV001,P. M. Deportes,despesa,6,5000.00
2018,07027AA000,Inca,ingres,1,10276371.08
2018,07027AA000,Inca,ingres,6,10.00
2018,07027AV001,Llar d'infants d'Inca,despesa,1,646205.86
2018,07028AA000,Lloret de Vistalegre,ingres,7,221930.00
2018,07028AA000,Lloret de Vistalegre,despesa,2,339830.00
2018,07028AA000,Lloret de Vistalegre,despesa,9,39000.00
2018,07029AA000,Lloseta,ingres,4,1509684.68
2018,07029AA000,Lloseta,ingres,5,23453.68
2018,07031AA000,Llucmajor,ingres,2,1460000.00
2018,07032AA000,Maó,ingres,1,17781000.00
2018,07032AA000,Maó,despesa,1,12175000.00
2018,07045AA000,Puigpunyent,ingres,7,1078525.86
2018,07045AA000,Puigpunyent,despesa,1,740553.29
2018,07045AA000,Puigpunyent,despesa,2,1030691.28
2018,07045AA000,Puigpunyent,despesa,3,101644.46
2018,07048AA000,Sant Josep de sa Talaia,despesa,6,5027832.87
2018,07055AA000,Santa Margalida,ingres,2,120000.00
2018,07055AA000,Santa Margalida,despesa,3,5030.00
2018,07058AA000,Selva,despesa,1,1281329.38
2018,07058AA000,Selva,despesa,4,497120.76
2018,07058AA000,Selva,despesa,5,24425.00
2018,07060AA000,Sineu,ingres,4,849018.11
2018,07061AA000,Sóller,ingres,2,835000.00
2018,07061AA000,Sóller,ingres,3,3864366.14
2018,07061AA000,Sóller,ingres,4,4258078.18
2018,07063AA000,Valldemossa,ingres,2,200000.00
2018,07014AO001,F. Castell de Capdepera,despesa,5,1905.47
2018,07014AO001,F. Castell de Capdepera,despesa,6,50000.00
2018,07005AA000,Andratx,despesa,1,9660126.07
2018,07040AA000,Palma,ingres,4,87083281.03
2018,07040AV002,P. M. d'Escoles d'Infants,ingres,3,790882.07
2018,07040AV002,P. M. d'Escoles d'Infants,despesa,8,11000.00
2018,07040AV004,P. M. l'Habitatge,despesa,6,313450.00
2018,07003AV001,P. M. D'Esports,ingres,3,156500.00
2018,07039AA000,Muro,ingres,5,1805493.21
2018,07049AA000,Sant Joan,ingres,4,465626.00
2018,07059AA000,Salines (Ses),ingres,2,150000.00
2018,07059AA000,Salines (Ses),despesa,1,2399261.48
2018,07059AA000,Salines (Ses),despesa,4,289071.00
2018,07002AA000,Alaior,despesa,2,4406407.60
2018,07002AA000,Alaior,despesa,6,411220.70
2018,07002AA000,Alaior,despesa,7,64000.00
2018,07033AA000,Manacor,despesa,4,1277804.75
2018,07033AA000,Manacor,despesa,6,1601524.51
2018,07033AO001,Institut Públic del Teatre Municipal,ingres,3,100000.00
2018,07044AA000,Pobla (Sa),ingres,2,160000.00
2018,07901AA000,Ariany,ingres,3,160256.23
2018,07022AA000,Felanitx,ingres,4,4517566.00
2018,07022AA000,Felanitx,ingres,5,350201.00
2018,07038AA000,Montuïri,ingres,2,170800.00
2018,07038AA000,Montuïri,despesa,2,615220.00
2018,07038AA000,Montuïri,despesa,9,150000.00
2018,07053AA000,Santa Eugènia,ingres,2,60000.00
2018,07053AA000,Santa Eugènia,despesa,4,190302.88
2018,07065AA000,Vilafranc de Bonany,despesa,3,37300.00
2018,07065AA000,Vilafranc de Bonany,despesa,6,479676.16
2018,07015AV003,P. Esc. Infantiles,despesa,1,464900.00
2018,07023AA000,Ferreries,despesa,2,1972373.31
2018,07023AA000,Ferreries,despesa,3,35600.00
2018,07023AA000,Ferreries,despesa,4,736900.00
2018,07023AA000,Ferreries,despesa,8,40000.00
2018,07042AA000,Pollença,ingres,1,10470000.00
2018,07042AA000,Pollença,despesa,1,7453385.40
2018,07042AO003,Residencia Social,despesa,2,264786.00
2018,07043AA000,Porreres,ingres,1,1654500.00
2018,07043AA000,Porreres,ingres,5,15050.00
2018,07043AA000,Porreres,despesa,1,1112919.43
2018,07051AA000,Sant Llorenç des Cardassar,ingres,3,4186000.00
2018,07051AA000,Sant Llorenç des Cardassar,ingres,7,1499506.16
2018,07052AA000,Sant Lluís,ingres,3,2488900.00
2018,07052AA000,Sant Lluís,ingres,5,357000.00
2018,07052AA000,Sant Lluís,despesa,2,4011554.22
2018,07052AA000,Sant Lluís,despesa,4,903345.00
2018,07054AA000,Santa Eulalia del Río,ingres,1,17500010.00
2018,07057AA000,Santanyí,ingres,3,4909801.91
2018,07057AA000,Santanyí,despesa,2,8879923.88
2018,07057AA000,Santanyí,despesa,6,3529350.18
2018,07902AA000,Migjorn Gran (Es),ingres,5,129100.00
2018,07902AA000,Migjorn Gran (Es),despesa,6,1080555.04
2018,07902AA000,Migjorn Gran (Es),despesa,8,1000.00
2018,07011AO001,"Inst. M. de Educación y Bibliotecas, IMEB -Calvià",ingres,4,5219613.73
2018,07011AA000,Calvià,ingres,4,19422275.00
2018,07011AA000,Calvià,ingres,8,240001.00
2018,07011AA000,Calvià,despesa,9,4000000.00
2018,07001DD000,Consejo Insular de Ibiza,ingres,7,21419227.08
2018,07001DD000,Consejo Insular de Ibiza,despesa,9,585703.12
2018,07002DD000,Consejo Insular de Mallorca,despesa,2,52352979.39
2018,07002DV001,Inst. l'Esport Hipic,despesa,6,990000.00
2018,07002DV003,Inst.  Mallorquí d'Afers Socials,ingres,4,182708533.78
2018,07002DV003,Inst.  Mallorquí d'Afers Socials,ingres,8,125000.00
2018,07002DV003,Inst.  Mallorquí d'Afers Socials,despesa,1,64259622.97
2018,07002DV003,Inst.  Mallorquí d'Afers Socials,despesa,7,2486797.41
2018,07003DD000,Consejo Insular de Menorca,despesa,2,13126686.16
2018,07002DO001,Agència  Protecció Legalitat Urbanística i Territorial de Mallorca,ingres,3,3190919.09
2018,07001MM000,Mc. Es Raiguer,despesa,3,150.00
2018,07003MM000,Mc. Migjorn de Mallorca,ingres,4,24004.40
2018,07003MM000,Mc. Migjorn de Mallorca,despesa,4,4600.00
2018,07006AA000,Artà,ingres,1,4639000.00
2018,07006AA000,Artà,ingres,7,6600.00
2018,07006AA000,Artà,despesa,3,32502.00
2018,07006AA000,Artà,despesa,4,382239.40
2018,07008AA000,Binissalem,ingres,5,13200.00
2018,07008AA000,Binissalem,despesa,1,2363844.00
2018,07008AA000,Binissalem,despesa,4,821950.00
2018,07009AA000,Búger,despesa,3,17800.00
2018,07010AA000,Bunyola,despesa,3,63000.00
2018,07012AA000,Campanet,ingres,1,797325.68
2018,07014AA000,Capdepera,ingres,3,8042708.40
2018,07014AA000,Capdepera,ingres,4,2794000.00
2018,07014AA000,Capdepera,despesa,3,27215.93
2018,07016AA000,Consell,despesa,3,2050.00
2018,07018AA000,Deyá,ingres,1,986000.00
2018,07019AA000,Escorca,despesa,4,29910.00
2018,07026AV001,P. M. Deportes,ingres,8,10.00
2018,07026AV002,P. M. Música,ingres,3,47510.00
2018,07027AA000,Inca,despesa,9,1094725.40
2018,07027AV001,Llar d'infants d'Inca,ingres,3,301757.12
2018,07027AV001,Llar d'infants d'Inca,ingres,8,10.00
2018,07027AV005,Música Antoni Torrandell,despesa,1,123455.05
2018,07031AA000,Llucmajor,ingres,5,634100.00
2018,07031AV001,P. Res. Personas Mayores,ingres,3,325100.00
2018,07031AV001,P. Res. Personas Mayores,despesa,5,20540.37
2018,07032AA000,Maó,ingres,9,2500000.00
2018,07036AA000,Marratxí,ingres,2,800000.00
2018,07036AA000,Marratxí,despesa,1,10743841.45
2018,07036AA000,Marratxí,despesa,3,128925.00
2018,07037AA000,Mercadal (Es),despesa,7,35500.00
2018,07045AA000,Puigpunyent,ingres,2,204395.80
2018,07045AA000,Puigpunyent,despesa,4,78423.28
2018,07045AA000,Puigpunyent,despesa,5,45000.00
2018,07046AA000,Sant Antoni de Portmany,despesa,6,4314004.94
2018,07048AA000,Sant Josep de sa Talaia,ingres,1,12823240.00
2018,07048AA000,Sant Josep de sa Talaia,despesa,4,3541212.19
2018,07055AA000,Santa Margalida,ingres,3,3957700.00
2018,07055AA000,Santa Margalida,despesa,4,320900.00
2018,07060AA000,Sineu,ingres,5,24900.00
2018,07060AA000,Sineu,ingres,7,351179.43
2018,07061AA000,Sóller,despesa,4,745030.00
2018,07064AA000,Castell (Es),despesa,7,46510.13
2018,07040AA000,Palma,ingres,1,187702773.68
2018,07040AA000,Palma,ingres,7,9124716.33
2018,07040AA000,Palma,despesa,9,29410228.47
2018,07040AV001,Inst. M. l'Esport,despesa,4,166500.00
2018,07040AV002,P. M. d'Escoles d'Infants,despesa,2,3608812.75
2018,07040AV004,P. M. l'Habitatge,despesa,8,93000.00
2018,07040AV006,Instituto Municipal Innovación  (IMI),ingres,5,50.00
2018,07040AV009,Inst. M. Form. Ocupacional i Feina,ingres,3,36000.00
2018,07040AV009,Inst. M. Form. Ocupacional i Feina,ingres,7,155050.00
2018,07062AA000,Son Servera,ingres,3,3968267.55
2018,07062AA000,Son Servera,ingres,4,2570254.75
2018,07062AA000,Son Servera,despesa,2,7153893.44
2018,07062AA000,Son Servera,despesa,8,60000.00
2018,07003AV001,P. M. D'Esports,despesa,3,100.00
2018,07003AV001,P. M. D'Esports,despesa,6,42030.00
2018,07003AV003,Emisora Alcúdia Radio,ingres,5,10.00
2018,07003AV003,Emisora Alcúdia Radio,despesa,6,1583.00
2018,07049AA000,Sant Joan,despesa,1,625516.00
2018,07002AA000,Alaior,despesa,3,64796.56
2018,07033AV002,P. l'Escola M. de Mallorqui,ingres,3,20000.00
2018,07033AO002,Institució Pública Antoni M. Alcover,despesa,2,69000.00
2018,07033AO002,Institució Pública Antoni M. Alcover,despesa,6,5000.00
2018,07044AA000,Pobla (Sa),ingres,5,12570.91
2018,07044AA000,Pobla (Sa),ingres,6,57639.40
2018,07044AA000,Pobla (Sa),despesa,9,1113321.56
2018,07901AA000,Ariany,despesa,1,203738.09
2018,07022AV001,Ctro. Cultural,despesa,2,120200.00
2018,07038AA000,Montuïri,despesa,1,882900.00
2018,07053AA000,Santa Eugènia,ingres,3,395207.02
2018,07065AA000,Vilafranc de Bonany,ingres,2,62000.00
2018,07065AA000,Vilafranc de Bonany,ingres,5,527.46
2018,07001AA000,Alaró,ingres,7,157300.00
2018,07001AA000,Alaró,despesa,2,1230095.88
2018,07015AV003,P. Esc. Infantiles,despesa,2,500100.00
2018,07023AA000,Ferreries,despesa,5,120000.00
2018,07023AA000,Ferreries,despesa,9,281850.00
2018,07043AA000,Porreres,ingres,3,249127.08
2018,07043AA000,Porreres,despesa,6,533713.43
2018,07043AA000,Porreres,despesa,9,246406.24
2018,07056AV001,P. Res. Pers. Majors. Cas Metge Rei,ingres,3,475200.00
2018,07057AA000,Santanyí,ingres,1,10908969.49
2018,07057AA000,Santanyí,ingres,2,855000.00
2018,07902AA000,Migjorn Gran (Es),despesa,2,929895.00
2018,07902AA000,Migjorn Gran (Es),despesa,4,335113.00
2018,07902AA000,Migjorn Gran (Es),despesa,9,91317.12
2018,07011AO001,"Inst. M. de Educación y Bibliotecas, IMEB -Calvià",despesa,1,4424739.46
2018,07011AO001,"Inst. M. de Educación y Bibliotecas, IMEB -Calvià",despesa,6,166000.00
2018,07011AA000,Calvià,despesa,8,240001.00
2018,07001DD000,Consejo Insular de Ibiza,despesa,8,250000.00
2018,07002DD000,Consejo Insular de Mallorca,ingres,6,4319584.00
2018,07002DD000,Consejo Insular de Mallorca,despesa,3,3047613.58
2018,07002DV001,Inst. l'Esport Hipic,despesa,4,1097000.00
2018,07002DV003,Inst.  Mallorquí d'Afers Socials,despesa,3,42500.00
2018,07002DV003,Inst.  Mallorquí d'Afers Socials,despesa,8,125000.00
2018,07003DD000,Consejo Insular de Menorca,ingres,1,1155078.02
2018,07002MM000,Mc. Pla de Mallorca,ingres,5,2500.00
2018,07001MM000,Mc. Es Raiguer,despesa,2,2299384.71
2018,07003MM000,Mc. Migjorn de Mallorca,ingres,5,10000.00
2018,07003MM000,Mc. Migjorn de Mallorca,despesa,6,17500.00
2018,07004AA000,Algaida,ingres,3,682753.68
2018,07004AA000,Algaida,despesa,3,1110.12
2018,07008AA000,Binissalem,ingres,6,60000.00
2018,07008AV001,P. M. d'Esports,despesa,4,1.00
2018,07009AA000,Búger,ingres,3,278531.70
2018,07012AA000,Campanet,ingres,3,794730.77
2018,07012AA000,Campanet,despesa,3,3400.00
2018,07013AA000,Campos,ingres,4,2233961.90
2018,07013AA000,Campos,despesa,4,115787.14
2018,07014AA000,Capdepera,despesa,5,123339.76
2018,07014AA000,Capdepera,despesa,6,5255028.64
2018,07016AA000,Consell,ingres,3,1128780.32
2018,07019AA000,Escorca,ingres,7,630736.00
2018,07019AA000,Escorca,despesa,3,18620.00
2018,07026AA000,Eivissa,despesa,2,25834926.64
2018,07026AV001,P. M. Deportes,despesa,3,4000.00
2018,07026AV002,P. M. Música,despesa,4,2000.00
2018,07027AV001,Llar d'infants d'Inca,ingres,4,429368.74
2018,07027AV001,Llar d'infants d'Inca,ingres,7,4500.00
2018,07027AV001,Llar d'infants d'Inca,despesa,8,10.00
2018,07027AV005,Música Antoni Torrandell,despesa,6,2000.00
2018,07028AA000,Lloret de Vistalegre,ingres,5,6450.00
2018,07029AA000,Lloseta,despesa,4,567082.15
2018,07029AA000,Lloseta,despesa,9,165132.55
2018,07031AA000,Llucmajor,ingres,8,55000.00
2018,07031AA000,Llucmajor,despesa,3,860000.00
2018,07035AA000,Maria de la Salut,despesa,1,655212.95
2018,07036AA000,Marratxí,despesa,4,8700437.31
2018,07037AA000,Mercadal (Es),ingres,2,152800.00
2018,07046AA000,Sant Antoni de Portmany,ingres,7,600000.00
2018,07046AA000,Sant Antoni de Portmany,despesa,1,7282313.92
2018,07048AA000,Sant Josep de sa Talaia,ingres,4,6524833.41
2018,07048AA000,Sant Josep de sa Talaia,despesa,5,200000.00
2018,07050AA000,Sant Joan de Labritja,ingres,5,2000.00
2018,07055AA000,Santa Margalida,despesa,1,4939260.00
2018,07061AA000,Sóller,despesa,1,5697526.82
2018,07061AA000,Sóller,despesa,3,801740.04
2018,07061AA000,Sóller,despesa,7,194000.00
2018,07063AA000,Valldemossa,despesa,9,359277.44
2018,07005AA000,Andratx,ingres,2,1500000.00
2018,07005AA000,Andratx,despesa,2,10212845.14
2018,07040AA000,Palma,despesa,4,83684702.07
2018,07040AV001,Inst. M. l'Esport,ingres,8,100000.00
2018,07040AV002,P. M. d'Escoles d'Infants,ingres,4,6679500.00
2018,07040AV002,P. M. d'Escoles d'Infants,ingres,7,113237.93
2018,07040AV002,P. M. d'Escoles d'Infants,despesa,4,270050.00
2018,07040AV004,P. M. l'Habitatge,ingres,4,1806171.82
2018,07040AV004,P. M. l'Habitatge,despesa,1,1766215.54
2018,07040AV009,Inst. M. Form. Ocupacional i Feina,ingres,4,6346901.36
2018,07040AV009,Inst. M. Form. Ocupacional i Feina,despesa,1,5266795.75
2018,07040AV009,Inst. M. Form. Ocupacional i Feina,despesa,8,20000.00
2018,07062AA000,Son Servera,ingres,5,518798.21
2018,07003AA000,Alcúdia,ingres,3,7229370.00
2018,07003AA000,Alcúdia,ingres,4,4153603.56
2018,07003AV002,F. Esc. M. Música,ingres,4,268410.00
2018,07039AA000,Muro,ingres,2,300000.00
2018,07059AA000,Salines (Ses),ingres,4,1078378.02
2018,07059AA000,Salines (Ses),despesa,9,155000.00
2018,07002AA000,Alaior,ingres,2,148115.31
2018,07002AA000,Alaior,despesa,4,572580.30
2018,07033AA000,Manacor,ingres,5,629369.30
2018,07033AO001,Institut Públic del Teatre Municipal,ingres,7,30000.00
2018,07033AO001,Institut Públic del Teatre Municipal,despesa,2,270000.00
2018,07033AV003,P. M. d'Esports,ingres,5,36500.00
2018,07033AV003,P. M. d'Esports,despesa,4,209200.00
2018,07033AO002,Institució Pública Antoni M. Alcover,ingres,7,5000.00
2018,07044AA000,Pobla (Sa),despesa,3,183578.57
2018,07044AA000,Pobla (Sa),despesa,4,318519.00
2018,07901AA000,Ariany,ingres,1,291700.00
2018,07022AV001,Ctro. Cultural,despesa,3,100.00
2018,07024AA000,Formentera,despesa,4,1186500.00
2018,07024AA000,Formentera,despesa,6,4500000.00
2018,07038AA000,Montuïri,ingres,1,1063700.00
2018,07038AA000,Montuïri,despesa,3,370100.00
2018,07065AA000,Vilafranc de Bonany,despesa,9,129400.00
2018,07001AA000,Alaró,ingres,4,1678833.84
2018,07015AA000,Ciutadella de Menorca,ingres,7,131837.50
2018,07015AV002,Hospital Municipal,despesa,2,626300.00
2018,07042AA000,Pollença,despesa,3,81000.00
2018,07042AA000,Pollença,despesa,7,50000.00
2018,07042AO002,Institut Municipal Radio Pollença,despesa,1,87373.62
2018,07042AO002,Institut Municipal Radio Pollença,despesa,2,22142.67
2018,07043AA000,Porreres,despesa,3,12100.00
2018,07051AA000,Sant Llorenç des Cardassar,despesa,8,10000.00
2018,07054AA000,Santa Eulalia del Río,ingres,7,944260.56
2018,07054AA000,Santa Eulalia del Río,despesa,7,372510.00
2018,07056AA000,Santa María del Camí,ingres,3,1497400.45
2018,07056AA000,Santa María del Camí,despesa,2,1989088.35
2018,07056AA000,Santa María del Camí,despesa,4,459915.94
2018,07056AV001,P. Res. Pers. Majors. Cas Metge Rei,ingres,4,180000.00
2018,07056AV001,P. Res. Pers. Majors. Cas Metge Rei,ingres,5,130.00
2018,07057AA000,Santanyí,ingres,5,1090508.69
2018,07057AA000,Santanyí,despesa,1,6838809.74
2018,07057AA000,Santanyí,despesa,3,7000.00
2018,07011AO001,"Inst. M. de Educación y Bibliotecas, IMEB -Calvià",ingres,7,166000.00
2018,07001DD000,Consejo Insular de Ibiza,ingres,8,250000.00
2018,07001DV003,P. Esc. Turismo,ingres,4,550000.00
2018,07001DV003,P. Esc. Turismo,despesa,6,20000.00
2018,07002DD000,Consejo Insular de Mallorca,despesa,4,208641387.16
2018,07002DD000,Consejo Insular de Mallorca,despesa,7,38618472.29
2018,07002DD000,Consejo Insular de Mallorca,despesa,9,6192500.00
2018,07002DV001,Inst. l'Esport Hipic,despesa,8,5000.00
2018,07002DV003,Inst.  Mallorquí d'Afers Socials,despesa,6,4990723.00
2018,07003DD000,Consejo Insular de Menorca,ingres,2,1668480.89
2018,07003DD000,Consejo Insular de Menorca,ingres,3,2516530.35
2018,07003DD000,Consejo Insular de Menorca,ingres,7,24766370.74
2018,07003DD000,Consejo Insular de Menorca,despesa,1,21412986.89
2018,07002MM000,Mc. Pla de Mallorca,ingres,4,5044626.49
2018,07001MM000,Mc. Es Raiguer,ingres,3,634387.51
2018,07003MM000,Mc. Migjorn de Mallorca,despesa,1,715298.29
2018,07004AA000,Algaida,despesa,4,201380.00
2018,07004AA000,Algaida,despesa,9,70501.28
2018,07006AA000,Artà,ingres,2,451600.00
2018,07008AA000,Binissalem,ingres,2,250000.00
2018,07008AA000,Binissalem,ingres,3,1399700.00
2018,07009AA000,Búger,despesa,2,368798.52
2018,07009AA000,Búger,despesa,4,150300.00
2018,07009AA000,Búger,despesa,6,289261.45
2018,07010AA000,Bunyola,despesa,4,482161.40
2018,07014AA000,Capdepera,ingres,1,8825000.00
2018,07016AA000,Consell,despesa,2,1240988.00
2018,07026AA000,Eivissa,ingres,2,1200000.00
2018,07026AA000,Eivissa,ingres,5,1000020.00
2018,07026AA000,Eivissa,ingres,8,10.00
2018,07026AV003,Museo de Arte Contemporáneo,despesa,8,10.00
2018,07027AA000,Inca,ingres,4,7496696.58
2018,07027AV001,Llar d'infants d'Inca,ingres,5,3710.00
2018,07027AV002,Res. Ancianos M. Mir,ingres,4,1107346.22
2018,07027AV002,Res. Ancianos M. Mir,despesa,1,1170329.55
2018,07027AV005,Música Antoni Torrandell,ingres,5,10.00
2018,07028AA000,Lloret de Vistalegre,ingres,3,218600.00
2018,07029AA000,Lloseta,ingres,2,125000.00
2018,07031AA000,Llucmajor,despesa,4,1231706.27
2018,07031AV001,P. Res. Personas Mayores,ingres,7,261000.00
2018,07035AA000,Maria de la Salut,ingres,3,273001.01
2018,07035AA000,Maria de la Salut,despesa,6,432344.33
2018,07037AA000,Mercadal (Es),despesa,9,484555.00
2018,07046AA000,Sant Antoni de Portmany,ingres,3,5678650.00
2018,07046AA000,Sant Antoni de Portmany,despesa,2,11144480.12
2018,07048AA000,Sant Josep de sa Talaia,ingres,5,3803000.00
2018,07055AA000,Santa Margalida,ingres,1,6433000.00
2018,07055AA000,Santa Margalida,despesa,7,12000.00
2018,07061AA000,Sóller,ingres,5,227725.75
2018,07061AA000,Sóller,despesa,6,1182907.38
2018,07061AA000,Sóller,despesa,9,1550000.00
2018,07063AA000,Valldemossa,ingres,1,1456509.94
2018,07063AA000,Valldemossa,ingres,4,731004.33
2018,07063AA000,Valldemossa,despesa,1,1460418.85
2018,07063AA000,Valldemossa,despesa,2,1562682.89
2018,07064AA000,Castell (Es),ingres,6,60000.00
2018,07064AA000,Castell (Es),ingres,7,1240047.50
2018,07064AA000,Castell (Es),despesa,3,33000.00
2018,07064AA000,Castell (Es),despesa,9,275000.00
2018,07005AA000,Andratx,ingres,1,13050837.00
2018,07005AA000,Andratx,ingres,4,2498000.00
2018,07005AA000,Andratx,despesa,4,473409.18
2018,07040AA000,Palma,despesa,1,139295319.05
2018,07040AA000,Palma,despesa,7,6233361.70
2018,07040AV001,Inst. M. l'Esport,ingres,5,228991.50
2018,07040AV004,P. M. l'Habitatge,ingres,7,591976.00
2018,07040AV006,Instituto Municipal Innovación  (IMI),ingres,4,7558249.23
2018,07040AV009,Inst. M. Form. Ocupacional i Feina,despesa,3,1565.16
2018,07062AA000,Son Servera,ingres,7,180914.25
2018,07062AA000,Son Servera,despesa,7,135000.00
2018,07003AA000,Alcúdia,despesa,2,11722707.84
2018,07003AA000,Alcúdia,despesa,3,5010.00
2018,07003AA000,Alcúdia,despesa,4,2569274.67
2018,07003AV001,P. M. D'Esports,despesa,4,61000.00
2018,07049AA000,Sant Joan,ingres,1,632000.00
2018,07049AA000,Sant Joan,despesa,9,99600.00
2018,07059AA000,Salines (Ses),ingres,1,2963000.00
2018,07059AA000,Salines (Ses),despesa,5,100000.00
2018,07059AA000,Salines (Ses),despesa,6,1251299.52
2018,07002AA000,Alaior,ingres,4,2609774.54
2018,07002AA000,Alaior,despesa,5,96479.51
2018,07033AA000,Manacor,despesa,1,14883600.53
2018,07033AV002,P. l'Escola M. de Mallorqui,despesa,6,4773.75
2018,07044AA000,Pobla (Sa),despesa,2,5218906.98
2018,07022AA000,Felanitx,despesa,1,7047592.00
2018,07024AA000,Formentera,despesa,2,10816000.00
2018,07065AA000,Vilafranc de Bonany,ingres,1,692200.00
2018,07065AA000,Vilafranc de Bonany,ingres,3,375000.00
2018,07001AA000,Alaró,despesa,6,693432.96
2018,07015AA000,Ciutadella de Menorca,ingres,1,14970000.00
2018,07015AA000,Ciutadella de Menorca,despesa,6,2233112.84
2018,07015AV002,Hospital Municipal,despesa,6,20000.00
2018,07015AV003,P. Esc. Infantiles,ingres,7,30000.00
2018,07023AA000,Ferreries,ingres,2,62000.00
2018,07023AA000,Ferreries,ingres,3,583502.00
2018,07023AA000,Ferreries,despesa,6,1544304.39
2018,07042AA000,Pollença,ingres,3,6717720.00
2018,07042AA000,Pollença,ingres,4,4109029.76
2018,07042AA000,Pollença,despesa,6,810213.28
2018,07042AO003,Residencia Social,despesa,3,100.00
2018,07043AA000,Porreres,despesa,2,1336808.45
2018,07051AA000,Sant Llorenç des Cardassar,despesa,6,2783424.95
2018,07052AA000,Sant Lluís,ingres,1,5323000.00
2018,07052AA000,Sant Lluís,ingres,6,803650.00
2018,07054AA000,Santa Eulalia del Río,ingres,3,10069174.86
2018,07054AA000,Santa Eulalia del Río,despesa,1,9360329.74
2018,07054AA000,Santa Eulalia del Río,despesa,3,98668.16
2018,07056AV001,P. Res. Pers. Majors. Cas Metge Rei,despesa,1,454082.06
2018,07902AA000,Migjorn Gran (Es),ingres,3,639330.00
2018,07011AA000,Calvià,ingres,2,2376500.00
2018,07011AA000,Calvià,despesa,6,2959502.00
2018,07001DD000,Consejo Insular de Ibiza,ingres,1,1950000.00
2018,07001DD000,Consejo Insular de Ibiza,ingres,4,67439793.56
2018,07001DD000,Consejo Insular de Ibiza,ingres,5,192750.00
2018,07001DD000,Consejo Insular de Ibiza,despesa,4,16023693.24
2018,07001DD000,Consejo Insular de Ibiza,despesa,5,285185.75
2018,07001DD000,Consejo Insular de Ibiza,despesa,6,21495294.65
2018,07001DV003,P. Esc. Turismo,despesa,4,100000.00
2018,07002DD000,Consejo Insular de Mallorca,ingres,7,65335317.79
2018,07003DD000,Consejo Insular de Menorca,ingres,5,164744.68
2018,07003DD000,Consejo Insular de Menorca,ingres,8,275000.00
2018,07003DV001,Inst. Menorquín de Estudios,ingres,4,620503.40
2018,07003DV001,Inst. Menorquín de Estudios,despesa,6,5000.00
2018,07003DV002,Consell Economic i Social,ingres,4,21250.00
2018,07002DO001,Agència  Protecció Legalitat Urbanística i Territorial de Mallorca,ingres,4,515000.00
2018,07010AE001,Palmanyola,despesa,3,3283.59
2018,07001MM000,Mc. Es Raiguer,despesa,1,1098646.74
2018,07006AA000,Artà,ingres,4,2276547.00
2018,07008AA000,Binissalem,despesa,5,47000.00
2018,07008AV001,P. M. d'Esports,ingres,4,1.00
2018,07010AA000,Bunyola,ingres,2,362802.06
2018,07010AA000,Bunyola,despesa,2,2342717.08
2018,07010AA000,Bunyola,despesa,6,836378.80
2018,07012AA000,Campanet,ingres,7,298740.12
2018,07012AA000,Campanet,despesa,1,918694.77
2018,07012AA000,Campanet,despesa,6,588628.32
2018,07014AA000,Capdepera,despesa,7,400000.00
2018,07016AA000,Consell,ingres,2,50000.00
2018,07016AA000,Consell,ingres,7,162465.46
2018,07016AA000,Consell,despesa,4,333423.03
2018,07016AA000,Consell,despesa,6,821661.19
2018,07018AA000,Deyá,ingres,2,60000.00
2018,07018AA000,Deyá,despesa,4,131545.00
2018,07018AA000,Deyá,despesa,6,129000.00
2018,07026AV001,P. M. Deportes,ingres,4,1909990.00
2018,07026AV002,P. M. Música,despesa,3,700.00
2018,07026AV002,P. M. Música,despesa,6,3500.00
2018,07026AV003,Museo de Arte Contemporáneo,ingres,4,262790.00
2018,07026AV003,Museo de Arte Contemporáneo,ingres,8,10.00
2018,07027AA000,Inca,ingres,2,215663.85
2018,07027AA000,Inca,despesa,7,168771.71
2018,07027AA000,Inca,despesa,8,10.00
2018,07027AV002,Res. Ancianos M. Mir,ingres,3,237833.33
2018,07027AV002,Res. Ancianos M. Mir,ingres,8,10.00
2018,07027AV002,Res. Ancianos M. Mir,despesa,2,176300.00
2018,07027AV002,Res. Ancianos M. Mir,despesa,6,17000.00
2018,07027AV005,Música Antoni Torrandell,despesa,2,248208.46
2018,07028AA000,Lloret de Vistalegre,despesa,6,255000.00
2018,07029AA000,Lloseta,ingres,9,180500.00
2018,07032AA000,Maó,ingres,4,7920360.00
2018,07032AA000,Maó,ingres,5,289900.00
2018,07032AA000,Maó,despesa,3,306893.00
2018,07032AA000,Maó,despesa,4,3965465.00
2018,07035AA000,Maria de la Salut,despesa,2,751868.58
2018,07036AA000,Marratxí,ingres,7,162465.00
2018,07036AA000,Marratxí,despesa,9,1653500.00
2018,07037AA000,Mercadal (Es),despesa,2,4199600.00
2018,07046AA000,Sant Antoni de Portmany,ingres,4,5617000.00
2018,07050AA000,Sant Joan de Labritja,ingres,7,1878750.00
2018,07050AA000,Sant Joan de Labritja,despesa,1,1407043.00
2018,07058AA000,Selva,ingres,2,250010.00
2018,07060AA000,Sineu,ingres,2,60800.00
2018,07060AA000,Sineu,despesa,1,985309.91
2018,07060AA000,Sineu,despesa,6,779473.55
2018,07014AO001,F. Castell de Capdepera,ingres,3,261000.00
2018,07040AA000,Palma,despesa,2,118106571.83
2018,07040AA000,Palma,despesa,3,10591360.85
2018,07040AA000,Palma,despesa,6,18547048.32
2018,07040AV001,Inst. M. l'Esport,despesa,8,100000.00
2018,07040AV002,P. M. d'Escoles d'Infants,ingres,8,11000.00
2018,07040AV004,P. M. l'Habitatge,despesa,3,1712.28
2018,07040AV004,P. M. l'Habitatge,despesa,4,275000.00
2018,07040AV006,Instituto Municipal Innovación  (IMI),despesa,2,2442970.08
2018,07062AA000,Son Servera,ingres,2,211285.64
2018,07062AA000,Son Servera,despesa,1,5357797.27
2018,07003AA000,Alcúdia,ingres,2,350000.00
2018,07003AV002,F. Esc. M. Música,ingres,5,10.00
2018,07003AV002,F. Esc. M. Música,despesa,6,6510.00
2018,07003AV003,Emisora Alcúdia Radio,ingres,4,163801.00
2018,07039AA000,Muro,despesa,1,3986177.94
2018,07002AA000,Alaior,ingres,7,253167.00
2018,07033AA000,Manacor,despesa,8,60100.00
2018,07033AV002,P. l'Escola M. de Mallorqui,ingres,7,4773.75
2018,07033AV002,P. l'Escola M. de Mallorqui,despesa,3,30.05
2018,07033AV003,P. M. d'Esports,despesa,2,342643.00
2018,07044AA000,Pobla (Sa),despesa,5,99084.00
2018,07044AA000,Pobla (Sa),despesa,6,887726.15
2018,07901AA000,Ariany,ingres,7,667310.00
2018,07022AV001,Ctro. Cultural,despesa,4,6300.00
2018,07024AA000,Formentera,ingres,3,5911000.00
2018,07024AA000,Formentera,despesa,1,10086500.00
2018,07038AA000,Montuïri,despesa,6,39100.00
2018,07053AA000,Santa Eugènia,despesa,6,250812.45
2018,07065AA000,Vilafranc de Bonany,ingres,7,400172.54
2018,07065AA000,Vilafranc de Bonany,despesa,5,7200.00
2018,07001AA000,Alaró,ingres,2,201100.00
2018,07001AA000,Alaró,despesa,7,52400.00
2018,07015AA000,Ciutadella de Menorca,ingres,2,453300.00
2018,07015AA000,Ciutadella de Menorca,ingres,4,7785719.03
2018,07015AA000,Ciutadella de Menorca,despesa,2,11862827.62
2018,07015AV002,Hospital Municipal,ingres,7,20000.00
2018,07023AA000,Ferreries,ingres,5,728503.00
2018,07023AA000,Ferreries,despesa,1,2122707.93
2018,07042AA000,Pollença,despesa,4,4814936.34
2018,07042AO002,Institut Municipal Radio Pollença,ingres,4,118516.29
2018,07042AO002,Institut Municipal Radio Pollença,despesa,6,9000.00
2018,07051AA000,Sant Llorenç des Cardassar,ingres,4,2070707.07
2018,07052AA000,Sant Lluís,ingres,7,1282790.00
2018,07052AA000,Sant Lluís,despesa,6,2110335.00
2018,07054AA000,Santa Eulalia del Río,ingres,2,2000260.00
2018,07054AA000,Santa Eulalia del Río,ingres,6,20.00
2018,07054AA000,Santa Eulalia del Río,ingres,8,15010.00
2018,07054AA000,Santa Eulalia del Río,ingres,9,20.00
2018,07054AA000,Santa Eulalia del Río,despesa,4,2361061.50
2018,07054AA000,Santa Eulalia del Río,despesa,5,25000.00
2018,07056AA000,Santa María del Camí,despesa,6,580468.29
2018,07057AA000,Santanyí,despesa,7,127725.00
2018,07902AA000,Migjorn Gran (Es),ingres,7,863759.31
2018,07011AA000,Calvià,despesa,1,30707449.90
2018,07001DD000,Consejo Insular de Ibiza,ingres,2,2765570.00
2018,07001DD000,Consejo Insular de Ibiza,despesa,7,9108620.34
2018,07002DD000,Consejo Insular de Mallorca,ingres,2,15638386.34
2018,07003DD000,Consejo Insular de Menorca,despesa,7,7726765.53
2018,07003DD000,Consejo Insular de Menorca,despesa,8,275000.00
2018,07003DV002,Consell Economic i Social,despesa,4,8000.00
2018,07002DO001,Agència  Protecció Legalitat Urbanística i Territorial de Mallorca,despesa,6,602557.80
2018,07002MM000,Mc. Pla de Mallorca,despesa,1,700306.20
2018,07002MM000,Mc. Pla de Mallorca,despesa,6,528700.00
2018,07002MM000,Mc. Pla de Mallorca,despesa,9,151600.00
2018,07004AA000,Algaida,despesa,1,1359078.23
2018,07006AA000,Artà,ingres,3,3647753.00
2018,07008AA000,Binissalem,despesa,3,90100.00
2018,07012AA000,Campanet,ingres,5,6200.00
2018,07013AA000,Campos,ingres,2,520200.00
2018,07013AA000,Campos,despesa,1,4282962.11
2018,07016AA000,Consell,ingres,4,995854.88
2018,07016AA000,Consell,despesa,7,37920.00
2018,07019AA000,Escorca,ingres,4,270636.00
2018,07026AA000,Eivissa,despesa,9,1314958.60
2018,07026AV001,P. M. Deportes,despesa,4,350000.00
2018,07026AV002,P. M. Música,despesa,8,10.00
2018,07027AA000,Inca,ingres,5,170530.00
2018,07027AA000,Inca,despesa,1,10092854.72
2018,07027AV001,Llar d'infants d'Inca,despesa,6,4500.00
2018,07027AV002,Res. Ancianos M. Mir,ingres,5,1450.00
2018,07027AV002,Res. Ancianos M. Mir,ingres,7,17000.00
2018,07027AV002,Res. Ancianos M. Mir,despesa,8,10.00
2018,07028AA000,Lloret de Vistalegre,ingres,2,60050.00
2018,07028AA000,Lloret de Vistalegre,ingres,4,391000.00
2018,07028AA000,Lloret de Vistalegre,despesa,4,179050.00
2018,07031AA000,Llucmajor,ingres,3,10726400.00
2018,07031AA000,Llucmajor,ingres,4,7450100.00
2018,07031AA000,Llucmajor,despesa,5,856474.39
2018,07031AA000,Llucmajor,despesa,6,1204440.79
2018,07031AA000,Llucmajor,despesa,9,4500000.00
2018,07032AA000,Maó,despesa,5,350000.00
2018,07035AA000,Maria de la Salut,ingres,5,12484.71
2018,07036AA000,Marratxí,despesa,2,7109028.37
2018,07037AA000,Mercadal (Es),ingres,4,1802400.00
2018,07037AA000,Mercadal (Es),ingres,8,15000.00
2018,07037AA000,Mercadal (Es),ingres,9,483760.00
2018,07037AA000,Mercadal (Es),despesa,1,2624250.00
2018,07048AA000,Sant Josep de sa Talaia,despesa,1,8616580.29
2018,07050AA000,Sant Joan de Labritja,ingres,3,1565183.00
2018,07055AA000,Santa Margalida,ingres,4,2556590.00
2018,07055AA000,Santa Margalida,despesa,2,7122150.00
2018,07058AA000,Selva,ingres,3,522120.00
2018,07058AA000,Selva,ingres,5,50253.69
2018,07064AA000,Castell (Es),ingres,2,100000.00
2018,07064AA000,Castell (Es),despesa,4,475787.00
2018,07014AO001,F. Castell de Capdepera,despesa,2,219000.00
2018,07005AA000,Andratx,despesa,5,100.00
2018,07040AA000,Palma,ingres,8,10574679.26
2018,07040AA000,Palma,despesa,5,10927107.71
2018,07040AV001,Inst. M. l'Esport,despesa,1,4951333.98
2018,07040AV002,P. M. d'Escoles d'Infants,ingres,5,20.00
2018,07040AV006,Instituto Municipal Innovación  (IMI),despesa,3,1000.00
2018,07040AV009,Inst. M. Form. Ocupacional i Feina,despesa,6,45050.00
2018,07040AV009,Inst. M. Form. Ocupacional i Feina,despesa,7,110000.00
2018,07062AA000,Son Servera,despesa,6,444600.00
2018,07003AA000,Alcúdia,ingres,7,1429121.95
2018,07003AV001,P. M. D'Esports,despesa,1,300826.00
2018,07039AA000,Muro,ingres,3,3617731.17
2018,07039AA000,Muro,ingres,4,1811080.99
2018,07039AA000,Muro,despesa,2,5982347.38
2018,07049AA000,Sant Joan,ingres,2,55000.00
2018,07059AA000,Salines (Ses),ingres,3,1654157.68
2018,07059AA000,Salines (Ses),ingres,7,921864.30
2018,07059AA000,Salines (Ses),despesa,3,22500.00
2018,07059AA000,Salines (Ses),despesa,7,40000.00
2018,07033AA000,Manacor,ingres,8,60000.00
2018,07033AV002,P. l'Escola M. de Mallorqui,despesa,2,79902.50
2018,07033AV003,P. M. d'Esports,ingres,4,356598.00
2018,07044AA000,Pobla (Sa),ingres,4,3341575.80
2018,07044AA000,Pobla (Sa),despesa,1,4482681.21
2018,07044AA000,Pobla (Sa),despesa,7,146990.60
2018,07901AA000,Ariany,ingres,2,135343.00
2018,07022AA000,Felanitx,despesa,2,8529270.00
2018,07024AA000,Formentera,despesa,3,21000.00
2018,07001AA000,Alaró,ingres,1,1889700.00
2018,07015AA000,Ciutadella de Menorca,ingres,5,694322.36
2018,07015AA000,Ciutadella de Menorca,despesa,5,217610.59
2018,07015AA000,Ciutadella de Menorca,despesa,7,638630.54
2018,07015AV003,P. Esc. Infantiles,despesa,6,30000.00
2018,07042AA000,Pollença,ingres,5,51000.00
2018,07042AO003,Residencia Social,ingres,3,360010.00
2018,07042AO003,Residencia Social,ingres,4,484568.11
2018,07042AO003,Residencia Social,despesa,6,4450.00
2018,07043AA000,Porreres,ingres,2,201000.00
2018,07051AA000,Sant Llorenç des Cardassar,despesa,1,5084157.30
2018,07051AA000,Sant Llorenç des Cardassar,despesa,5,95411.56
2018,07052AA000,Sant Lluís,ingres,2,450000.00
2018,07052AA000,Sant Lluís,despesa,1,4715325.78
2018,07056AA000,Santa María del Camí,ingres,1,2154578.33
2018,07056AA000,Santa María del Camí,ingres,5,100.00
2018,07056AA000,Santa María del Camí,despesa,1,2158952.20
2018,07057AA000,Santanyí,ingres,7,799392.15
2018,07902AA000,Migjorn Gran (Es),ingres,1,1148040.88
2018,07011AO001,"Inst. M. de Educación y Bibliotecas, IMEB -Calvià",ingres,3,1444308.49
2018,07011AO001,"Inst. M. de Educación y Bibliotecas, IMEB -Calvià",ingres,8,22000.00
2018,07001DD000,Consejo Insular de Ibiza,despesa,2,24154685.29
2018,07002DD000,Consejo Insular de Mallorca,ingres,3,9470121.00
2018,07002DD000,Consejo Insular de Mallorca,ingres,5,2756967.22
2018,07002DD000,Consejo Insular de Mallorca,ingres,9,12500000.00
2018,07002DD000,Consejo Insular de Mallorca,despesa,1,67229135.94
2018,07002DD000,Consejo Insular de Mallorca,despesa,6,69669376.53
2018,07002DV001,Inst. l'Esport Hipic,ingres,3,276000.00
2018,07002DV001,Inst. l'Esport Hipic,ingres,8,5000.00
2018,07002DV003,Inst.  Mallorquí d'Afers Socials,ingres,7,7477520.41
2018,07003DV001,Inst. Menorquín de Estudios,despesa,1,356144.23
2018,07010AE001,Palmanyola,ingres,3,28000.00
2018,07010AE001,Palmanyola,ingres,4,534940.71
2018,07010AE001,Palmanyola,despesa,1,276368.30
2018,07001MM000,Mc. Es Raiguer,ingres,4,2790393.94
2018,07003MM000,Mc. Migjorn de Mallorca,ingres,3,1222553.89
2018,07006AA000,Artà,ingres,5,28500.00
2018,07006AA000,Artà,despesa,6,1404499.35
2018,07006AA000,Artà,despesa,7,1.00
2018,07008AA000,Binissalem,ingres,4,1894000.00
2018,07010AA000,Bunyola,ingres,1,2527148.19
2018,07013AA000,Campos,ingres,1,4623737.35
2018,07013AA000,Campos,despesa,7,100000.00
2018,07019AA000,Escorca,despesa,1,476931.00
2018,07019AA000,Escorca,despesa,6,736162.00
2018,07026AV001,P. M. Deportes,ingres,3,390000.00
2018,07026AV002,P. M. Música,despesa,1,396113.20
2018,07026AV002,P. M. Música,despesa,2,228676.80
2018,07027AA000,Inca,despesa,3,85996.60
2018,07027AA000,Inca,despesa,6,775125.20
2018,07028AA000,Lloret de Vistalegre,ingres,1,416000.00
2018,07028AA000,Lloret de Vistalegre,despesa,1,500150.00
2018,07029AA000,Lloseta,despesa,2,2013983.30
2018,07031AV001,P. Res. Personas Mayores,ingres,4,776684.06
2018,07031AV002,P. Molí d'En Gaspar,despesa,2,1
2018,07032AA000,Maó,ingres,8,60000.00
2018,07035AA000,Maria de la Salut,ingres,7,425953.07
2018,07036AA000,Marratxí,ingres,1,14756000.00
2018,07036AA000,Marratxí,ingres,3,7256051.00
2018,07037AA000,Mercadal (Es),ingres,7,1273990.00
2018,07037AA000,Mercadal (Es),despesa,6,2835400.00
2018,07045AA000,Puigpunyent,despesa,9,186118.60
2018,07046AA000,Sant Antoni de Portmany,ingres,2,700000.00
2018,07046AA000,Sant Antoni de Portmany,despesa,4,2278131.95
2018,07046AA000,Sant Antoni de Portmany,despesa,5,105681.00
2018,07048AA000,Sant Josep de sa Talaia,ingres,2,1600000.00
2018,07050AA000,Sant Joan de Labritja,despesa,2,3236880.00
2018,07050AA000,Sant Joan de Labritja,despesa,3,12100.00
2018,07060AA000,Sineu,ingres,3,428177.16
2018,07060AA000,Sineu,despesa,4,80511.77
2018,07063AA000,Valldemossa,ingres,5,128300.00
2018,07063AA000,Valldemossa,despesa,3,22822.28
2018,07063AA000,Valldemossa,despesa,4,227204.94
2018,07063AA000,Valldemossa,despesa,6,567077.87
2018,07064AA000,Castell (Es),ingres,5,7700.00
2018,07014AO001,F. Castell de Capdepera,ingres,5,500.00
2018,07014AO001,F. Castell de Capdepera,despesa,1,95273.30
2018,07005AA000,Andratx,ingres,3,5717152.78
2018,07040AV001,Inst. M. l'Esport,despesa,2,10491334.92
2018,07040AV004,P. M. l'Habitatge,ingres,5,750000.00
2018,07040AV004,P. M. l'Habitatge,ingres,8,93000.00
2018,07040AV004,P. M. l'Habitatge,despesa,9,78526.00
2018,07040AV006,Instituto Municipal Innovación  (IMI),ingres,7,908944.58
2018,07040AV006,Instituto Municipal Innovación  (IMI),despesa,8,60000.00
2018,07062AA000,Son Servera,ingres,8,60000.00
2018,07062AA000,Son Servera,despesa,9,1615843.77
2018,07003AA000,Alcúdia,despesa,7,232529.50
2018,07003AV001,P. M. D'Esports,despesa,2,464035.00
2018,07003AV002,F. Esc. M. Música,ingres,3,73000.00
2018,07039AA000,Muro,ingres,1,4501666.66
2018,07049AA000,Sant Joan,ingres,5,32170.00
2018,07059AA000,Salines (Ses),ingres,5,206800.00
2018,07002AA000,Alaior,ingres,3,1945638.60
2018,07002AA000,Alaior,despesa,1,4128345.52
2018,07002AA000,Alaior,despesa,9,742394.44
2018,07033AA000,Manacor,despesa,2,16832375.00
2018,07033AV003,P. M. d'Esports,ingres,3,8745.00
2018,07033AV003,P. M. d'Esports,ingres,7,150000.00
2018,07901AA000,Ariany,ingres,4,228260.46
2018,07901AA000,Ariany,ingres,5,20.00
2018,07901AA000,Ariany,despesa,6,795953.00
2018,07022AA000,Felanitx,ingres,1,8488849.00
2018,07024AV001,P. M. Turismo,ingres,4,1.00
2018,07065AA000,Vilafranc de Bonany,ingres,4,770900.00
2018,07065AA000,Vilafranc de Bonany,despesa,1,383269.21
2018,07065AA000,Vilafranc de Bonany,despesa,2,542591.61
2018,07065AA000,Vilafranc de Bonany,despesa,4,721363.02
2018,07001AA000,Alaró,despesa,9,275100.00
2018,07015AA000,Ciutadella de Menorca,despesa,1,10898202.54
2018,07023AA000,Ferreries,ingres,4,1828186.84
2018,07042AA000,Pollença,despesa,2,7951522.35
2018,07043AA000,Porreres,despesa,5,17609.92
2018,07051AA000,Sant Llorenç des Cardassar,ingres,2,652000.00
2018,07051AA000,Sant Llorenç des Cardassar,despesa,4,5524305.57
2018,07052AA000,Sant Lluís,despesa,3,301500.00
2018,07052AA000,Sant Lluís,despesa,7,297000.00
2018,07056AV001,P. Res. Pers. Majors. Cas Metge Rei,despesa,2,178839.60
2018,07056AV001,P. Res. Pers. Majors. Cas Metge Rei,despesa,3,200.00
2018,07011AA000,Calvià,despesa,3,959990.00
2018,07002DD000,Consejo Insular de Mallorca,ingres,1,14036060.27
2018,07002DV001,Inst. l'Esport Hipic,ingres,7,990000.00
2018,07003DD000,Consejo Insular de Menorca,despesa,5,300000.00
2018,07003DV001,Inst. Menorquín de Estudios,ingres,3,88000.00
2018,07003DV001,Inst. Menorquín de Estudios,despesa,4,33100.00
2018,07002DO001,Agència  Protecció Legalitat Urbanística i Territorial de Mallorca,despesa,8,6000.00
2018,07002MM000,Mc. Pla de Mallorca,ingres,3,1232500.00
2018,07004AA000,Algaida,ingres,1,1875619.20
2018,07004AA000,Algaida,despesa,6,361980.43
2018,07009AA000,Búger,ingres,1,376000.00
2018,07009AA000,Búger,ingres,2,65000.00
2018,07009AA000,Búger,ingres,4,443988.27
2018,07009AA000,Búger,despesa,1,460660.00
2018,07010AA000,Bunyola,despesa,5,58778.80
2018,07012AA000,Campanet,ingres,2,120000.00
2018,07012AA000,Campanet,despesa,4,301492.37
2018,07013AA000,Campos,despesa,3,6000.00
2018,07014AA000,Capdepera,ingres,2,655000.00
2018,07014AA000,Capdepera,ingres,7,578300.00
2018,07016AA000,Consell,ingres,5,32117.30
2018,07019AA000,Escorca,ingres,1,401600.00
2018,07019AA000,Escorca,ingres,3,356332.00
2018,07026AA000,Eivissa,ingres,7,316116.81
2018,07026AV001,P. M. Deportes,despesa,1,1131442.53
2018,07026AV002,P. M. Música,ingres,7,3500.00
2018,07026AV003,Museo de Arte Contemporáneo,ingres,7,13200.00
2018,07027AV001,Llar d'infants d'Inca,despesa,2,88630.00
2018,07027AV005,Música Antoni Torrandell,ingres,3,79369.27
2018,07031AA000,Llucmajor,ingres,1,19220000.00
2018,07031AA000,Llucmajor,despesa,1,16739792.88
2018,07031AA000,Llucmajor,despesa,7,307472.67
2018,07031AV001,P. Res. Personas Mayores,ingres,8,6000.00
2018,07031AV001,P. Res. Personas Mayores,despesa,3,1000.00
2018,07031AV002,P. Molí d'En Gaspar,ingres,4,1
2018,07032AA000,Maó,despesa,6,3114616.00
2018,07032AA000,Maó,despesa,7,1195347.00
2018,07032AA000,Maó,despesa,8,60000.00
2018,07032AA000,Maó,despesa,9,1483058.00
2018,07035AA000,Maria de la Salut,ingres,1,651827.34
2018,07035AA000,Maria de la Salut,despesa,3,2700.00
2018,07036AA000,Marratxí,ingres,5,256600.00
2018,07037AA000,Mercadal (Es),despesa,4,852545.00
2018,07046AA000,Sant Antoni de Portmany,ingres,5,500.00
2018,07046AA000,Sant Antoni de Portmany,despesa,3,526538.07
2018,07048AA000,Sant Josep de sa Talaia,despesa,2,15038738.32
2018,07050AA000,Sant Joan de Labritja,ingres,2,201067.00
2018,07060AA000,Sineu,despesa,2,1061706.18
2018,07060AA000,Sineu,despesa,5,25000.00
2018,07061AA000,Sóller,ingres,6,659903.96
2018,07061AA000,Sóller,despesa,2,7527999.05
2018,07063AA000,Valldemossa,ingres,7,255500.00
2018,07064AA000,Castell (Es),ingres,4,1947741.00
2018,07040AA000,Palma,despesa,8,1200000.00
2018,07040AV001,Inst. M. l'Esport,ingres,7,2280000.00
2018,07040AV006,Instituto Municipal Innovación  (IMI),ingres,8,60000.00
2018,07003AA000,Alcúdia,ingres,5,2018189.00
2018,07003AV002,F. Esc. M. Música,despesa,1,72300.00
2018,07039AA000,Muro,ingres,7,336905.52
2018,07039AA000,Muro,despesa,3,600.00
2018,07039AA000,Muro,despesa,6,959453.22
2018,07049AA000,Sant Joan,despesa,3,5410.00
2018,07002AA000,Alaior,ingres,8,10000.00
2018,07033AA000,Manacor,ingres,3,7537530.91
2018,07033AA000,Manacor,despesa,9,1.00
2018,07033AV002,P. l'Escola M. de Mallorqui,ingres,5,6.01
2018,07901AA000,Ariany,despesa,3,510.00
2018,07022AV001,Ctro. Cultural,ingres,4,126600.00
2018,07024AA000,Formentera,ingres,2,375000.00
2018,07053AA000,Santa Eugènia,ingres,5,11089.77
2018,07001AA000,Alaró,ingres,3,798800.00
2018,07001AA000,Alaró,ingres,5,41700.00
2018,07001AA000,Alaró,despesa,1,2096273.00
2018,07015AA000,Ciutadella de Menorca,despesa,4,4496173.16
2018,07015AV002,Hospital Municipal,ingres,4,1830300.00
2018,07015AV002,Hospital Municipal,ingres,5,90000.00
2018,07023AA000,Ferreries,ingres,7,1360296.58
2018,07042AO002,Institut Municipal Radio Pollença,ingres,3,2000.00
2018,07043AA000,Porreres,ingres,4,1331073.32
2018,07051AA000,Sant Llorenç des Cardassar,ingres,1,8600000.00
2018,07051AA000,Sant Llorenç des Cardassar,ingres,5,554000.00
2018,07051AA000,Sant Llorenç des Cardassar,despesa,7,509513.49
2018,07052AA000,Sant Lluís,despesa,9,872800.00
2018,07054AA000,Santa Eulalia del Río,ingres,4,7788792.48
2018,07054AA000,Santa Eulalia del Río,despesa,2,18099442.30
2018,07054AA000,Santa Eulalia del Río,despesa,8,95010.00
2018,07054AA000,Santa Eulalia del Río,despesa,9,1657658.30
2018,07902AA000,Migjorn Gran (Es),despesa,1,1025894.18
2018,07011AO001,"Inst. M. de Educación y Bibliotecas, IMEB -Calvià",despesa,2,1999282.76
2018,07011AA000,Calvià,ingres,1,51685000.00
2018,07001DV003,P. Esc. Turismo,ingres,3,109990.00
2018,07001DV003,P. Esc. Turismo,despesa,5,5000.00
2018,07002DD000,Consejo Insular de Mallorca,ingres,4,323695028.27
2018,07002DV001,Inst. l'Esport Hipic,ingres,4,2432400.00
2018,07002DV001,Inst. l'Esport Hipic,ingres,5,339874.86
2018,07002DV003,Inst.  Mallorquí d'Afers Socials,ingres,3,6075480.85
2018,07002DV003,Inst.  Mallorquí d'Afers Socials,despesa,4,25595329.79
2018,07003DD000,Consejo Insular de Menorca,despesa,3,706910.13
2018,07003DD000,Consejo Insular de Menorca,despesa,4,20683941.90
2018,07010AE001,Palmanyola,despesa,2,291898.82
2018,07010AE001,Palmanyola,despesa,9,7290.00
2018,07002MM000,Mc. Pla de Mallorca,despesa,3,30000.00
2018,07002MM000,Mc. Pla de Mallorca,despesa,4,205402.21
2018,07001MM000,Mc. Es Raiguer,despesa,6,23700.00
2018,07003MM000,Mc. Migjorn de Mallorca,despesa,3,2500.00
2018,07004AA000,Algaida,ingres,2,97100.00
2018,07006AA000,Artà,despesa,1,4681208.60
2018,07009AA000,Búger,ingres,7,240000.00
2018,07013AA000,Campos,ingres,3,3859200.00
2018,07013AA000,Campos,ingres,5,715400.00
2018,07013AA000,Campos,despesa,6,570150.00
2018,07018AA000,Deyá,ingres,4,408550.00
2018,07018AA000,Deyá,despesa,1,607049.84
2018,07018AA000,Deyá,despesa,2,969381.28
2018,07019AA000,Escorca,ingres,2,15006.00
2018,07026AA000,Eivissa,despesa,6,5553618.06
2018,07026AA000,Eivissa,despesa,8,10.00
2018,07026AV002,P. M. Música,ingres,4,579980.00
2018,07026AV003,Museo de Arte Contemporáneo,despesa,1,178140.01
2018,07027AA000,Inca,ingres,8,10.00
2018,07027AA000,Inca,despesa,2,11917768.43
2018,07029AA000,Lloseta,ingres,3,1482596.18
2018,07031AA000,Llucmajor,ingres,7,162500.00
2018,07031AV001,P. Res. Personas Mayores,ingres,5,100.00
2018,07031AV001,P. Res. Personas Mayores,despesa,2,158100.00
2018,07031AV001,P. Res. Personas Mayores,despesa,8,6000.00
2018,07035AA000,Maria de la Salut,despesa,9,58000.00
2018,07036AA000,Marratxí,ingres,4,8384884.00
2018,07037AA000,Mercadal (Es),ingres,1,5051000.00
2018,07037AA000,Mercadal (Es),ingres,3,1935300.00
2018,07037AA000,Mercadal (Es),ingres,5,371100.00
2018,07045AA000,Puigpunyent,ingres,1,1249086.12
2018,07045AA000,Puigpunyent,ingres,4,616443.98
2018,07048AA000,Sant Josep de sa Talaia,ingres,7,750000.00
2018,07048AA000,Sant Josep de sa Talaia,despesa,3,20611.85
2018,07050AA000,Sant Joan de Labritja,despesa,6,2567500.00
2018,07058AA000,Selva,despesa,3,1569.96
2018,07060AA000,Sineu,despesa,3,2530.00
2018,07064AA000,Castell (Es),despesa,1,3289896.17
2018,07064AA000,Castell (Es),despesa,6,2700500.00
2018,07036AO001,Institut Municipal Comunicació,despesa,2,122920.00
2018,07005AA000,Andratx,ingres,5,404600.00
2018,07005AA000,Andratx,despesa,8,10000.00
2018,07040AV001,Inst. M. l'Esport,ingres,3,4454258.24
2018,07040AV009,Inst. M. Form. Ocupacional i Feina,despesa,4,53404.00
2018,07003AV001,P. M. D'Esports,ingres,4,665541.00
2018,07003AV003,Emisora Alcúdia Radio,ingres,7,1583.00
2018,07003AV003,Emisora Alcúdia Radio,despesa,2,20667.00
2018,07059AA000,Salines (Ses),despesa,2,2717068.00
2018,07002AA000,Alaior,ingres,5,593403.80
2018,07033AA000,Manacor,ingres,1,16651085.97
2018,07033AA000,Manacor,ingres,7,3.00
2018,07033AO001,Institut Públic del Teatre Municipal,ingres,4,170000.00
2018,07033AO002,Institució Pública Antoni M. Alcover,ingres,4,69000.00
2018,07044AA000,Pobla (Sa),ingres,1,4644235.08
2018,07044AA000,Pobla (Sa),ingres,7,207180.80
2018,07022AA000,Felanitx,ingres,2,403000.00
2018,07022AA000,Felanitx,despesa,3,38150.00
2018,07022AA000,Felanitx,despesa,4,920100.00
2018,07024AA000,Formentera,ingres,4,12433000.00
2018,07024AA000,Formentera,ingres,7,1969000.00
2018,07038AA000,Montuïri,ingres,4,669000.00
2018,07038AA000,Montuïri,ingres,5,100.00
2018,07038AA000,Montuïri,ingres,7,66700.00
2018,07053AA000,Santa Eugènia,ingres,1,590681.88
2018,07053AA000,Santa Eugènia,ingres,7,150000.00
2018,07015AV003,P. Esc. Infantiles,ingres,3,215000.00
2018,07042AA000,Pollença,ingres,2,1000040.00
2018,07043AA000,Porreres,ingres,7,335249.60
2018,07011AO001,"Inst. M. de Educación y Bibliotecas, IMEB -Calvià",ingres,5,5100.00
2018,07011AO001,"Inst. M. de Educación y Bibliotecas, IMEB -Calvià",despesa,4,245000.00
2018,07011AA000,Calvià,despesa,4,25183665.39
2018,07001DD000,Consejo Insular de Ibiza,ingres,3,6277164.07
2018,07001DD000,Consejo Insular de Ibiza,despesa,1,28519388.54
2018,07001DV003,P. Esc. Turismo,ingres,5,10.00
2018,07002DD000,Consejo Insular de Mallorca,despesa,8,100000.00
2018,07002DV001,Inst. l'Esport Hipic,despesa,1,1121002.47
2018,07002DV001,Inst. l'Esport Hipic,despesa,2,827272.39
2018,07002DV003,Inst.  Mallorquí d'Afers Socials,ingres,5,28519.81
2018,07003DD000,Consejo Insular de Menorca,despesa,9,4540210.64
2018,07003DV002,Consell Economic i Social,despesa,2,13250.00
2018,07002DO001,Agència  Protecció Legalitat Urbanística i Territorial de Mallorca,ingres,8,6000.00
2018,07002DO001,Agència  Protecció Legalitat Urbanística i Territorial de Mallorca,despesa,1,2841361.29
2018,07010AE001,Palmanyola,ingres,5,15900.00
2019,07004AA000,Algaida,despesa,1,1548609.74
2019,07006AA000,Artà,ingres,3,3500000.00
2019,07008AA000,Binissalem,despesa,3,52000.00
2019,07012AA000,Campanet,ingres,5,6200.00
2019,07013AA000,Campos,ingres,2,972700.00
2019,07013AA000,Campos,despesa,1,4533185.45
2019,07016AA000,Consell,ingres,4,1098374.24
2019,07016AA000,Consell,despesa,7,37920.00
2019,07022AA000,Felanitx,despesa,2,8594260.61
2019,07024AA000,Formentera,despesa,3,15000.00
2019,07027AA000,Inca,ingres,5,166530.00
2019,07027AA000,Inca,despesa,1,10258611.43
2019,07027AV001,Llar d'infants d'Inca,despesa,6,4500.00
2019,07028AA000,Lloret de Vistalegre,ingres,2,42700.00
2019,07028AA000,Lloret de Vistalegre,ingres,4,450613.67
2019,07028AA000,Lloret de Vistalegre,despesa,4,18999.08
2019,07031AA000,Llucmajor,ingres,3,10723500.00
2019,07031AA000,Llucmajor,ingres,4,7854100.00
2019,07031AA000,Llucmajor,despesa,5,858521.66
2019,07031AA000,Llucmajor,despesa,6,1609045.87
2019,07031AA000,Llucmajor,despesa,9,505000.00
2019,07035AA000,Maria de la Salut,ingres,5,15565.87
2019,07036AA000,Marratxí,despesa,2,6995558.07
2019,07037AA000,Mercadal (Es),ingres,4,1600350.00
2019,07037AA000,Mercadal (Es),ingres,8,15000.00
2019,07037AA000,Mercadal (Es),ingres,9,399100.00
2019,07037AA000,Mercadal (Es),despesa,1,2746335.00
2019,07037AA000,Mercadal (Es),despesa,5,25000.00
2019,07050AA000,Sant Joan de Labritja,ingres,3,1863506.02
2019,07055AA000,Santa Margalida,ingres,4,2625590.00
2019,07055AA000,Santa Margalida,despesa,2,7097010.00
2019,07058AA000,Selva,ingres,3,523940.00
2019,07058AA000,Selva,ingres,5,47452.85
2019,07064AA000,Castell (Es),ingres,2,140000.00
2019,07064AA000,Castell (Es),despesa,4,487979.00
2019,07005AA000,Andratx,despesa,5,100.00
2019,07040AA000,Palma,ingres,8,3350000.00
2019,07040AA000,Palma,despesa,5,6284764.30
2019,07040AV001,Inst. M. l'Esport,despesa,1,5147665.81
2019,07040AV002,P. M. d'Escoles d'Infants,ingres,5,20.00
2019,07040AV006,Instituto Municipal Innovación  (IMI),despesa,3,101000.00
2019,07040AV009,Inst. M. Form. Ocupacional i Feina,despesa,6,32050.00
2019,07040AV009,Inst. M. Form. Ocupacional i Feina,despesa,7,100000.00
2019,07062AA000,Son Servera,despesa,6,749393.63
2019,07003AA000,Alcúdia,ingres,7,1482498.88
2019,07003AV001,P. M. D'Esports,despesa,1,313003.00
2019,07039AA000,Muro,ingres,3,3610227.46
2019,07039AA000,Muro,ingres,4,1870684.61
2019,07039AA000,Muro,despesa,2,5894685.74
2019,07059AA000,Salines (Ses),ingres,3,1689045.15
2019,07059AA000,Salines (Ses),ingres,7,198100.00
2019,07059AA000,Salines (Ses),despesa,3,19500.00
2019,07059AA000,Salines (Ses),despesa,7,81124.88
2019,07026AV001,P. M. Deportes,despesa,4,350000.00
2019,07026AV002,P. M. Música,despesa,8,10.00
2019,07032AA000,Maó,despesa,5,150000.00
2019,07014AO001,F. Castell de Capdepera,despesa,2,219000.00
2019,07011AO001,"Inst. M. de Educación y Bibliotecas, IMEB -Calvià",ingres,3,1444308.49
2019,07011AO001,"Inst. M. de Educación y Bibliotecas, IMEB -Calvià",ingres,8,22000.00
2019,07033AA000,Manacor,ingres,8,60000.00
2019,07033AV002,P. l'Escola M. de Mallorqui,despesa,2,82170.00
2019,07033AV003,P. M. d'Esports,ingres,4,297398.00
2019,07044AA000,Pobla (Sa),ingres,4,3627131.20
2019,07044AA000,Pobla (Sa),despesa,1,4814041.02
2019,07044AA000,Pobla (Sa),despesa,7,49767.60
2019,07901AA000,Ariany,ingres,2,50000.00
2019,07011AO002,Oficina Municipal de Tributos de Calvià,ingres,3,120000.00
2019,07001AA000,Alaró,ingres,1,1890000.00
2019,07015AA000,Ciutadella de Menorca,ingres,5,679260.84
2019,07015AA000,Ciutadella de Menorca,despesa,5,358084.87
2019,07015AA000,Ciutadella de Menorca,despesa,7,660071.44
2019,07015AV003,P. Esc. Infantiles,despesa,6,30000.00
2019,07042AA000,Pollença,ingres,5,51000.00
2019,07043AA000,Porreres,ingres,2,171000.00
2019,07051AA000,Sant Llorenç des Cardassar,despesa,1,5411239.50
2019,07051AA000,Sant Llorenç des Cardassar,despesa,5,148319.35
2019,07052AA000,Sant Lluís,ingres,2,450000.00
2019,07052AA000,Sant Lluís,despesa,1,4519351.66
2019,07056AA000,Santa María del Camí,ingres,1,2241548.33
2019,07056AA000,Santa María del Camí,ingres,5,100.00
2019,07056AA000,Santa María del Camí,despesa,1,2551929.59
2019,07057AA000,Santanyí,ingres,7,325970.36
2019,07902AA000,Migjorn Gran (Es),ingres,1,1078000.00
2019,07001DD000,Consejo Insular de Ibiza,despesa,2,22884099.63
2019,07002DD000,Consejo Insular de Mallorca,ingres,3,15673291.51
2019,07002DD000,Consejo Insular de Mallorca,ingres,5,1952201.87
2019,07002DD000,Consejo Insular de Mallorca,despesa,1,73506331.07
2019,07002DD000,Consejo Insular de Mallorca,despesa,6,92366548.69
2019,07002DV001,Inst. l'Esport Hipic,ingres,3,272500.00
2019,07002DV001,Inst. l'Esport Hipic,ingres,8,5000.00
2019,07002DV003,Inst.  Mallorquí d'Afers Socials,ingres,7,768500.00
2019,07003DV001,Inst. Menorquín de Estudios,despesa,1,438186.11
2019,07010AE001,Palmanyola,ingres,3,28000.00
2019,07010AE001,Palmanyola,ingres,4,582887.22
2019,07010AE001,Palmanyola,despesa,1,282074.72
2019,07001MM000,Mc. Es Raiguer,ingres,4,2658944.07
2019,07003MM000,Mc. Migjorn de Mallorca,ingres,3,1282554.59
2019,07006AA000,Artà,ingres,5,25749.69
2019,07006AA000,Artà,despesa,6,2084297.74
2019,07006AA000,Artà,despesa,7,1.00
2019,07008AA000,Binissalem,ingres,4,2029000.00
2019,07010AA000,Bunyola,ingres,1,2647309.19
2019,07013AA000,Campos,ingres,1,4967722.10
2019,07013AA000,Campos,despesa,7,100000.00
2019,07022AA000,Felanitx,ingres,1,8808396.52
2019,07027AA000,Inca,despesa,3,16776.25
2019,07027AA000,Inca,despesa,6,1452326.66
2019,07028AA000,Lloret de Vistalegre,ingres,1,397978.08
2019,07028AA000,Lloret de Vistalegre,despesa,1,492328.88
2019,07029AA000,Lloseta,despesa,2,2023197.28
2019,07031AV001,P. Res. Personas Mayores,ingres,4,946969.66
2019,07031AV002,P. Molí d'En Gaspar,despesa,2,1.00
2019,07035AA000,Maria de la Salut,ingres,7,260750.00
2019,07036AA000,Marratxí,ingres,1,14691000.00
2019,07036AA000,Marratxí,ingres,3,7206371.00
2019,07037AA000,Mercadal (Es),ingres,7,349500.00
2019,07037AA000,Mercadal (Es),despesa,6,1615150.00
2019,07045AA000,Puigpunyent,despesa,9,188511.05
2019,07046AA000,Sant Antoni de Portmany,ingres,2,600000.00
2019,07046AA000,Sant Antoni de Portmany,despesa,4,1607862.60
2019,07046AA000,Sant Antoni de Portmany,despesa,5,130724.97
2019,07050AA000,Sant Joan de Labritja,despesa,2,3502980.00
2019,07050AA000,Sant Joan de Labritja,despesa,3,6100.00
2019,07063AA000,Valldemossa,ingres,5,103300.00
2019,07063AA000,Valldemossa,despesa,3,20723.92
2019,07063AA000,Valldemossa,despesa,4,227710.54
2019,07063AA000,Valldemossa,despesa,6,532188.92
2019,07064AA000,Castell (Es),ingres,5,7700.00
2019,07065AA000,Vilafranc de Bonany,ingres,4,775200.00
2019,07065AA000,Vilafranc de Bonany,despesa,1,402020.53
2019,07065AA000,Vilafranc de Bonany,despesa,2,651216.45
2019,07065AA000,Vilafranc de Bonany,despesa,4,793229.80
2019,07005AA000,Andratx,ingres,3,5264230.00
2019,07040AV001,Inst. M. l'Esport,despesa,2,10266895.58
2019,07040AV004,P. M. l'Habitatge,ingres,5,540000.00
2019,07040AV004,P. M. l'Habitatge,ingres,8,93000.00
2019,07040AV004,P. M. l'Habitatge,despesa,9,78526.00
2019,07040AV006,Instituto Municipal Innovación  (IMI),ingres,7,821508.27
2019,07040AV006,Instituto Municipal Innovación  (IMI),despesa,8,60000.00
2019,07062AA000,Son Servera,ingres,8,60000.00
2019,07062AA000,Son Servera,despesa,9,1737267.29
2019,07003AA000,Alcúdia,despesa,7,142696.00
2019,07003AV001,P. M. D'Esports,despesa,2,542820.00
2019,07003AV002,F. Esc. M. Música,ingres,3,73000.00
2019,07039AA000,Muro,ingres,1,4480070.99
2019,07059AA000,Salines (Ses),ingres,5,205800.00
2019,07026AV001,P. M. Deportes,ingres,3,390000.00
2019,07026AV002,P. M. Música,despesa,1,407729.33
2019,07026AV002,P. M. Música,despesa,2,234060.67
2019,07032AA000,Maó,ingres,8,60000.00
2019,07014AO001,F. Castell de Capdepera,ingres,5,500.00
2019,07014AO001,F. Castell de Capdepera,despesa,1,96940.59
2019,07002AA000,Alaior,ingres,3,2053762.71
2019,07002AA000,Alaior,despesa,1,4214256.89
2019,07002AA000,Alaior,despesa,9,781965.51
2019,07011AA000,Calvià,despesa,3,959990.00
2019,07033AA000,Manacor,despesa,2,18614240.42
2019,07033AV003,P. M. d'Esports,ingres,3,8745.00
2019,07033AV003,P. M. d'Esports,ingres,7,409200.00
2019,07901AA000,Ariany,ingres,4,321975.48
2019,07901AA000,Ariany,ingres,5,20.00
2019,07901AA000,Ariany,despesa,6,271546.01
2019,07011AO002,Oficina Municipal de Tributos de Calvià,ingres,4,1390000.00
2019,07011AO002,Oficina Municipal de Tributos de Calvià,despesa,1,1150000.00
2019,07001AA000,Alaró,despesa,9,70500.00
2019,07015AA000,Ciutadella de Menorca,despesa,1,11150329.05
2019,07015AV002,Hospital Municipal,despesa,5,98935.00
2019,07015AV003,P. Esc. Infantiles,despesa,5,9183.85
2019,07023AA000,Ferreries,ingres,4,1808233.78
2019,07042AA000,Pollença,despesa,2,8814969.13
2019,07043AA000,Porreres,despesa,5,18419.19
2019,07051AA000,Sant Llorenç des Cardassar,ingres,2,802000.00
2019,07051AA000,Sant Llorenç des Cardassar,despesa,4,5551208.71
2019,07052AA000,Sant Lluís,despesa,3,301500.00
2019,07052AA000,Sant Lluís,despesa,7,22000.00
2019,07056AV001,P. Res. Pers. Majors. Cas Metge Rei,despesa,2,181975.55
2019,07056AV001,P. Res. Pers. Majors. Cas Metge Rei,despesa,3,200.00
2019,07002DD000,Consejo Insular de Mallorca,ingres,1,14376930.22
2019,07002DV001,Inst. l'Esport Hipic,ingres,7,447000.00
2019,07003DD000,Consejo Insular de Menorca,despesa,5,300000.00
2019,07003DV001,Inst. Menorquín de Estudios,ingres,3,85000.00
2019,07003DV001,Inst. Menorquín de Estudios,despesa,4,33100.00
2019,07002DO001,Agència  Protecció Legalitat Urbanística i Territorial de Mallorca,despesa,8,6000.00
2019,07002MM000,Mc. Pla de Mallorca,ingres,3,1196000.00
2019,07004AA000,Algaida,ingres,1,1878309.13
2019,07004AA000,Algaida,despesa,6,225139.49
2019,07010AA000,Bunyola,despesa,5,63937.11
2019,07012AA000,Campanet,ingres,2,200000.00
2019,07012AA000,Campanet,despesa,4,271562.73
2019,07013AA000,Campos,despesa,3,5000.00
2019,07016AA000,Consell,ingres,5,32059.64
2019,07022AV001,Ctro. Cultural,ingres,4,130000.00
2019,07024AA000,Formentera,ingres,2,260000.00
2019,07027AV001,Llar d'infants d'Inca,despesa,2,88630.00
2019,07027AV002,Res. Ancianos M. Mir,despesa,4,278287.08
2019,07027AV005,Música Antoni Torrandell,ingres,3,79369.27
2019,07031AA000,Llucmajor,ingres,1,20140000.00
2019,07031AA000,Llucmajor,despesa,1,20766081.97
2019,07031AA000,Llucmajor,despesa,7,353945.32
2019,07031AV001,P. Res. Personas Mayores,ingres,8,3000.00
2019,07031AV001,P. Res. Personas Mayores,despesa,3,1000.00
2019,07031AV002,P. Molí d'En Gaspar,ingres,4,1.00
2019,07035AA000,Maria de la Salut,ingres,1,618500.00
2019,07035AA000,Maria de la Salut,despesa,3,2849.94
2019,07036AA000,Marratxí,ingres,5,257000.00
2019,07037AA000,Mercadal (Es),despesa,4,788735.00
2019,07046AA000,Sant Antoni de Portmany,ingres,5,500.00
2019,07046AA000,Sant Antoni de Portmany,despesa,3,85000.00
2019,07050AA000,Sant Joan de Labritja,ingres,2,201067.00
2019,07053AA000,Santa Eugènia,ingres,5,11089.77
2019,07061AA000,Sóller,despesa,2,5514956.40
2019,07063AA000,Valldemossa,ingres,7,256905.00
2019,07064AA000,Castell (Es),ingres,4,2100341.00
2019,07040AA000,Palma,despesa,8,1200000.00
2019,07040AV001,Inst. M. l'Esport,ingres,7,1932062.31
2019,07040AV006,Instituto Municipal Innovación  (IMI),ingres,8,60000.00
2019,07003AA000,Alcúdia,ingres,5,2034022.00
2019,07003AV002,F. Esc. M. Música,despesa,1,76710.00
2019,07039AA000,Muro,ingres,7,373646.01
2019,07039AA000,Muro,despesa,3,8000.00
2019,07039AA000,Muro,despesa,6,1766612.08
2019,07014AA000,Capdepera,ingres,2,655000.00
2019,07026AA000,Eivissa,ingres,7,2348010.85
2019,07026AV001,P. M. Deportes,despesa,1,1158377.69
2019,07026AV002,P. M. Música,ingres,7,3500.00
2019,07026AV003,Museo de Arte Contemporáneo,ingres,7,13200.00
2019,07032AA000,Maó,despesa,6,3053200.00
2019,07032AA000,Maó,despesa,7,1462047.00
2019,07032AA000,Maó,despesa,8,60000.00
2019,07032AA000,Maó,despesa,9,1489654.00
2019,07011AO001,"Inst. M. de Educación y Bibliotecas, IMEB -Calvià",despesa,2,1999282.76
2019,07002AA000,Alaior,ingres,8,10000.00
2019,07011AA000,Calvià,ingres,1,51685000.00
2019,07033AA000,Manacor,ingres,3,9215804.02
2019,07033AA000,Manacor,despesa,9,1.00
2019,07033AV002,P. l'Escola M. de Mallorqui,ingres,5,1.00
2019,07901AA000,Ariany,despesa,3,510.00
2019,07001AA000,Alaró,ingres,3,787900.00
2019,07001AA000,Alaró,ingres,5,45500.00
2019,07001AA000,Alaró,despesa,1,2250252.43
2019,07015AA000,Ciutadella de Menorca,despesa,4,4788960.07
2019,07015AV002,Hospital Municipal,ingres,4,1839800.00
2019,07015AV002,Hospital Municipal,ingres,5,93000.00
2019,07023AA000,Ferreries,ingres,7,1263165.20
2019,07043AA000,Porreres,ingres,4,1512701.65
2019,07051AA000,Sant Llorenç des Cardassar,ingres,1,8835000.00
2019,07051AA000,Sant Llorenç des Cardassar,ingres,5,1178000.00
2019,07051AA000,Sant Llorenç des Cardassar,despesa,7,5299.65
2019,07052AA000,Sant Lluís,despesa,9,870961.81
2019,07902AA000,Migjorn Gran (Es),despesa,1,1042300.78
2019,07001DV003,P. Esc. Turismo,ingres,3,109990.00
2019,07001DV003,P. Esc. Turismo,despesa,5,5000.00
2019,07002DD000,Consejo Insular de Mallorca,ingres,4,354281929.81
2019,07002DV001,Inst. l'Esport Hipic,ingres,4,2553000.00
2019,07002DV001,Inst. l'Esport Hipic,ingres,5,399347.16
2019,07002DV003,Inst.  Mallorquí d'Afers Socials,ingres,3,6109443.30
2019,07002DV003,Inst.  Mallorquí d'Afers Socials,despesa,4,24154517.79
2019,07003DD000,Consejo Insular de Menorca,despesa,3,668372.09
2019,07003DD000,Consejo Insular de Menorca,despesa,4,22105833.14
2019,07010AE001,Palmanyola,despesa,2,344462.50
2019,07002MM000,Mc. Pla de Mallorca,despesa,3,1000.00
2019,07002MM000,Mc. Pla de Mallorca,despesa,4,209302.21
2019,07001MM000,Mc. Es Raiguer,despesa,6,12250.00
2019,07003MM000,Mc. Migjorn de Mallorca,despesa,3,2500.00
2019,07004AA000,Algaida,ingres,2,152100.00
2019,07006AA000,Artà,despesa,1,4705532.29
2019,07013AA000,Campos,ingres,3,3816700.00
2019,07013AA000,Campos,ingres,5,520025.00
2019,07013AA000,Campos,despesa,6,751545.44
2019,07018AA000,Deyá,ingres,4,623372.99
2019,07018AA000,Deyá,despesa,1,674583.00
2019,07018AA000,Deyá,despesa,2,1326206.03
2019,07022AA000,Felanitx,ingres,2,352900.00
2019,07022AA000,Felanitx,despesa,3,21150.00
2019,07022AA000,Felanitx,despesa,4,880500.00
2019,07022AA000,Felanitx,despesa,5,206725.00
2019,07024AA000,Formentera,ingres,4,14288000.00
2019,07024AA000,Formentera,ingres,7,3032000.00
2019,07027AA000,Inca,ingres,8,10.00
2019,07027AA000,Inca,despesa,2,11697864.42
2019,07029AA000,Lloseta,ingres,3,1610709.52
2019,07031AV001,P. Res. Personas Mayores,ingres,5,100.00
2019,07031AV001,P. Res. Personas Mayores,despesa,2,181100.00
2019,07031AV001,P. Res. Personas Mayores,despesa,8,3000.00
2019,07035AA000,Maria de la Salut,despesa,9,58000.00
2019,07036AA000,Marratxí,ingres,4,8245629.00
2019,07037AA000,Mercadal (Es),ingres,1,5053500.00
2019,07037AA000,Mercadal (Es),ingres,3,1992500.00
2019,07037AA000,Mercadal (Es),ingres,5,464100.00
2019,07038AA000,Montuïri,ingres,4,707800.00
2019,07038AA000,Montuïri,ingres,5,400.00
2019,07038AA000,Montuïri,ingres,7,167000.00
2019,07045AA000,Puigpunyent,ingres,1,1337766.46
2019,07045AA000,Puigpunyent,ingres,4,659935.09
2019,07050AA000,Sant Joan de Labritja,despesa,6,5840676.98
2019,07053AA000,Santa Eugènia,ingres,1,590681.88
2019,07058AA000,Selva,despesa,3,1520.00
2019,07064AA000,Castell (Es),despesa,1,3679414.00
2019,07064AA000,Castell (Es),despesa,6,3840047.50
2019,07036AO001,Institut Municipal Comunicació,despesa,2,122920.00
2019,07005AA000,Andratx,ingres,5,365000.00
2019,07005AA000,Andratx,despesa,8,10000.00
2019,07040AV001,Inst. M. l'Esport,ingres,3,4368762.76
2019,07040AV009,Inst. M. Form. Ocupacional i Feina,despesa,4,76904.00
2019,07003AV001,P. M. D'Esports,ingres,4,781013.00
2019,07003AV003,Emisora Alcúdia Radio,ingres,7,3978.00
2019,07003AV003,Emisora Alcúdia Radio,despesa,2,20657.00
2019,07059AA000,Salines (Ses),despesa,2,3018799.59
2019,07026AA000,Eivissa,despesa,6,8163529.61
2019,07026AA000,Eivissa,despesa,8,10.00
2019,07026AV002,P. M. Música,ingres,4,594980.00
2019,07026AV003,Museo de Arte Contemporáneo,despesa,1,182491.14
2019,07011AO001,"Inst. M. de Educación y Bibliotecas, IMEB -Calvià",ingres,5,5100.00
2019,07011AO001,"Inst. M. de Educación y Bibliotecas, IMEB -Calvià",despesa,4,245000.00
2019,07002AA000,Alaior,ingres,5,610747.63
2019,07011AA000,Calvià,despesa,4,25183665.39
2019,07033AA000,Manacor,ingres,1,19189303.68
2019,07033AA000,Manacor,ingres,7,1.00
2019,07033AO001,Institut Públic del Teatre Municipal,ingres,4,170000.00
2019,07033AV003,P. M. d'Esports,despesa,6,409200.00
2019,07033AO002,Institució Pública Antoni M. Alcover,ingres,4,69000.00
2019,07044AA000,Pobla (Sa),ingres,1,4675600.00
2019,07044AA000,Pobla (Sa),ingres,7,161088.73
2019,07015AV003,P. Esc. Infantiles,ingres,3,200000.00
2019,07042AA000,Pollença,ingres,2,1000040.00
2019,07043AA000,Porreres,ingres,7,415110.45
2019,07001DD000,Consejo Insular de Ibiza,ingres,3,4984064.99
2019,07001DD000,Consejo Insular de Ibiza,despesa,1,34548924.38
2019,07001DV003,P. Esc. Turismo,ingres,5,10.00
2019,07002DD000,Consejo Insular de Mallorca,despesa,8,100000.00
2019,07002DV001,Inst. l'Esport Hipic,despesa,1,1120081.05
2019,07002DV001,Inst. l'Esport Hipic,despesa,2,1052766.11
2019,07002DV003,Inst.  Mallorquí d'Afers Socials,ingres,5,28519.81
2019,07003DD000,Consejo Insular de Menorca,despesa,9,5126717.87
2019,07003DV002,Consell Economic i Social,despesa,2,13250.00
2019,07002DO001,Agència  Protecció Legalitat Urbanística i Territorial de Mallorca,ingres,8,6000.00
2019,07002DO001,Agència  Protecció Legalitat Urbanística i Territorial de Mallorca,despesa,1,2199265.99
2019,07010AE001,Palmanyola,ingres,5,15900.00
2019,07004AA000,Algaida,ingres,5,25650.00
2019,07004AA000,Algaida,despesa,2,1956830.52
2019,07008AA000,Binissalem,ingres,1,2668377.00
2019,07008AA000,Binissalem,despesa,2,2302770.00
2019,07016AA000,Consell,ingres,1,1136183.83
2019,07018AA000,Deyá,ingres,3,493601.00
2019,07022AA000,Felanitx,despesa,6,1672030.00
2019,07024AA000,Formentera,ingres,1,6385000.00
2019,07027AA000,Inca,ingres,3,8660731.89
2019,07027AA000,Inca,ingres,7,398078.31
2019,07027AA000,Inca,despesa,4,2052785.78
2019,07027AV005,Música Antoni Torrandell,ingres,7,2000.00
2019,07028AA000,Lloret de Vistalegre,despesa,3,2500.00
2019,07029AA000,Lloseta,despesa,1,2790301.92
2019,07029AA000,Lloseta,despesa,5,65000.00
2019,07036AA000,Marratxí,despesa,6,2708133.00
2019,07036AA000,Marratxí,despesa,8,16000.00
2019,07037AA000,Mercadal (Es),despesa,3,35500.00
2019,07037AA000,Mercadal (Es),despesa,8,15000.00
2019,07038AA000,Montuïri,ingres,3,449976.00
2019,07038AA000,Montuïri,despesa,4,428300.00
2019,07045AA000,Puigpunyent,ingres,3,638172.94
2019,07045AA000,Puigpunyent,despesa,6,617589.41
2019,07046AA000,Sant Antoni de Portmany,ingres,1,13555000.00
2019,07050AA000,Sant Joan de Labritja,ingres,1,3178000.00
2019,07053AA000,Santa Eugènia,despesa,1,561355.89
2019,07053AA000,Santa Eugènia,despesa,2,709863.68
2019,07053AA000,Santa Eugènia,despesa,9,35144.09
2019,07055AA000,Santa Margalida,ingres,5,998950.00
2019,07058AA000,Selva,ingres,1,1409510.00
2019,07058AA000,Selva,ingres,4,930300.03
2019,07058AA000,Selva,despesa,6,1238293.65
2019,07063AA000,Valldemossa,ingres,3,1503170.00
2019,07064AA000,Castell (Es),ingres,3,520100.00
2019,07005AA000,Andratx,despesa,3,31000.00
2019,07040AA000,Palma,ingres,2,27542161.00
2019,07040AA000,Palma,ingres,3,98887600.00
2019,07040AV001,Inst. M. l'Esport,ingres,4,10986298.63
2019,07040AV002,P. M. d'Escoles d'Infants,despesa,6,112178.45
2019,07040AV004,P. M. l'Habitatge,ingres,3,95006.00
2019,07040AV004,P. M. l'Habitatge,despesa,2,607350.00
2019,07040AV006,Instituto Municipal Innovación  (IMI),ingres,3,54251.80
2019,07040AV006,Instituto Municipal Innovación  (IMI),despesa,1,5604347.19
2019,07040AV009,Inst. M. Form. Ocupacional i Feina,ingres,5,6300.00
2019,07040AV009,Inst. M. Form. Ocupacional i Feina,despesa,2,1004926.11
2019,07062AA000,Son Servera,ingres,1,8385570.51
2019,07003AA000,Alcúdia,ingres,1,18068800.00
2019,07003AV001,P. M. D'Esports,ingres,5,3910.00
2019,07003AV002,F. Esc. M. Música,ingres,7,6510.00
2019,07039AA000,Muro,despesa,4,403259.07
2019,07039AA000,Muro,despesa,7,132115.98
2019,07014AA000,Capdepera,despesa,1,6546527.42
2019,07014AA000,Capdepera,despesa,4,4923622.88
2019,07026AA000,Eivissa,despesa,3,40000.00
2019,07026AV001,P. M. Deportes,despesa,8,10.00
2019,07032AA000,Maó,ingres,3,7407525.00
2019,07002AA000,Alaior,ingres,1,5016292.69
2019,07011AA000,Calvià,ingres,5,4351001.00
2019,07011AA000,Calvià,ingres,6,2000.00
2019,07011AA000,Calvià,despesa,2,15795468.71
2019,07011AA000,Calvià,despesa,7,5373700.00
2019,07033AA000,Manacor,ingres,2,505000.00
2019,07033AA000,Manacor,ingres,4,10461708.44
2019,07033AA000,Manacor,despesa,3,30000.00
2019,07033AV002,P. l'Escola M. de Mallorqui,ingres,4,60200.00
2019,07901AA000,Ariany,despesa,4,125652.00
2019,07015AA000,Ciutadella de Menorca,ingres,3,8967800.00
2019,07015AA000,Ciutadella de Menorca,despesa,3,1149540.10
2019,07015AV002,Hospital Municipal,despesa,1,2016901.00
2019,07015AV002,Hospital Municipal,despesa,4,5000.00
2019,07023AA000,Ferreries,ingres,8,40000.00
2019,07051AA000,Sant Llorenç des Cardassar,despesa,3,24373.77
2019,07052AA000,Sant Lluís,ingres,9,277000.00
2019,07056AA000,Santa María del Camí,ingres,4,1736130.34
2019,07056AV001,P. Res. Pers. Majors. Cas Metge Rei,despesa,6,31000.00
2019,07057AA000,Santanyí,ingres,4,3206706.28
2019,07902AA000,Migjorn Gran (Es),ingres,4,649331.36
2019,07902AA000,Migjorn Gran (Es),ingres,8,1000.00
2019,07902AA000,Migjorn Gran (Es),despesa,3,1000.00
2019,07001DD000,Consejo Insular de Ibiza,despesa,3,92000.00
2019,07002DD000,Consejo Insular de Mallorca,despesa,5,2000000.00
2019,07003DD000,Consejo Insular de Menorca,ingres,4,70059584.85
2019,07002MM000,Mc. Pla de Mallorca,despesa,2,5435514.00
2019,07003MM000,Mc. Migjorn de Mallorca,despesa,2,536260.00
2019,07004AA000,Algaida,ingres,4,1090000.00
2019,07004AA000,Algaida,ingres,7,42881.00
2019,07006AA000,Artà,despesa,2,3772864.89
2019,07008AA000,Binissalem,ingres,7,8000.00
2019,07008AA000,Binissalem,despesa,9,741000.00
2019,07010AA000,Bunyola,ingres,3,1636534.07
2019,07010AA000,Bunyola,ingres,5,1594.80
2019,07010AA000,Bunyola,despesa,9,522982.35
2019,07012AA000,Campanet,ingres,4,816367.20
2019,07012AA000,Campanet,despesa,2,937847.45
2019,07013AA000,Campos,despesa,2,7118320.00
2019,07018AA000,Deyá,ingres,5,10000.00
2019,07022AA000,Felanitx,ingres,3,4648800.00
2019,07022AA000,Felanitx,despesa,7,120000.00
2019,07024AA000,Formentera,ingres,5,10000.00
2019,07024AA000,Formentera,despesa,7,650000.00
2019,07027AV005,Música Antoni Torrandell,ingres,4,296968.35
2019,07029AA000,Lloseta,ingres,1,2046983.38
2019,07029AA000,Lloseta,ingres,7,150000.00
2019,07029AA000,Lloseta,despesa,3,7021.00
2019,07029AA000,Lloseta,despesa,6,261445.54
2019,07031AA000,Llucmajor,despesa,2,16451977.00
2019,07031AA000,Llucmajor,despesa,8,55000.00
2019,07031AV001,P. Res. Personas Mayores,despesa,1,1077670.81
2019,07031AV001,P. Res. Personas Mayores,despesa,6,261000.00
2019,07035AA000,Maria de la Salut,ingres,2,25000.00
2019,07035AA000,Maria de la Salut,ingres,4,637311.99
2019,07035AA000,Maria de la Salut,despesa,4,151994.73
2019,07036AA000,Marratxí,ingres,8,16000.00
2019,07045AA000,Puigpunyent,ingres,5,1.00
2019,07050AA000,Sant Joan de Labritja,ingres,4,1261000.00
2019,07050AA000,Sant Joan de Labritja,ingres,6,1000.00
2019,07050AA000,Sant Joan de Labritja,despesa,4,521877.00
2019,07053AA000,Santa Eugènia,ingres,4,541500.32
2019,07053AA000,Santa Eugènia,despesa,3,1000.00
2019,07055AA000,Santa Margalida,despesa,6,1767000.00
2019,07058AA000,Selva,ingres,7,1060787.12
2019,07058AA000,Selva,despesa,2,915573.58
2019,07061AA000,Sóller,ingres,1,8363075.82
2019,07061AA000,Sóller,ingres,7,480000.00
2019,07064AA000,Castell (Es),ingres,1,3997837.24
2019,07064AA000,Castell (Es),despesa,2,1709700.00
2019,07036AO001,Institut Municipal Comunicació,ingres,4,122920.00
2019,07005AA000,Andratx,despesa,6,1361200.00
2019,07005AA000,Andratx,despesa,7,145000.00
2019,07040AA000,Palma,ingres,5,4577296.00
2019,07040AV001,Inst. M. l'Esport,despesa,3,5000.00
2019,07040AV001,Inst. M. l'Esport,despesa,6,1932062.31
2019,07040AV002,P. M. d'Escoles d'Infants,despesa,1,3618802.47
2019,07040AV006,Instituto Municipal Innovación  (IMI),despesa,6,821508.24
2019,07040AV009,Inst. M. Form. Ocupacional i Feina,ingres,8,20000.00
2019,07062AA000,Son Servera,despesa,3,238764.30
2019,07062AA000,Son Servera,despesa,4,309951.70
2019,07062AA000,Son Servera,despesa,5,150000.00
2019,07003AA000,Alcúdia,despesa,1,8502849.19
2019,07003AA000,Alcúdia,despesa,6,5287949.47
2019,07003AV001,P. M. D'Esports,ingres,7,42020.00
2019,07003AV002,F. Esc. M. Música,despesa,2,279090.00
2019,07003AV002,F. Esc. M. Música,despesa,3,30.00
2019,07003AV003,Emisora Alcúdia Radio,despesa,1,145861.00
2019,07003AV003,Emisora Alcúdia Radio,despesa,3,50.00
2019,07014AA000,Capdepera,ingres,5,1261000.00
2019,07014AA000,Capdepera,despesa,2,5066635.07
2019,07014AA000,Capdepera,despesa,9,670000.00
2019,07026AA000,Eivissa,ingres,1,27156010.00
2019,07026AA000,Eivissa,despesa,5,800000.00
2019,07026AA000,Eivissa,despesa,7,821700.17
2019,07026AV001,P. M. Deportes,despesa,2,833612.31
2019,07026AV002,P. M. Música,ingres,8,10.00
2019,07026AV003,Museo de Arte Contemporáneo,despesa,2,92198.86
2019,07026AV003,Museo de Arte Contemporáneo,despesa,3,100.00
2019,07026AV003,Museo de Arte Contemporáneo,despesa,6,13200.00
2019,07032AA000,Maó,ingres,2,192600.00
2019,07032AA000,Maó,ingres,7,609039.00
2019,07032AA000,Maó,despesa,2,13780325.00
2019,07014AO001,F. Castell de Capdepera,ingres,4,106864.10
2019,07011AO001,"Inst. M. de Educación y Bibliotecas, IMEB -Calvià",despesa,8,22000.00
2019,07002AA000,Alaior,despesa,8,10000.00
2019,07011AA000,Calvià,ingres,3,7309000.00
2019,07033AA000,Manacor,despesa,7,939404.83
2019,07033AO001,Institut Públic del Teatre Municipal,despesa,6,30000.00
2019,07044AA000,Pobla (Sa),ingres,3,3887663.88
2019,07901AA000,Ariany,despesa,2,358520.00
2019,07011AO002,Oficina Municipal de Tributos de Calvià,ingres,7,20000.00
2019,07011AO002,Oficina Municipal de Tributos de Calvià,despesa,6,20000.00
2019,07001AA000,Alaró,despesa,3,54290.00
2019,07001AA000,Alaró,despesa,4,401010.00
2019,07015AA000,Ciutadella de Menorca,despesa,9,786060.21
2019,07015AV002,Hospital Municipal,ingres,3,808536.00
2019,07015AV003,P. Esc. Infantiles,ingres,4,800526.70
2019,07023AA000,Ferreries,ingres,1,2226000.00
2019,07023AA000,Ferreries,despesa,7,1275.00
2019,07043AA000,Porreres,despesa,4,437707.93
2019,07043AA000,Porreres,despesa,7,50765.67
2019,07051AA000,Sant Llorenç des Cardassar,despesa,2,4118901.00
2019,07052AA000,Sant Lluís,ingres,4,2229520.00
2019,07056AA000,Santa María del Camí,ingres,2,141799.00
2019,07057AA000,Santanyí,despesa,4,2288397.18
2019,07902AA000,Migjorn Gran (Es),ingres,2,70700.00
2019,07902AA000,Migjorn Gran (Es),despesa,7,2000.00
2019,07001DD000,Consejo Insular de Ibiza,ingres,9,200000.00
2019,07001DV003,P. Esc. Turismo,despesa,1,456833.80
2019,07001DV003,P. Esc. Turismo,despesa,2,68166.20
2019,07002DD000,Consejo Insular de Mallorca,ingres,8,100000.00
2019,07002DV001,Inst. l'Esport Hipic,despesa,3,3000.00
2019,07002DV003,Inst.  Mallorquí d'Afers Socials,despesa,2,106309131.92
2019,07003DD000,Consejo Insular de Menorca,despesa,6,22222584.79
2019,07003DV001,Inst. Menorquín de Estudios,despesa,2,290713.89
2019,07002DO001,Agència  Protecció Legalitat Urbanística i Territorial de Mallorca,despesa,2,262000.00
2019,07001MM000,Mc. Es Raiguer,ingres,5,1.00
2019,07001MM000,Mc. Es Raiguer,despesa,4,3000.00
2019,07006AA000,Artà,despesa,5,100000.00
2019,07006AA000,Artà,despesa,9,672275.48
2019,07010AA000,Bunyola,ingres,4,1734584.79
2019,07010AA000,Bunyola,despesa,1,1751478.20
2019,07016AA000,Consell,despesa,1,1155506.62
2019,07018AA000,Deyá,despesa,3,94244.20
2019,07022AA000,Felanitx,ingres,4,4533593.48
2019,07022AA000,Felanitx,ingres,5,327400.00
2019,07024AV001,P. M. Turismo,ingres,5,1.00
2019,07027AA000,Inca,ingres,1,10073251.80
2019,07027AA000,Inca,ingres,6,10.00
2019,07027AV001,Llar d'infants d'Inca,despesa,1,666379.87
2019,07028AA000,Lloret de Vistalegre,ingres,7,271165.20
2019,07028AA000,Lloret de Vistalegre,despesa,2,428835.00
2019,07028AA000,Lloret de Vistalegre,despesa,9,37200.00
2019,07029AA000,Lloseta,ingres,4,1707977.54
2019,07029AA000,Lloseta,ingres,5,28329.56
2019,07031AA000,Llucmajor,ingres,2,860000.00
2019,07038AA000,Montuïri,ingres,2,193266.50
2019,07038AA000,Montuïri,despesa,2,855500.00
2019,07038AA000,Montuïri,despesa,9,162000.00
2019,07045AA000,Puigpunyent,ingres,7,267516.00
2019,07045AA000,Puigpunyent,despesa,1,913488.73
2019,07045AA000,Puigpunyent,despesa,2,1240357.08
2019,07045AA000,Puigpunyent,despesa,3,19027.56
2019,07053AA000,Santa Eugènia,ingres,2,60000.00
2019,07053AA000,Santa Eugènia,despesa,4,190302.88
2019,07055AA000,Santa Margalida,ingres,2,120000.00
2019,07055AA000,Santa Margalida,despesa,3,4540.00
2019,07058AA000,Selva,despesa,1,1348394.21
2019,07058AA000,Selva,despesa,4,438188.56
2019,07058AA000,Selva,despesa,5,24030.00
2019,07061AA000,Sóller,ingres,2,401074.39
2019,07061AA000,Sóller,ingres,3,3748847.12
2019,07061AA000,Sóller,ingres,4,4521201.85
2019,07063AA000,Valldemossa,ingres,2,205400.00
2019,07065AA000,Vilafranc de Bonany,despesa,3,51000.00
2019,07065AA000,Vilafranc de Bonany,despesa,6,287633.22
2019,07005AA000,Andratx,despesa,1,9405700.00
2019,07040AA000,Palma,ingres,4,88103173.39
2019,07040AV002,P. M. d'Escoles d'Infants,ingres,3,790882.07
2019,07040AV002,P. M. d'Escoles d'Infants,despesa,8,11000.00
2019,07040AV004,P. M. l'Habitatge,despesa,6,542310.30
2019,07003AV001,P. M. D'Esports,ingres,3,132000.00
2019,07039AA000,Muro,ingres,5,1825871.90
2019,07059AA000,Salines (Ses),ingres,2,190000.00
2019,07059AA000,Salines (Ses),despesa,1,2575776.13
2019,07059AA000,Salines (Ses),despesa,4,297483.01
2019,07026AA000,Eivissa,ingres,3,16414395.00
2019,07026AA000,Eivissa,ingres,4,13596953.15
2019,07026AA000,Eivissa,ingres,6,10.00
2019,07026AA000,Eivissa,despesa,1,18489998.75
2019,07026AA000,Eivissa,despesa,4,6397431.09
2019,07026AV001,P. M. Deportes,ingres,7,5000.00
2019,07026AV001,P. M. Deportes,despesa,6,5000.00
2019,07032AA000,Maó,ingres,1,17953000.00
2019,07032AA000,Maó,despesa,1,12597720.00
2019,07014AO001,F. Castell de Capdepera,despesa,5,2423.51
2019,07014AO001,F. Castell de Capdepera,despesa,6,50000.00
2019,07011AO001,"Inst. M. de Educación y Bibliotecas, IMEB -Calvià",ingres,4,5219613.73
2019,07002AA000,Alaior,despesa,2,4443507.98
2019,07002AA000,Alaior,despesa,6,834024.82
2019,07002AA000,Alaior,despesa,7,63542.28
2019,07011AA000,Calvià,ingres,4,19422275.00
2019,07011AA000,Calvià,ingres,8,240001.00
2019,07011AA000,Calvià,despesa,9,4000000.00
2019,07033AA000,Manacor,despesa,4,1279878.21
2019,07033AA000,Manacor,despesa,6,3175103.15
2019,07033AO001,Institut Públic del Teatre Municipal,ingres,3,100000.00
2019,07044AA000,Pobla (Sa),ingres,2,275000.00
2019,07901AA000,Ariany,ingres,3,137332.00
2019,07015AV003,P. Esc. Infantiles,despesa,1,469542.85
2019,07023AA000,Ferreries,despesa,2,2084500.00
2019,07023AA000,Ferreries,despesa,3,50600.00
2019,07023AA000,Ferreries,despesa,4,773776.09
2019,07023AA000,Ferreries,despesa,8,40000.00
2019,07042AA000,Pollença,ingres,1,10470000.00
2019,07042AA000,Pollença,despesa,1,7453385.40
2019,07043AA000,Porreres,ingres,1,1563881.60
2019,07043AA000,Porreres,ingres,5,15025.00
2019,07043AA000,Porreres,despesa,1,1147603.81
2019,07051AA000,Sant Llorenç des Cardassar,ingres,3,4473500.00
2019,07051AA000,Sant Llorenç des Cardassar,ingres,7,90000.00
2019,07052AA000,Sant Lluís,ingres,3,2488900.00
2019,07052AA000,Sant Lluís,ingres,5,357000.00
2019,07052AA000,Sant Lluís,despesa,2,3943781.53
2019,07052AA000,Sant Lluís,despesa,4,903345.00
2019,07057AA000,Santanyí,ingres,3,4865201.91
2019,07057AA000,Santanyí,despesa,2,9259839.86
2019,07057AA000,Santanyí,despesa,6,1835003.46
2019,07902AA000,Migjorn Gran (Es),ingres,5,119100.00
2019,07902AA000,Migjorn Gran (Es),despesa,6,1745322.31
2019,07902AA000,Migjorn Gran (Es),despesa,8,1000.00
2019,07001DD000,Consejo Insular de Ibiza,ingres,7,24148885.60
2019,07001DD000,Consejo Insular de Ibiza,despesa,9,200000.00
2019,07002DD000,Consejo Insular de Mallorca,despesa,2,53164201.07
2019,07002DV001,Inst. l'Esport Hipic,despesa,6,447000.00
2019,07002DV003,Inst.  Mallorquí d'Afers Socials,ingres,4,193128515.48
2019,07002DV003,Inst.  Mallorquí d'Afers Socials,ingres,8,120000.00
2019,07002DV003,Inst.  Mallorquí d'Afers Socials,despesa,1,68772828.88
2019,07002DV003,Inst.  Mallorquí d'Afers Socials,despesa,7,425000.00
2019,07003DD000,Consejo Insular de Menorca,despesa,2,14394430.08
2019,07002DO001,Agència  Protecció Legalitat Urbanística i Territorial de Mallorca,ingres,3,2126985.07
2019,07001MM000,Mc. Es Raiguer,despesa,3,600.00
2019,07003MM000,Mc. Migjorn de Mallorca,ingres,4,24004.40
2019,07003MM000,Mc. Migjorn de Mallorca,despesa,4,4600.00
2019,07006AA000,Artà,ingres,1,4838000.00
2019,07006AA000,Artà,ingres,7,804245.20
2019,07006AA000,Artà,despesa,3,29002.00
2019,07006AA000,Artà,despesa,4,407026.60
2019,07008AA000,Binissalem,ingres,5,13200.00
2019,07008AA000,Binissalem,despesa,1,2530323.84
2019,07008AA000,Binissalem,despesa,4,782970.00
2019,07010AA000,Bunyola,despesa,3,64471.99
2019,07012AA000,Campanet,ingres,1,762325.00
2019,07016AA000,Consell,despesa,3,3550.00
2019,07018AA000,Deyá,ingres,1,1091000.00
2019,07022AA000,Felanitx,ingres,7,8910.00
2019,07022AV001,Ctro. Cultural,despesa,2,123400.00
2019,07027AA000,Inca,despesa,9,386645.92
2019,07027AV001,Llar d'infants d'Inca,ingres,3,305794.04
2019,07027AV001,Llar d'infants d'Inca,ingres,8,10.00
2019,07027AV005,Música Antoni Torrandell,despesa,1,128289.53
2019,07031AA000,Llucmajor,ingres,5,2862600.00
2019,07031AV001,P. Res. Personas Mayores,ingres,3,325100.00
2019,07031AV001,P. Res. Personas Mayores,despesa,5,12398.85
2019,07036AA000,Marratxí,ingres,2,1000000.00
2019,07036AA000,Marratxí,despesa,1,11331650.90
2019,07036AA000,Marratxí,despesa,3,12825.00
2019,07037AA000,Mercadal (Es),despesa,7,55600.00
2019,07038AA000,Montuïri,despesa,1,921500.00
2019,07045AA000,Puigpunyent,ingres,2,266173.28
2019,07045AA000,Puigpunyent,despesa,4,85732.59
2019,07045AA000,Puigpunyent,despesa,5,104858.35
2019,07046AA000,Sant Antoni de Portmany,despesa,6,5950927.71
2019,07053AA000,Santa Eugènia,ingres,3,395207.02
2019,07055AA000,Santa Margalida,ingres,3,4022070.00
2019,07055AA000,Santa Margalida,despesa,4,308700.00
2019,07061AA000,Sóller,despesa,4,565599.71
2019,07064AA000,Castell (Es),despesa,7,46510.13
2019,07065AA000,Vilafranc de Bonany,ingres,2,65000.00
2019,07065AA000,Vilafranc de Bonany,ingres,5,550.00
2019,07040AA000,Palma,ingres,1,188568679.91
2019,07040AA000,Palma,ingres,7,6222089.70
2019,07040AA000,Palma,despesa,9,29378289.62
2019,07040AV001,Inst. M. l'Esport,despesa,4,166500.00
2019,07040AV002,P. M. d'Escoles d'Infants,despesa,2,3603109.08
2019,07040AV004,P. M. l'Habitatge,despesa,8,93000.00
2019,07040AV006,Instituto Municipal Innovación  (IMI),ingres,5,50.00
2019,07040AV009,Inst. M. Form. Ocupacional i Feina,ingres,3,36000.00
2019,07040AV009,Inst. M. Form. Ocupacional i Feina,ingres,7,132050.00
2019,07062AA000,Son Servera,ingres,3,3864770.48
2019,07062AA000,Son Servera,ingres,4,2705734.45
2019,07062AA000,Son Servera,despesa,2,7326096.67
2019,07062AA000,Son Servera,despesa,8,60000.00
2019,07003AV001,P. M. D'Esports,despesa,3,100.00
2019,07003AV001,P. M. D'Esports,despesa,6,42020.00
2019,07003AV003,Emisora Alcúdia Radio,ingres,5,10.00
2019,07003AV003,Emisora Alcúdia Radio,despesa,6,3978.00
2019,07014AA000,Capdepera,ingres,3,7857708.40
2019,07014AA000,Capdepera,ingres,4,3001000.00
2019,07014AA000,Capdepera,despesa,3,17133.53
2019,07026AV001,P. M. Deportes,ingres,8,10.00
2019,07026AV002,P. M. Música,ingres,3,47510.00
2019,07032AA000,Maó,ingres,9,2500000.00
2019,07011AO001,"Inst. M. de Educación y Bibliotecas, IMEB -Calvià",despesa,1,4424739.46
2019,07002AA000,Alaior,despesa,3,39736.39
2019,07011AA000,Calvià,despesa,8,240001.00
2019,07033AV002,P. l'Escola M. de Mallorqui,ingres,3,22000.00
2019,07033AO002,Institució Pública Antoni M. Alcover,despesa,2,69000.00
2019,07033AO002,Institució Pública Antoni M. Alcover,despesa,6,5000.00
2019,07044AA000,Pobla (Sa),ingres,5,16339.91
2019,07044AA000,Pobla (Sa),despesa,9,1023994.33
2019,07901AA000,Ariany,despesa,1,232859.07
2019,07001AA000,Alaró,ingres,7,300172.30
2019,07001AA000,Alaró,despesa,2,1236519.02
2019,07015AV003,P. Esc. Infantiles,despesa,2,521800.00
2019,07023AA000,Ferreries,despesa,5,94972.36
2019,07043AA000,Porreres,ingres,3,236281.30
2019,07043AA000,Porreres,despesa,6,716024.33
2019,07043AA000,Porreres,despesa,9,212296.67
2019,07056AV001,P. Res. Pers. Majors. Cas Metge Rei,ingres,3,475200.00
2019,07057AA000,Santanyí,ingres,1,10618833.76
2019,07057AA000,Santanyí,ingres,2,855000.00
2019,07902AA000,Migjorn Gran (Es),despesa,2,929134.04
2019,07902AA000,Migjorn Gran (Es),despesa,4,354678.00
2019,07902AA000,Migjorn Gran (Es),despesa,9,35178.08
2019,07001DD000,Consejo Insular de Ibiza,despesa,8,250000.00
2019,07002DD000,Consejo Insular de Mallorca,despesa,3,732161.80
2019,07002DV001,Inst. l'Esport Hipic,despesa,4,1049000.00
2019,07002DV003,Inst.  Mallorquí d'Afers Socials,despesa,3,30000.00
2019,07002DV003,Inst.  Mallorquí d'Afers Socials,despesa,8,120000.00
2019,07003DD000,Consejo Insular de Menorca,ingres,1,1221894.24
2019,07002MM000,Mc. Pla de Mallorca,ingres,5,2500.00
2019,07001MM000,Mc. Es Raiguer,despesa,2,2172832.25
2019,07003MM000,Mc. Migjorn de Mallorca,ingres,5,10000.00
2019,07003MM000,Mc. Migjorn de Mallorca,despesa,6,38230.00
2019,07004AA000,Algaida,ingres,3,704419.89
2019,07004AA000,Algaida,despesa,3,1020.00
2019,07008AA000,Binissalem,ingres,6,60000.00
2019,07008AV001,P. M. d'Esports,despesa,4,1.00
2019,07012AA000,Campanet,ingres,3,643500.00
2019,07012AA000,Campanet,despesa,3,3400.00
2019,07013AA000,Campos,ingres,4,2349961.93
2019,07013AA000,Campos,despesa,4,119058.14
2019,07016AA000,Consell,ingres,3,1114182.94
2019,07022AV001,Ctro. Cultural,despesa,3,100.00
2019,07024AA000,Formentera,despesa,4,1330000.00
2019,07024AA000,Formentera,despesa,6,6200000.00
2019,07024AV001,P. M. Turismo,despesa,3,1.00
2019,07027AV001,Llar d'infants d'Inca,ingres,4,445505.83
2019,07027AV001,Llar d'infants d'Inca,ingres,7,4500.00
2019,07027AV001,Llar d'infants d'Inca,despesa,8,10.00
2019,07027AV005,Música Antoni Torrandell,despesa,6,2000.00
2019,07028AA000,Lloret de Vistalegre,ingres,5,6600.00
2019,07029AA000,Lloseta,despesa,4,533474.54
2019,07029AA000,Lloseta,despesa,9,99559.72
2019,07031AA000,Llucmajor,ingres,8,55000.00
2019,07031AA000,Llucmajor,despesa,3,445000.00
2019,07035AA000,Maria de la Salut,despesa,1,701834.79
2019,07036AA000,Marratxí,despesa,4,10351833.03
2019,07037AA000,Mercadal (Es),ingres,2,159425.00
2019,07038AA000,Montuïri,ingres,1,1008700.00
2019,07038AA000,Montuïri,despesa,3,129000.00
2019,07046AA000,Sant Antoni de Portmany,ingres,7,1785385.17
2019,07046AA000,Sant Antoni de Portmany,despesa,1,7391548.63
2019,07050AA000,Sant Joan de Labritja,ingres,5,2000.00
2019,07055AA000,Santa Margalida,despesa,1,5111160.00
2019,07061AA000,Sóller,despesa,1,6296464.32
2019,07061AA000,Sóller,despesa,3,69897.78
2019,07061AA000,Sóller,despesa,7,194000.00
2019,07063AA000,Valldemossa,despesa,9,355000.00
2019,07065AA000,Vilafranc de Bonany,despesa,9,85900.00
2019,07005AA000,Andratx,ingres,2,1650000.00
2019,07005AA000,Andratx,despesa,2,10839868.91
2019,07040AA000,Palma,despesa,4,83961384.44
2019,07040AV001,Inst. M. l'Esport,ingres,8,100000.00
2019,07040AV002,P. M. d'Escoles d'Infants,ingres,4,6701059.48
2019,07040AV002,P. M. d'Escoles d'Infants,ingres,7,112178.45
2019,07040AV002,P. M. d'Escoles d'Infants,despesa,4,270050.00
2019,07040AV004,P. M. l'Habitatge,ingres,4,1835757.03
2019,07040AV004,P. M. l'Habitatge,despesa,1,1771700.75
2019,07040AV009,Inst. M. Form. Ocupacional i Feina,ingres,4,6796505.85
2019,07040AV009,Inst. M. Form. Ocupacional i Feina,despesa,1,5755410.58
2019,07040AV009,Inst. M. Form. Ocupacional i Feina,despesa,8,20000.00
2019,07062AA000,Son Servera,ingres,5,565642.21
2019,07003AA000,Alcúdia,ingres,3,7189170.00
2019,07003AA000,Alcúdia,ingres,4,4579703.53
2019,07003AV002,F. Esc. M. Música,ingres,4,282820.00
2019,07039AA000,Muro,ingres,2,300000.00
2019,07059AA000,Salines (Ses),ingres,4,1444554.85
2019,07059AA000,Salines (Ses),despesa,9,92000.00
2019,07014AA000,Capdepera,despesa,5,43081.10
2019,07014AA000,Capdepera,despesa,6,3802708.40
2019,07026AA000,Eivissa,despesa,2,27287339.38
2019,07026AV001,P. M. Deportes,despesa,3,4000.00
2019,07002AA000,Alaior,ingres,2,148827.98
2019,07002AA000,Alaior,despesa,4,562379.54
2019,07033AA000,Manacor,ingres,5,825791.00
2019,07033AO001,Institut Públic del Teatre Municipal,ingres,7,30000.00
2019,07033AO001,Institut Públic del Teatre Municipal,despesa,2,270000.00
2019,07033AV003,P. M. d'Esports,ingres,5,36500.00
2019,07033AO002,Institució Pública Antoni M. Alcover,ingres,7,5000.00
2019,07044AA000,Pobla (Sa),despesa,3,76369.85
2019,07044AA000,Pobla (Sa),despesa,4,294815.00
2019,07901AA000,Ariany,ingres,1,368921.00
2019,07011AO002,Oficina Municipal de Tributos de Calvià,despesa,2,360000.00
2019,07001AA000,Alaró,ingres,4,1606925.46
2019,07015AA000,Ciutadella de Menorca,ingres,7,995143.78
2019,07015AV002,Hospital Municipal,despesa,2,620500.00
2019,07042AA000,Pollença,despesa,3,81000.00
2019,07043AA000,Porreres,despesa,3,12300.00
2019,07051AA000,Sant Llorenç des Cardassar,despesa,8,10000.00
2019,07056AA000,Santa María del Camí,ingres,3,1497400.45
2019,07056AA000,Santa María del Camí,despesa,2,1952228.97
2019,07056AA000,Santa María del Camí,despesa,4,415915.94
2019,07056AV001,P. Res. Pers. Majors. Cas Metge Rei,ingres,4,254318.07
2019,07056AV001,P. Res. Pers. Majors. Cas Metge Rei,ingres,5,130.00
2019,07057AA000,Santanyí,ingres,5,1073287.69
2019,07057AA000,Santanyí,despesa,1,7434918.66
2019,07057AA000,Santanyí,despesa,3,6900.00
2019,07001DD000,Consejo Insular de Ibiza,ingres,8,250000.00
2019,07001DV003,P. Esc. Turismo,ingres,4,500000.00
2019,07001DV003,P. Esc. Turismo,despesa,6,20000.00
2019,07002DD000,Consejo Insular de Mallorca,despesa,4,217135733.14
2019,07002DD000,Consejo Insular de Mallorca,despesa,7,31860669.32
2019,07002DD000,Consejo Insular de Mallorca,despesa,9,3319503.63
2019,07002DV001,Inst. l'Esport Hipic,despesa,8,5000.00
2019,07002DV003,Inst.  Mallorquí d'Afers Socials,despesa,6,343500.00
2019,07003DD000,Consejo Insular de Menorca,ingres,2,1707024.19
2019,07003DD000,Consejo Insular de Menorca,ingres,3,3035128.57
2019,07003DD000,Consejo Insular de Menorca,ingres,7,21403620.54
2019,07003DD000,Consejo Insular de Menorca,despesa,1,22090118.09
2019,07002MM000,Mc. Pla de Mallorca,ingres,4,6255588.94
2019,07001MM000,Mc. Es Raiguer,ingres,3,787519.49
2019,07003MM000,Mc. Migjorn de Mallorca,despesa,1,734968.99
2019,07004AA000,Algaida,despesa,4,124700.00
2019,07004AA000,Algaida,despesa,9,37060.27
2019,07006AA000,Artà,ingres,2,303005.11
2019,07008AA000,Binissalem,ingres,2,270000.00
2019,07008AA000,Binissalem,ingres,3,1409400.00
2019,07010AA000,Bunyola,despesa,4,533028.73
2019,07016AA000,Consell,despesa,2,1242648.01
2019,07022AA000,Felanitx,despesa,1,7185334.39
2019,07024AA000,Formentera,despesa,2,11150000.00
2019,07027AA000,Inca,ingres,4,7706979.93
2019,07027AA000,Inca,despesa,5,340000.00
2019,07027AV001,Llar d'infants d'Inca,ingres,5,3710.00
2019,07027AV002,Res. Ancianos M. Mir,ingres,4,225360.00
2019,07027AV002,Res. Ancianos M. Mir,despesa,1,48600.00
2019,07027AV005,Música Antoni Torrandell,ingres,5,10.00
2019,07028AA000,Lloret de Vistalegre,ingres,3,105906.01
2019,07029AA000,Lloseta,ingres,2,125000.00
2019,07031AA000,Llucmajor,despesa,4,1450628.18
2019,07031AV001,P. Res. Personas Mayores,ingres,7,261000.00
2019,07035AA000,Maria de la Salut,ingres,3,359474.30
2019,07035AA000,Maria de la Salut,despesa,6,277162.00
2019,07037AA000,Mercadal (Es),despesa,9,399155.00
2019,07046AA000,Sant Antoni de Portmany,ingres,3,5339200.00
2019,07046AA000,Sant Antoni de Portmany,despesa,2,11816798.09
2019,07055AA000,Santa Margalida,ingres,1,6533800.00
2019,07055AA000,Santa Margalida,despesa,7,12000.00
2019,07061AA000,Sóller,ingres,5,263243.99
2019,07061AA000,Sóller,despesa,6,840000.00
2019,07061AA000,Sóller,despesa,9,1436314.60
2019,07063AA000,Valldemossa,ingres,1,1456509.94
2019,07063AA000,Valldemossa,ingres,4,731004.33
2019,07063AA000,Valldemossa,despesa,1,1555819.65
2019,07063AA000,Valldemossa,despesa,2,1469771.97
2019,07064AA000,Castell (Es),ingres,7,3305672.39
2019,07064AA000,Castell (Es),despesa,3,33000.00
2019,07064AA000,Castell (Es),despesa,9,275000.00
2019,07065AA000,Vilafranc de Bonany,ingres,1,781200.00
2019,07065AA000,Vilafranc de Bonany,ingres,3,381350.00
2019,07005AA000,Andratx,ingres,1,12960000.00
2019,07005AA000,Andratx,ingres,4,2600000.00
2019,07005AA000,Andratx,despesa,4,618250.00
2019,07040AA000,Palma,despesa,1,147040008.71
2019,07040AA000,Palma,despesa,7,5239778.73
2019,07040AV001,Inst. M. l'Esport,ingres,5,231000.00
2019,07040AV004,P. M. l'Habitatge,ingres,7,620836.30
2019,07040AV006,Instituto Municipal Innovación  (IMI),ingres,4,7581898.62
2019,07040AV009,Inst. M. Form. Ocupacional i Feina,despesa,3,1565.16
2019,07062AA000,Son Servera,ingres,7,262138.98
2019,07062AA000,Son Servera,despesa,7,125000.00
2019,07003AA000,Alcúdia,despesa,2,12080026.10
2019,07003AA000,Alcúdia,despesa,3,5010.00
2019,07003AA000,Alcúdia,despesa,4,2540108.19
2019,07003AV001,P. M. D'Esports,despesa,4,61000.00
2019,07059AA000,Salines (Ses),ingres,1,3055000.00
2019,07059AA000,Salines (Ses),despesa,5,70000.00
2019,07059AA000,Salines (Ses),despesa,6,627816.39
2019,07014AA000,Capdepera,ingres,1,8695000.00
2019,07026AA000,Eivissa,ingres,2,1500000.00
2019,07026AA000,Eivissa,ingres,5,984620.00
2019,07026AA000,Eivissa,ingres,8,10.00
2019,07026AV003,Museo de Arte Contemporáneo,despesa,8,10.00
2019,07002AA000,Alaior,ingres,4,2784356.88
2019,07002AA000,Alaior,despesa,5,101574.48
2019,07011AA000,Calvià,ingres,2,2376500.00
2019,07011AA000,Calvià,despesa,6,2959502.00
2019,07033AA000,Manacor,despesa,1,16158880.53
2019,07033AV002,P. l'Escola M. de Mallorqui,despesa,6,4500.00
2019,07044AA000,Pobla (Sa),despesa,2,5691342.42
2019,07001AA000,Alaró,despesa,6,743219.72
2019,07015AA000,Ciutadella de Menorca,ingres,1,14770000.00
2019,07015AA000,Ciutadella de Menorca,despesa,6,2754919.74
2019,07015AV002,Hospital Municipal,despesa,6,20000.00
2019,07015AV003,P. Esc. Infantiles,ingres,7,30000.00
2019,07023AA000,Ferreries,ingres,2,62000.00
2019,07023AA000,Ferreries,ingres,3,580502.00
2019,07023AA000,Ferreries,despesa,6,1525658.93
2019,07042AA000,Pollença,ingres,3,6717720.00
2019,07042AA000,Pollença,ingres,4,4109029.76
2019,07043AA000,Porreres,despesa,2,1318882.40
2019,07051AA000,Sant Llorenç des Cardassar,despesa,6,2403158.02
2019,07052AA000,Sant Lluís,ingres,1,5323000.00
2019,07052AA000,Sant Lluís,ingres,6,803650.00
2019,07056AV001,P. Res. Pers. Majors. Cas Metge Rei,despesa,1,516472.52
2019,07902AA000,Migjorn Gran (Es),ingres,3,690320.00
2019,07001DD000,Consejo Insular de Ibiza,ingres,1,3000000.00
2019,07001DD000,Consejo Insular de Ibiza,ingres,4,72029619.54
2019,07001DD000,Consejo Insular de Ibiza,ingres,5,50000.00
2019,07001DD000,Consejo Insular de Ibiza,despesa,4,17443939.00
2019,07001DD000,Consejo Insular de Ibiza,despesa,5,247840.84
2019,07001DD000,Consejo Insular de Ibiza,despesa,6,22204368.32
2019,07001DV003,P. Esc. Turismo,despesa,4,60000.00
2019,07002DD000,Consejo Insular de Mallorca,ingres,7,70662294.77
2019,07003DD000,Consejo Insular de Menorca,ingres,5,74244.68
2019,07003DD000,Consejo Insular de Menorca,ingres,8,275000.00
2019,07003DV001,Inst. Menorquín de Estudios,ingres,4,680000.00
2019,07003DV001,Inst. Menorquín de Estudios,despesa,6,3000.00
2019,07003DV002,Consell Economic i Social,ingres,4,23250.00
2019,07002DO001,Agència  Protecció Legalitat Urbanística i Territorial de Mallorca,ingres,4,515000.00
2019,07010AE001,Palmanyola,despesa,3,250.00
2019,07001MM000,Mc. Es Raiguer,despesa,1,1257782.31
2019,07006AA000,Artà,ingres,4,2300000.00
2019,07008AA000,Binissalem,despesa,5,47000.00
2019,07008AV001,P. M. d'Esports,ingres,4,1.00
2019,07010AA000,Bunyola,ingres,2,373688.34
2019,07010AA000,Bunyola,despesa,2,2477859.14
2019,07010AA000,Bunyola,despesa,6,979953.67
2019,07012AA000,Campanet,ingres,7,44758.34
2019,07012AA000,Campanet,despesa,1,998268.97
2019,07012AA000,Campanet,despesa,6,262071.39
2019,07016AA000,Consell,ingres,2,50000.00
2019,07016AA000,Consell,ingres,7,195000.00
2019,07016AA000,Consell,despesa,4,317160.10
2019,07016AA000,Consell,despesa,6,869015.92
2019,07018AA000,Deyá,ingres,2,60000.00
2019,07018AA000,Deyá,despesa,4,148343.00
2019,07018AA000,Deyá,despesa,6,34597.76
2019,07022AV001,Ctro. Cultural,despesa,4,6500.00
2019,07024AA000,Formentera,ingres,3,6175000.00
2019,07024AA000,Formentera,despesa,1,10805000.00
2019,07027AA000,Inca,ingres,2,377996.46
2019,07027AA000,Inca,despesa,7,616377.31
2019,07027AA000,Inca,despesa,8,10.00
2019,07027AV002,Res. Ancianos M. Mir,ingres,3,101527.08
2019,07027AV005,Música Antoni Torrandell,despesa,2,248058.09
2019,07028AA000,Lloret de Vistalegre,despesa,6,295100.00
2019,07029AA000,Lloseta,ingres,9,111000.00
2019,07035AA000,Maria de la Salut,despesa,2,724760.70
2019,07037AA000,Mercadal (Es),despesa,2,4353000.00
2019,07038AA000,Montuïri,despesa,6,30842.50
2019,07046AA000,Sant Antoni de Portmany,ingres,4,5702776.83
2019,07050AA000,Sant Joan de Labritja,ingres,7,4993426.98
2019,07050AA000,Sant Joan de Labritja,despesa,1,1628366.02
2019,07058AA000,Selva,ingres,2,220010.00
2019,07065AA000,Vilafranc de Bonany,ingres,7,277700.00
2019,07065AA000,Vilafranc de Bonany,despesa,5,10000.00
2019,07040AA000,Palma,despesa,2,123795840.37
2019,07040AA000,Palma,despesa,3,8423708.99
2019,07040AA000,Palma,despesa,6,11927224.84
2019,07040AV001,Inst. M. l'Esport,despesa,8,100000.00
2019,07040AV002,P. M. d'Escoles d'Infants,ingres,8,11000.00
2019,07040AV004,P. M. l'Habitatge,despesa,3,1712.28
2019,07040AV004,P. M. l'Habitatge,despesa,4,90000.00
2019,07040AV006,Instituto Municipal Innovación  (IMI),despesa,2,1930853.26
2019,07062AA000,Son Servera,ingres,2,410414.23
2019,07062AA000,Son Servera,despesa,1,5557797.27
2019,07003AA000,Alcúdia,ingres,2,350000.00
2019,07003AV002,F. Esc. M. Música,ingres,5,10.00
2019,07003AV002,F. Esc. M. Música,despesa,6,6510.00
2019,07003AV003,Emisora Alcúdia Radio,ingres,4,166558.00
2019,07039AA000,Muro,despesa,1,4255828.09
2019,07014AA000,Capdepera,despesa,7,400000.00
2019,07026AV001,P. M. Deportes,ingres,4,1955990.00
2019,07026AV002,P. M. Música,despesa,3,700.00
2019,07026AV002,P. M. Música,despesa,6,3500.00
2019,07026AV003,Museo de Arte Contemporáneo,ingres,4,274790.00
2019,07026AV003,Museo de Arte Contemporáneo,ingres,8,10.00
2019,07032AA000,Maó,ingres,4,10463655.00
2019,07032AA000,Maó,ingres,5,230100.00
2019,07032AA000,Maó,despesa,3,208295.00
2019,07032AA000,Maó,despesa,4,4069135.00
2019,07014AO001,F. Castell de Capdepera,ingres,3,261000.00
2019,07002AA000,Alaior,ingres,7,427000.00
2019,07011AA000,Calvià,despesa,1,30707449.90
2019,07033AA000,Manacor,despesa,8,60100.00
2019,07033AV002,P. l'Escola M. de Mallorqui,ingres,7,4500.00
2019,07033AV002,P. l'Escola M. de Mallorqui,despesa,3,31.00
2019,07033AV003,P. M. d'Esports,despesa,2,342643.00
2019,07044AA000,Pobla (Sa),despesa,5,50760.33
2019,07044AA000,Pobla (Sa),despesa,6,641733.17
2019,07901AA000,Ariany,ingres,7,260523.11
2019,07001AA000,Alaró,ingres,2,181100.00
2019,07001AA000,Alaró,despesa,7,52400.00
2019,07015AA000,Ciutadella de Menorca,ingres,2,453300.00
2019,07015AA000,Ciutadella de Menorca,ingres,4,8097441.58
2019,07015AA000,Ciutadella de Menorca,despesa,2,12314980.72
2019,07015AV002,Hospital Municipal,ingres,7,20000.00
2019,07023AA000,Ferreries,ingres,5,728503.00
2019,07023AA000,Ferreries,despesa,1,2137621.60
2019,07042AA000,Pollença,despesa,4,3951489.56
2019,07051AA000,Sant Llorenç des Cardassar,ingres,4,2294000.00
2019,07052AA000,Sant Lluís,ingres,7,1282790.00
2019,07052AA000,Sant Lluís,despesa,6,72595.00
2019,07056AA000,Santa María del Camí,despesa,6,696903.62
2019,07057AA000,Santanyí,despesa,7,119940.84
2019,07902AA000,Migjorn Gran (Es),ingres,7,1502161.85
2019,07001DD000,Consejo Insular de Ibiza,ingres,2,3336790.00
2019,07001DD000,Consejo Insular de Ibiza,despesa,7,10128187.96
2019,07002DD000,Consejo Insular de Mallorca,ingres,2,17138500.54
2019,07003DD000,Consejo Insular de Menorca,despesa,7,10593441.01
2019,07003DD000,Consejo Insular de Menorca,despesa,8,275000.00
2019,07003DV002,Consell Economic i Social,despesa,4,10000.00
2019,07002DO001,Agència  Protecció Legalitat Urbanística i Territorial de Mallorca,despesa,6,180719.08
2019,07002MM000,Mc. Pla de Mallorca,despesa,1,950372.73
2019,07002MM000,Mc. Pla de Mallorca,despesa,6,857900.00
2020,07004AA000,Algaida,ingres,4,1201584.22
2020,07004AA000,Algaida,ingres,7,42881.00
2020,07006AA000,Artà,despesa,2,4209196.61
2020,07010AA000,Bunyola,ingres,3,1823092.06
2020,07010AA000,Bunyola,ingres,5,1547.00
2020,07010AA000,Bunyola,despesa,9,121547.47
2020,07012AA000,Campanet,ingres,4,816367.19
2020,07012AA000,Campanet,despesa,2,937847.45
2020,07013AA000,Campos,despesa,2,7133089.88
2020,07014AA000,Capdepera,ingres,5,1222000.00
2020,07014AA000,Capdepera,despesa,2,8035178.40
2020,07014AO001,F. Castell de Capdepera,ingres,4,73848.20
2020,07026AA000,Eivissa,ingres,1,29353275.00
2020,07026AA000,Eivissa,despesa,5,800000.00
2020,07026AA000,Eivissa,despesa,7,825700.17
2020,07026AV001,P. M. Deportes,despesa,2,854362.57
2020,07026AV003,Museo de Arte Contemporáneo,despesa,2,94007.72
2020,07026AV003,Museo de Arte Contemporáneo,despesa,3,100.00
2020,07026AV003,Museo de Arte Contemporáneo,despesa,6,13200.00
2020,07026AV002,P. M. Música,ingres,8,10.00
2020,07029AA000,Lloseta,ingres,1,2046983.38
2020,07029AA000,Lloseta,despesa,3,7021.00
2020,07030AA000,Llubí,ingres,5,19552.00
2020,07031AA000,Llucmajor,despesa,2,16451977.00
2020,07031AA000,Llucmajor,despesa,8,55000.00
2020,07031AV001,P. Res. Personas Mayores,despesa,1,1077670.81
2020,07032AA000,Maó,ingres,2,272670.00
2020,07032AA000,Maó,ingres,7,592130.00
2020,07032AA000,Maó,despesa,2,14022375.00
2020,07034AA000,Mancor de la Vall,ingres,4,705052.20
2020,07034AA000,Mancor de la Vall,despesa,4,282700.00
2020,07035AA000,Maria de la Salut,ingres,2,40000.00
2020,07035AA000,Maria de la Salut,ingres,4,697258.62
2020,07035AA000,Maria de la Salut,despesa,4,168310.05
2020,07036AA000,Marratxí,ingres,8,16000.00
2020,07036AO001,Institut Municipal Comunicació,ingres,4,119920.00
2020,07036AO001,Institut Municipal Comunicació,despesa,6,3000.00
2020,07041AO001,F. Escuela Municipal de Música de Petra,ingres,3,49816.23
2020,07041AO001,F. Escuela Municipal de Música de Petra,despesa,1,71087.63
2020,07041AO001,F. Escuela Municipal de Música de Petra,despesa,3,948.00
2020,07048AA000,Sant Josep de sa Talaia,ingres,3,9116648.18
2020,07048AA000,Sant Josep de sa Talaia,despesa,9,576169.66
2020,07050AA000,Sant Joan de Labritja,ingres,4,1321600.00
2020,07050AA000,Sant Joan de Labritja,ingres,6,1000.00
2020,07050AA000,Sant Joan de Labritja,despesa,4,529277.00
2020,07055AA000,Santa Margalida,despesa,6,1896500.00
2020,07061AA000,Sóller,ingres,1,8182535.00
2020,07061AA000,Sóller,ingres,7,310790.16
2020,07064AA000,Castell (Es),ingres,1,4282935.15
2020,07064AA000,Castell (Es),despesa,2,1693850.00
2020,07005AA000,Andratx,despesa,6,884200.00
2020,07005AA000,Andratx,despesa,7,160000.00
2020,07040AA000,Palma,ingres,5,4611160.00
2020,07040AV001,Inst. M. l'Esport,despesa,3,5000.00
2020,07040AV001,Inst. M. l'Esport,despesa,6,1902549.46
2020,07040AV002,P. M. d'Escoles d'Infants,despesa,1,3901514.21
2020,07040AV006,Instituto Municipal Innovación  (IMI),despesa,6,631081.15
2020,07040AV009,Inst. M. Form. Ocupacional i Feina,ingres,8,20000.00
2020,07062AA000,Son Servera,despesa,3,269455.91
2020,07062AA000,Son Servera,despesa,4,324271.34
2020,07003AA000,Alcúdia,despesa,1,9692051.00
2020,07003AA000,Alcúdia,despesa,6,4329184.00
2020,07049AA000,Sant Joan,ingres,3,427529.00
2020,07049AA000,Sant Joan,despesa,2,658531.00
2020,07011AO001,"Inst. M. de Educación y Bibliotecas, IMEB -Calvià",despesa,8,22000.00
2020,07002AA000,Alaior,despesa,8,10000.00
2020,07011AA000,Calvià,ingres,3,10141600.00
2020,07033AA000,Manacor,despesa,7,507961.61
2020,07033AO001,Institut Públic del Teatre Municipal,despesa,6,50000.00
2020,07044AA000,Pobla (Sa),ingres,3,3844645.00
2020,07901AA000,Ariany,despesa,2,372849.75
2020,07011AO002,Oficina Municipal de Tributos de Calvià,ingres,7,5000.00
2020,07011AO002,Oficina Municipal de Tributos de Calvià,despesa,6,5000.00
2020,07008AA000,Binissalem,ingres,7,6086.84
2020,07008AA000,Binissalem,despesa,9,741000.00
2020,07017AA000,Costitx,ingres,1,415000.00
2020,07018AA000,Deyá,ingres,5,10000.00
2020,07022AA000,Felanitx,ingres,3,4588100.00
2020,07022AA000,Felanitx,despesa,7,120000.00
2020,07024AA000,Formentera,ingres,5,10000.00
2020,07024AA000,Formentera,despesa,7,945000.00
2020,07053AA000,Santa Eugènia,ingres,4,617478.42
2020,07053AA000,Santa Eugènia,despesa,3,1200.00
2020,07001AA000,Alaró,despesa,3,17390.00
2020,07001AA000,Alaró,despesa,4,475640.00
2020,07015AA000,Ciutadella de Menorca,despesa,9,940445.53
2020,07015AV002,Hospital Municipal,ingres,3,832500.00
2020,07015AV003,P. Esc. Infantiles,ingres,4,905500.00
2020,07023AA000,Ferreries,ingres,1,2182000.00
2020,07023AA000,Ferreries,despesa,7,164925.00
2020,07043AA000,Porreres,despesa,4,388610.71
2020,07043AA000,Porreres,despesa,7,53989.29
2020,07051AA000,Sant Llorenç des Cardassar,despesa,2,4268401.00
2020,07052AA000,Sant Lluís,ingres,4,2249485.00
2020,07054AA000,Santa Eulalia del Río,ingres,5,490712.85
2020,07056AA000,Santa María del Camí,ingres,2,141799.00
2020,07057AA000,Santanyí,despesa,4,2481114.08
2020,07902AA000,Migjorn Gran (Es),ingres,2,175700.00
2020,07902AA000,Migjorn Gran (Es),despesa,7,700.00
2020,07001DD000,Consejo Insular de Ibiza,ingres,9,200000.00
2020,07001DV003,P. Esc. Turismo,despesa,1,482002.22
2020,07001DV003,P. Esc. Turismo,despesa,2,89997.78
2020,07002DD000,Consejo Insular de Mallorca,ingres,8,100000.00
2020,07002DV001,Inst. l'Esport Hipic,despesa,3,10000.00
2020,07002DO001,Agència  Protecció Legalitat Urbanística i Territorial de Mallorca,despesa,2,262000.00
2020,07002DV003,Inst.  Mallorquí d'Afers Socials,despesa,2,111995674.84
2020,07003DD000,Consejo Insular de Menorca,ingres,9,1900000.00
2020,07003DD000,Consejo Insular de Menorca,despesa,6,22812074.04
2020,07003DV001,Inst. Menorquín de Estudios,despesa,2,327703.27
2020,07006AA000,Artà,despesa,5,109002.00
2020,07006AA000,Artà,despesa,9,672275.48
2020,07010AA000,Bunyola,ingres,4,1784234.75
2020,07010AA000,Bunyola,despesa,1,2088678.15
2020,07014AO001,F. Castell de Capdepera,despesa,5,2484.10
2020,07014AO001,F. Castell de Capdepera,despesa,6,80000.00
2020,07016AA000,Consell,despesa,1,1252537.43
2020,07026AA000,Eivissa,ingres,3,16755839.13
2020,07026AA000,Eivissa,ingres,4,13212372.82
2020,07026AA000,Eivissa,ingres,6,10.00
2020,07026AA000,Eivissa,despesa,1,19717668.54
2020,07026AA000,Eivissa,despesa,4,6326679.26
2020,07026AV001,P. M. Deportes,ingres,7,10000.00
2020,07026AV001,P. M. Deportes,despesa,6,10000.00
2020,07028AA000,Lloret de Vistalegre,ingres,7,271165.20
2020,07028AA000,Lloret de Vistalegre,despesa,2,439760.00
2020,07028AA000,Lloret de Vistalegre,despesa,9,37200.00
2020,07029AA000,Lloseta,ingres,4,1626429.92
2020,07029AA000,Lloseta,ingres,5,17560.00
2020,07031AA000,Llucmajor,ingres,2,860000.00
2020,07032AA000,Maó,ingres,1,18665000.00
2020,07032AA000,Maó,despesa,1,13459162.00
2020,07034AA000,Mancor de la Vall,ingres,3,263012.00
2020,07041AA000,Petra,ingres,7,879959.82
2020,07048AA000,Sant Josep de sa Talaia,despesa,6,7582361.18
2020,07055AA000,Santa Margalida,ingres,2,160000.00
2020,07055AA000,Santa Margalida,despesa,3,50.00
2020,07061AA000,Sóller,ingres,2,430000.00
2020,07061AA000,Sóller,ingres,3,3743573.17
2020,07061AA000,Sóller,ingres,4,4179629.16
2020,07063AA000,Valldemossa,ingres,2,205400.00
2020,07005AA000,Andratx,despesa,1,10467580.08
2020,07040AA000,Palma,ingres,4,91428667.24
2020,07040AV002,P. M. d'Escoles d'Infants,ingres,3,940882.07
2020,07040AV002,P. M. d'Escoles d'Infants,despesa,8,11000.00
2020,07040AV004,P. M. l'Habitatge,despesa,6,627500.00
2020,07039AA000,Muro,ingres,5,536332.19
2020,07049AA000,Sant Joan,ingres,4,590079.00
2020,07059AA000,Salines (Ses),ingres,2,221000.00
2020,07059AA000,Salines (Ses),despesa,1,2765761.01
2020,07059AA000,Salines (Ses),despesa,4,343483.00
2020,07011AO001,"Inst. M. de Educación y Bibliotecas, IMEB -Calvià",ingres,4,6040718.01
2020,07002AA000,Alaior,despesa,2,4639649.18
2020,07002AA000,Alaior,despesa,6,1349324.79
2020,07002AA000,Alaior,despesa,7,128325.00
2020,07011AA000,Calvià,ingres,4,22414728.71
2020,07011AA000,Calvià,ingres,7,2901797.23
2020,07011AA000,Calvià,ingres,8,310000.00
2020,07011AA000,Calvià,despesa,9,3160000.00
2020,07033AA000,Manacor,despesa,4,1578677.64
2020,07033AA000,Manacor,despesa,6,3721434.20
2020,07033AO001,Institut Públic del Teatre Municipal,ingres,3,200000.00
2020,07044AA000,Pobla (Sa),ingres,2,266000.00
2020,07901AA000,Ariany,ingres,3,145760.00
2020,07017AA000,Costitx,despesa,3,1000.00
2020,07018AA000,Deyá,despesa,3,500.00
2020,07025AA000,Fornalutx,ingres,2,25345.00
2020,07025AA000,Fornalutx,ingres,7,13527.58
2020,07027AA000,Inca,ingres,1,10697606.71
2020,07007AA000,Banyalbufar,ingres,3,230770.39
2020,07007AA000,Banyalbufar,despesa,3,7700.00
2020,07022AA000,Felanitx,ingres,4,4337700.00
2020,07022AA000,Felanitx,ingres,5,641200.00
2020,07022AA000,Felanitx,ingres,9,500000.00
2020,07053AA000,Santa Eugènia,ingres,2,80000.00
2020,07053AA000,Santa Eugènia,despesa,4,181918.89
2020,07065AA000,Vilafranc de Bonany,despesa,3,276340.82
2020,07015AV003,P. Esc. Infantiles,despesa,1,486499.12
2020,07023AA000,Ferreries,despesa,2,2897392.75
2020,07023AA000,Ferreries,despesa,3,14800.00
2020,07023AA000,Ferreries,despesa,4,472680.00
2020,07023AA000,Ferreries,despesa,8,40000.00
2020,07042AA000,Pollença,ingres,1,10720000.00
2020,07042AA000,Pollença,despesa,1,9840785.42
2020,07043AA000,Porreres,ingres,1,1738481.60
2020,07043AA000,Porreres,ingres,5,15100.00
2020,07043AA000,Porreres,despesa,1,1208003.81
2020,07051AA000,Sant Llorenç des Cardassar,ingres,3,4638500.00
2020,07051AA000,Sant Llorenç des Cardassar,ingres,7,888434.02
2020,07052AA000,Sant Lluís,ingres,3,2491500.00
2020,07052AA000,Sant Lluís,ingres,5,422000.00
2020,07052AA000,Sant Lluís,despesa,2,3957115.00
2020,07052AA000,Sant Lluís,despesa,4,765220.00
2020,07052AA000,Sant Lluís,despesa,5,170000.00
2020,07054AA000,Santa Eulalia del Río,ingres,1,18399958.15
2020,07056AA000,Santa María del Camí,ingres,7,1130442.81
2020,07057AA000,Santanyí,ingres,3,5347298.29
2020,07057AA000,Santanyí,despesa,2,9508603.86
2020,07057AA000,Santanyí,despesa,6,4491673.10
2020,07902AA000,Migjorn Gran (Es),ingres,5,120100.00
2020,07902AA000,Migjorn Gran (Es),despesa,6,1004647.03
2020,07902AA000,Migjorn Gran (Es),despesa,8,1000.00
2020,07001DD000,Consejo Insular de Ibiza,ingres,7,6857782.71
2020,07001DD000,Consejo Insular de Ibiza,despesa,9,200000.00
2020,07002DD000,Consejo Insular de Mallorca,despesa,2,55033949.62
2020,07002DV001,Inst. l'Esport Hipic,despesa,6,857000.00
2020,07002DO001,Agència  Protecció Legalitat Urbanística i Territorial de Mallorca,ingres,3,1546265.99
2020,07002DV003,Inst.  Mallorquí d'Afers Socials,ingres,4,201518916.11
2020,07002DV003,Inst.  Mallorquí d'Afers Socials,ingres,8,120000.00
2020,07002DV003,Inst.  Mallorquí d'Afers Socials,despesa,1,71662648.11
2020,07002DV003,Inst.  Mallorquí d'Afers Socials,despesa,7,2425000.00
2020,07003DD000,Consejo Insular de Menorca,despesa,2,15692936.66
2020,07003MM000,Mc. Migjorn de Mallorca,ingres,4,100.00
2020,07003MM000,Mc. Migjorn de Mallorca,despesa,4,4720.00
2020,07006AA000,Artà,ingres,1,4760000.00
2020,07006AA000,Artà,ingres,7,691299.71
2020,07006AA000,Artà,despesa,3,20002.00
2020,07006AA000,Artà,despesa,4,408972.20
2020,07010AA000,Bunyola,despesa,3,61900.00
2020,07012AA000,Campanet,ingres,1,762325.00
2020,07014AA000,Capdepera,ingres,3,5605500.00
2020,07014AA000,Capdepera,ingres,4,2830000.00
2020,07014AA000,Capdepera,despesa,3,9246.99
2020,07016AA000,Consell,despesa,3,7050.00
2020,07026AV001,P. M. Deportes,ingres,8,10.00
2020,07026AV002,P. M. Música,ingres,3,47510.00
2020,07030AA000,Llubí,ingres,1,728119.00
2020,07030AA000,Llubí,ingres,2,100000.00
2020,07030AA000,Llubí,despesa,6,584636.00
2020,07031AA000,Llucmajor,ingres,5,2862600.00
2020,07031AV001,P. Res. Personas Mayores,ingres,3,325100.00
2020,07032AA000,Maó,ingres,6,968000.00
2020,07032AA000,Maó,ingres,9,2500000.00
2020,07036AA000,Marratxí,ingres,2,1600000.00
2020,07036AA000,Marratxí,despesa,1,12947119.74
2020,07036AA000,Marratxí,despesa,3,13320.00
2020,07037AA000,Mercadal (Es),despesa,7,8100.00
2020,07041AA000,Petra,ingres,1,589324.09
2020,07041AO001,F. Escuela Municipal de Música de Petra,ingres,4,23500.00
2020,07046AA000,Sant Antoni de Portmany,despesa,6,5710434.35
2020,07048AA000,Sant Josep de sa Talaia,ingres,1,14106241.76
2020,07048AA000,Sant Josep de sa Talaia,despesa,4,1695104.07
2020,07055AA000,Santa Margalida,ingres,3,4128220.00
2020,07055AA000,Santa Margalida,despesa,4,326200.00
2020,07061AA000,Sóller,despesa,4,607207.11
2020,07064AA000,Castell (Es),despesa,7,214510.13
2020,07040AA000,Palma,ingres,1,191053380.79
2020,07040AA000,Palma,ingres,7,6168422.80
2020,07040AA000,Palma,despesa,9,23911836.55
2020,07040AV001,Inst. M. l'Esport,despesa,4,162000.00
2020,07040AV002,P. M. d'Escoles d'Infants,despesa,2,4364419.08
2020,07040AV004,P. M. l'Habitatge,despesa,8,93000.00
2020,07040AV006,Instituto Municipal Innovación  (IMI),ingres,5,50.00
2020,07040AV009,Inst. M. Form. Ocupacional i Feina,ingres,3,36000.00
2020,07040AV009,Inst. M. Form. Ocupacional i Feina,ingres,7,182050.00
2020,07062AA000,Son Servera,ingres,3,3500992.00
2020,07062AA000,Son Servera,ingres,4,2978131.19
2020,07062AA000,Son Servera,despesa,2,7277792.64
2020,07062AA000,Son Servera,despesa,8,60000.00
2020,07049AA000,Sant Joan,despesa,1,750309.00
2020,07011AO001,"Inst. M. de Educación y Bibliotecas, IMEB -Calvià",despesa,1,4717038.35
2020,07011AO001,"Inst. M. de Educación y Bibliotecas, IMEB -Calvià",despesa,6,195000.00
2020,07002AA000,Alaior,despesa,3,34711.71
2020,07011AA000,Calvià,despesa,8,310000.00
2020,07033AV002,P. l'Escola M. de Mallorqui,ingres,3,22000.00
2020,07033AO002,Institució Pública Antoni M. Alcover,despesa,2,69000.00
2020,07033AO002,Institució Pública Antoni M. Alcover,despesa,6,5000.00
2020,07044AA000,Pobla (Sa),ingres,5,16523.16
2020,07044AA000,Pobla (Sa),despesa,9,729178.33
2020,07901AA000,Ariany,despesa,1,253441.50
2020,07008AA000,Binissalem,ingres,5,13200.00
2020,07008AA000,Binissalem,despesa,1,2530323.84
2020,07008AA000,Binissalem,despesa,4,782970.00
2020,07017AA000,Costitx,ingres,5,18100.00
2020,07017AA000,Costitx,ingres,7,15000.00
2020,07018AA000,Deyá,ingres,1,1091000.00
2020,07025AA000,Fornalutx,ingres,1,432443.27
2020,07022AV001,Ctro. Cultural,despesa,2,124900.00
2020,07053AA000,Santa Eugènia,ingres,3,393457.02
2020,07065AA000,Vilafranc de Bonany,ingres,2,100000.00
2020,07065AA000,Vilafranc de Bonany,ingres,5,700.00
2020,07001AA000,Alaró,ingres,7,184300.00
2020,07001AA000,Alaró,despesa,2,1250225.00
2020,07015AV003,P. Esc. Infantiles,despesa,2,575561.65
2020,07023AA000,Ferreries,despesa,5,98280.36
2020,07043AA000,Porreres,ingres,3,223088.85
2020,07043AA000,Porreres,despesa,6,571721.48
2020,07043AA000,Porreres,despesa,9,194406.24
2020,07056AV001,P. Res. Pers. Majors. Cas Metge Rei,ingres,3,513499.00
2020,07057AA000,Santanyí,ingres,1,10843449.13
2020,07057AA000,Santanyí,ingres,2,1055000.00
2020,07902AA000,Migjorn Gran (Es),despesa,2,1087978.40
2020,07902AA000,Migjorn Gran (Es),despesa,4,375137.15
2020,07902AA000,Migjorn Gran (Es),despesa,9,35175.08
2020,07001DD000,Consejo Insular de Ibiza,despesa,8,250000.00
2020,07002DD000,Consejo Insular de Mallorca,despesa,3,984660.14
2020,07002DV001,Inst. l'Esport Hipic,despesa,4,1024000.00
2020,07002DV003,Inst.  Mallorquí d'Afers Socials,despesa,3,30000.00
2020,07002DV003,Inst.  Mallorquí d'Afers Socials,despesa,8,120000.00
2020,07003DD000,Consejo Insular de Menorca,ingres,1,1359862.40
2020,07002MM000,Mc. Pla de Mallorca,ingres,5,2500.00
2020,07003MM000,Mc. Migjorn de Mallorca,ingres,5,1000.00
2020,07003MM000,Mc. Migjorn de Mallorca,despesa,6,30775.00
2020,07004AA000,Algaida,ingres,3,738291.34
2020,07004AA000,Algaida,despesa,3,2320.00
2020,07012AA000,Campanet,ingres,3,643500.00
2020,07012AA000,Campanet,despesa,3,3400.00
2020,07013AA000,Campos,ingres,4,2880587.26
2020,07013AA000,Campos,despesa,4,140370.14
2020,07014AA000,Capdepera,despesa,5,141979.52
2020,07014AA000,Capdepera,despesa,6,2031793.33
2020,07016AA000,Consell,ingres,3,1156599.89
2020,07026AA000,Eivissa,despesa,2,28158998.74
2020,07026AV001,P. M. Deportes,despesa,3,4000.00
2020,07026AV002,P. M. Música,despesa,4,2000.00
2020,07028AA000,Lloret de Vistalegre,ingres,5,6460.00
2020,07029AA000,Lloseta,despesa,4,435074.54
2020,07029AA000,Lloseta,despesa,9,99559.72
2020,07031AA000,Llucmajor,ingres,8,55000.00
2020,07031AA000,Llucmajor,despesa,3,95000.00
2020,07034AA000,Mancor de la Vall,ingres,2,23250.00
2020,07035AA000,Maria de la Salut,despesa,1,794509.07
2020,07036AA000,Marratxí,despesa,4,9933710.93
2020,07037AA000,Mercadal (Es),ingres,2,201800.00
2020,07041AA000,Petra,ingres,6,6.00
2020,07041AA000,Petra,despesa,4,137362.00
2020,07046AA000,Sant Antoni de Portmany,ingres,7,1385385.17
2020,07046AA000,Sant Antoni de Portmany,despesa,1,7582614.93
2020,07048AA000,Sant Josep de sa Talaia,ingres,4,7630535.29
2020,07048AA000,Sant Josep de sa Talaia,despesa,5,200000.00
2020,07050AA000,Sant Joan de Labritja,ingres,5,1500.00
2020,07055AA000,Santa Margalida,despesa,1,5424150.00
2020,07061AA000,Sóller,despesa,1,7285541.53
2020,07061AA000,Sóller,despesa,3,167000.00
2020,07061AA000,Sóller,despesa,7,194000.00
2020,07063AA000,Valldemossa,despesa,9,265000.00
2020,07005AA000,Andratx,ingres,2,2800000.00
2020,07005AA000,Andratx,despesa,2,11725540.36
2020,07040AA000,Palma,despesa,4,92254835.23
2020,07040AV001,Inst. M. l'Esport,ingres,8,90000.00
2020,07040AV002,P. M. d'Escoles d'Infants,ingres,4,7621731.22
2020,07040AV002,P. M. d'Escoles d'Infants,ingres,7,240073.45
2020,07040AV002,P. M. d'Escoles d'Infants,despesa,4,296700.00
2020,07040AV004,P. M. l'Habitatge,ingres,4,1811737.94
2020,07040AV004,P. M. l'Habitatge,despesa,1,1944743.94
2020,07040AV009,Inst. M. Form. Ocupacional i Feina,ingres,4,7160276.24
2020,07040AV009,Inst. M. Form. Ocupacional i Feina,despesa,1,5942786.73
2020,07040AV009,Inst. M. Form. Ocupacional i Feina,despesa,8,20000.00
2020,07062AA000,Son Servera,ingres,5,654259.29
2020,07003AA000,Alcúdia,ingres,3,7528750.00
2020,07003AA000,Alcúdia,ingres,4,4512189.00
2020,07039AA000,Muro,ingres,2,531230.50
2020,07059AA000,Salines (Ses),ingres,4,1502699.00
2020,07059AA000,Salines (Ses),ingres,9,300000.00
2020,07011AO001,"Inst. M. de Educación y Bibliotecas, IMEB -Calvià",ingres,7,118000.00
2020,07002AA000,Alaior,ingres,2,252487.69
2020,07002AA000,Alaior,despesa,4,584634.26
2020,07033AA000,Manacor,ingres,5,573791.00
2020,07033AO001,Institut Públic del Teatre Municipal,ingres,7,50000.00
2020,07033AO001,Institut Públic del Teatre Municipal,despesa,2,450000.00
2020,07033AV003,P. M. d'Esports,ingres,5,36500.00
2020,07033AO002,Institució Pública Antoni M. Alcover,ingres,7,5000.00
2020,07044AA000,Pobla (Sa),despesa,3,45260.60
2020,07044AA000,Pobla (Sa),despesa,4,293740.39
2020,07901AA000,Ariany,ingres,1,362028.72
2020,07011AO002,Oficina Municipal de Tributos de Calvià,despesa,2,336853.00
2020,07008AA000,Binissalem,ingres,6,60000.00
2020,07008AV001,P. M. d'Esports,despesa,4,1.00
2020,07017AA000,Costitx,ingres,3,68200.00
2020,07025AA000,Fornalutx,ingres,4,376737.00
2020,07025AA000,Fornalutx,despesa,6,7317.50
2020,07007AA000,Banyalbufar,despesa,4,35346.87
2020,07022AV001,Ctro. Cultural,despesa,3,100.00
2020,07024AA000,Formentera,despesa,4,1676000.00
2020,07024AA000,Formentera,despesa,6,3925000.00
2020,07065AA000,Vilafranc de Bonany,despesa,9,121600.00
2020,07001AA000,Alaró,ingres,4,1654122.92
2020,07015AA000,Ciutadella de Menorca,ingres,7,198014.59
2020,07015AV002,Hospital Municipal,despesa,2,600700.00
2020,07042AA000,Pollença,despesa,3,154680.32
2020,07043AA000,Porreres,despesa,3,11615.03
2020,07051AA000,Sant Llorenç des Cardassar,despesa,8,10000.00
2020,07054AA000,Santa Eulalia del Río,ingres,7,1351413.42
2020,07054AA000,Santa Eulalia del Río,despesa,7,183500.00
2020,07056AA000,Santa María del Camí,ingres,3,1689164.45
2020,07056AA000,Santa María del Camí,despesa,2,2289112.82
2020,07056AA000,Santa María del Camí,despesa,4,516378.18
2020,07056AV001,P. Res. Pers. Majors. Cas Metge Rei,ingres,4,279318.07
2020,07056AV001,P. Res. Pers. Majors. Cas Metge Rei,ingres,5,1.00
2020,07057AA000,Santanyí,ingres,5,1079870.38
2020,07057AA000,Santanyí,despesa,1,7748811.11
2020,07057AA000,Santanyí,despesa,3,43000.00
2020,07001DD000,Consejo Insular de Ibiza,ingres,8,250000.00
2020,07001DV003,P. Esc. Turismo,ingres,4,530000.00
2020,07001DV003,P. Esc. Turismo,despesa,6,23000.00
2020,07002DD000,Consejo Insular de Mallorca,despesa,4,227565774.15
2020,07002DD000,Consejo Insular de Mallorca,despesa,7,27535422.05
2020,07002DD000,Consejo Insular de Mallorca,despesa,9,1050000.00
2020,07002DV001,Inst. l'Esport Hipic,despesa,8,5000.00
2020,07002DV003,Inst.  Mallorquí d'Afers Socials,despesa,6,3220766.77
2020,07003DD000,Consejo Insular de Menorca,ingres,2,1825674.62
2020,07003DD000,Consejo Insular de Menorca,ingres,3,3058798.85
2020,07003DD000,Consejo Insular de Menorca,ingres,7,21331039.63
2020,07003DD000,Consejo Insular de Menorca,despesa,1,23742387.55
2020,07002MM000,Mc. Pla de Mallorca,ingres,4,6612592.15
2020,07003MM000,Mc. Migjorn de Mallorca,despesa,1,745974.61
2020,07004AA000,Algaida,despesa,4,132950.00
2020,07004AA000,Algaida,despesa,9,37060.27
2020,07006AA000,Artà,ingres,2,570595.85
2020,07010AA000,Bunyola,despesa,4,560878.89
2020,07014AA000,Capdepera,ingres,1,9010000.00
2020,07016AA000,Consell,despesa,2,1182808.41
2020,07026AA000,Eivissa,ingres,2,1490000.00
2020,07026AA000,Eivissa,ingres,5,3408520.00
2020,07026AA000,Eivissa,ingres,8,10.00
2020,07026AV003,Museo de Arte Contemporáneo,despesa,8,10.00
2020,07028AA000,Lloret de Vistalegre,ingres,3,136636.01
2020,07029AA000,Lloseta,ingres,2,125000.00
2020,07030AA000,Llubí,ingres,4,622326.00
2020,07030AA000,Llubí,despesa,7,450.00
2020,07031AA000,Llucmajor,despesa,4,1195828.18
2020,07034AA000,Mancor de la Vall,despesa,9,25000.00
2020,07035AA000,Maria de la Salut,ingres,3,332369.67
2020,07035AA000,Maria de la Salut,despesa,6,1491910.97
2020,07037AA000,Mercadal (Es),despesa,9,447531.00
2020,07041AA000,Petra,ingres,2,118100.00
2020,07041AA000,Petra,despesa,2,746207.21
2020,07041AO001,F. Escuela Municipal de Música de Petra,despesa,2,1280.60
2020,07046AA000,Sant Antoni de Portmany,ingres,3,5959200.00
2020,07046AA000,Sant Antoni de Portmany,despesa,2,12835675.89
2020,07048AA000,Sant Josep de sa Talaia,ingres,5,4505000.00
2020,07048AA000,Sant Josep de sa Talaia,despesa,7,86992.75
2020,07055AA000,Santa Margalida,ingres,1,6804000.00
2020,07061AA000,Sóller,ingres,5,291545.00
2020,07061AA000,Sóller,despesa,6,965984.49
2020,07061AA000,Sóller,despesa,9,521199.83
2020,07063AA000,Valldemossa,ingres,1,1456509.94
2020,07063AA000,Valldemossa,ingres,4,701004.33
2020,07063AA000,Valldemossa,despesa,1,1677077.62
2020,07063AA000,Valldemossa,despesa,2,1513736.17
2020,07064AA000,Castell (Es),ingres,7,2420047.50
2020,07064AA000,Castell (Es),despesa,3,21000.00
2020,07064AA000,Castell (Es),despesa,9,210000.00
2020,07005AA000,Andratx,ingres,1,12076000.00
2020,07005AA000,Andratx,ingres,4,2850000.00
2020,07005AA000,Andratx,despesa,4,659790.00
2020,07040AA000,Palma,despesa,1,158408813.85
2020,07040AA000,Palma,despesa,7,5153960.30
2020,07040AV001,Inst. M. l'Esport,ingres,5,208210.00
2020,07040AV004,P. M. l'Habitatge,ingres,7,827500.00
2020,07040AV006,Instituto Municipal Innovación  (IMI),ingres,4,6698725.26
2020,07040AV009,Inst. M. Form. Ocupacional i Feina,despesa,3,1565.16
2020,07062AA000,Son Servera,ingres,7,178406.25
2020,07062AA000,Son Servera,despesa,7,126092.76
2020,07003AA000,Alcúdia,despesa,2,13124649.03
2020,07003AA000,Alcúdia,despesa,3,156100.00
2020,07003AA000,Alcúdia,despesa,4,1655443.29
2020,07049AA000,Sant Joan,ingres,1,683500.00
2020,07049AA000,Sant Joan,despesa,9,50500.00
2020,07059AA000,Salines (Ses),ingres,1,2856500.00
2020,07059AA000,Salines (Ses),despesa,5,70000.00
2020,07059AA000,Salines (Ses),despesa,6,564602.00
2020,07002AA000,Alaior,ingres,4,2903360.21
2020,07002AA000,Alaior,despesa,5,101574.48
2020,07011AA000,Calvià,ingres,2,6101500.00
2020,07011AA000,Calvià,despesa,6,8584997.00
2020,07033AA000,Manacor,despesa,1,17648970.30
2020,07033AV002,P. l'Escola M. de Mallorqui,despesa,6,6536.50
2020,07044AA000,Pobla (Sa),despesa,2,5972198.26
2020,07008AA000,Binissalem,ingres,2,270000.00
2020,07008AA000,Binissalem,ingres,3,1409400.00
2020,07017AA000,Costitx,despesa,2,425000.00
2020,07027AA000,Inca,ingres,4,8179683.09
2020,07007AA000,Banyalbufar,ingres,5,35000.00
2020,07022AA000,Felanitx,despesa,1,7855650.00
2020,07024AA000,Formentera,despesa,2,10850000.00
2020,07065AA000,Vilafranc de Bonany,ingres,1,850200.00
2020,07065AA000,Vilafranc de Bonany,ingres,3,394500.00
2020,07001AA000,Alaró,despesa,6,374754.03
2020,07015AA000,Ciutadella de Menorca,ingres,1,14945000.00
2020,07015AA000,Ciutadella de Menorca,despesa,6,1364112.84
2020,07015AV002,Hospital Municipal,despesa,6,20000.00
2020,07015AV003,P. Esc. Infantiles,ingres,7,30000.00
2020,07023AA000,Ferreries,ingres,2,85000.00
2020,07023AA000,Ferreries,ingres,3,879602.00
2020,07023AA000,Ferreries,despesa,6,611059.56
2020,07042AA000,Pollença,ingres,3,7046240.00
2020,07042AA000,Pollença,ingres,4,4330617.08
2020,07042AA000,Pollença,despesa,6,727170.71
2020,07043AA000,Porreres,despesa,2,1408441.53
2020,07051AA000,Sant Llorenç des Cardassar,despesa,6,2359053.27
2020,07052AA000,Sant Lluís,ingres,1,5604000.00
2020,07052AA000,Sant Lluís,ingres,6,612463.30
2020,07054AA000,Santa Eulalia del Río,ingres,3,10745170.00
2020,07054AA000,Santa Eulalia del Río,despesa,1,10405137.42
2020,07054AA000,Santa Eulalia del Río,despesa,3,50010.00
2020,07056AV001,P. Res. Pers. Majors. Cas Metge Rei,despesa,1,569701.56
2020,07902AA000,Migjorn Gran (Es),ingres,3,865920.00
2020,07001DD000,Consejo Insular de Ibiza,ingres,1,3000000.00
2020,07001DD000,Consejo Insular de Ibiza,ingres,4,68481238.21
2020,07001DD000,Consejo Insular de Ibiza,despesa,4,17123515.88
2020,07001DD000,Consejo Insular de Ibiza,despesa,5,978572.92
2020,07001DD000,Consejo Insular de Ibiza,despesa,6,5171301.16
2020,07001DV003,P. Esc. Turismo,despesa,4,40000.00
2020,07002DD000,Consejo Insular de Mallorca,ingres,7,74412225.17
2020,07002DO001,Agència  Protecció Legalitat Urbanística i Territorial de Mallorca,ingres,4,965000.00
2020,07003DD000,Consejo Insular de Menorca,ingres,5,76080.68
2020,07003DD000,Consejo Insular de Menorca,ingres,8,275000.00
2020,07003DV001,Inst. Menorquín de Estudios,ingres,4,826200.00
2020,07003DV001,Inst. Menorquín de Estudios,despesa,6,4000.00
2020,07003DV002,Consell Economic i Social,ingres,4,24050.00
2020,07010AE001,Palmanyola,despesa,3,250.00
2020,07006AA000,Artà,ingres,4,2247510.00
2020,07010AA000,Bunyola,ingres,2,367850.92
2020,07010AA000,Bunyola,despesa,2,2696637.34
2020,07010AA000,Bunyola,despesa,6,1176832.88
2020,07012AA000,Campanet,ingres,7,44758.34
2020,07012AA000,Campanet,despesa,1,998268.97
2020,07012AA000,Campanet,despesa,6,262071.30
2020,07014AA000,Capdepera,despesa,7,400000.00
2020,07014AO001,F. Castell de Capdepera,ingres,3,281000.00
2020,07016AA000,Consell,ingres,2,70000.00
2020,07016AA000,Consell,ingres,7,392581.15
2020,07016AA000,Consell,despesa,4,332775.80
2020,07016AA000,Consell,despesa,6,1112794.24
2020,07026AV001,P. M. Deportes,ingres,4,1999990.00
2020,07026AV003,Museo de Arte Contemporáneo,ingres,4,281790.00
2020,07026AV003,Museo de Arte Contemporáneo,ingres,8,10.00
2020,07026AV002,P. M. Música,despesa,3,700.00
2020,07026AV002,P. M. Música,despesa,6,2500.00
2020,07028AA000,Lloret de Vistalegre,despesa,6,334278.50
2020,07032AA000,Maó,ingres,4,9049649.00
2020,07032AA000,Maó,ingres,5,319020.00
2020,07032AA000,Maó,despesa,3,168905.00
2020,07032AA000,Maó,despesa,4,3963555.00
2020,07034AA000,Mancor de la Vall,despesa,2,603298.20
2020,07035AA000,Maria de la Salut,despesa,2,563964.37
2020,07036AA000,Marratxí,ingres,7,838428.19
2020,07037AA000,Mercadal (Es),despesa,2,4564284.00
2020,07041AA000,Petra,ingres,3,315050.00
2020,07041AA000,Petra,despesa,5,20000.00
2020,07046AA000,Sant Antoni de Portmany,ingres,4,6082000.00
2020,07050AA000,Sant Joan de Labritja,ingres,7,5150673.88
2020,07050AA000,Sant Joan de Labritja,despesa,1,1828236.02
2020,07040AA000,Palma,despesa,2,123175951.82
2020,07040AA000,Palma,despesa,3,7420882.38
2020,07040AA000,Palma,despesa,6,21255061.46
2020,07040AV001,Inst. M. l'Esport,despesa,8,90000.00
2020,07040AV002,P. M. d'Escoles d'Infants,ingres,8,11000.00
2020,07040AV004,P. M. l'Habitatge,despesa,3,2100.00
2020,07040AV004,P. M. l'Habitatge,despesa,4,76000.00
2020,07040AV006,Instituto Municipal Innovación  (IMI),despesa,2,940440.16
2020,07062AA000,Son Servera,ingres,2,315115.69
2020,07062AA000,Son Servera,despesa,1,6169085.13
2020,07003AA000,Alcúdia,ingres,2,350000.00
2020,07039AA000,Muro,despesa,1,4612989.50
2020,07002AA000,Alaior,ingres,7,350250.00
2020,07011AA000,Calvià,despesa,1,36198410.56
2020,07033AA000,Manacor,despesa,8,60100.00
2020,07033AV002,P. l'Escola M. de Mallorqui,ingres,7,6536.50
2020,07033AV002,P. l'Escola M. de Mallorqui,despesa,3,31.00
2020,07033AV003,P. M. d'Esports,despesa,2,322150.00
2020,07044AA000,Pobla (Sa),despesa,5,1300.00
2020,07044AA000,Pobla (Sa),despesa,6,491597.73
2020,07901AA000,Ariany,ingres,7,240040.00
2020,07008AA000,Binissalem,despesa,5,47000.00
2020,07008AV001,P. M. d'Esports,ingres,4,1.00
2020,07017AA000,Costitx,ingres,4,383500.00
2020,07017AA000,Costitx,despesa,1,362000.00
2020,07018AA000,Deyá,ingres,2,60000.00
2020,07018AA000,Deyá,despesa,4,155173.00
2020,07018AA000,Deyá,despesa,6,51000.00
2020,07025AA000,Fornalutx,ingres,3,338825.00
2020,07027AA000,Inca,ingres,2,457332.03
2020,07027AA000,Inca,despesa,7,150000.00
2020,07027AA000,Inca,despesa,8,35000.00
2020,07022AV001,Ctro. Cultural,despesa,4,6500.00
2020,07024AA000,Formentera,ingres,3,6378000.00
2020,07024AA000,Formentera,despesa,1,12639000.00
2020,07053AA000,Santa Eugènia,despesa,6,18300.00
2020,07065AA000,Vilafranc de Bonany,ingres,7,232700.00
2020,07065AA000,Vilafranc de Bonany,despesa,5,10000.00
2020,07001AA000,Alaró,ingres,2,251100.00
2020,07001AA000,Alaró,despesa,7,6100.00
2020,07015AA000,Ciutadella de Menorca,ingres,2,633300.00
2020,07015AA000,Ciutadella de Menorca,ingres,4,8745588.26
2020,07015AA000,Ciutadella de Menorca,despesa,2,13094453.23
2020,07015AV002,Hospital Municipal,ingres,7,20000.00
2020,07023AA000,Ferreries,ingres,5,875001.00
2020,07023AA000,Ferreries,despesa,1,2208627.67
2020,07042AA000,Pollença,despesa,4,4025489.56
2020,07051AA000,Sant Llorenç des Cardassar,ingres,4,2258000.00
2020,07052AA000,Sant Lluís,ingres,7,377360.00
2020,07052AA000,Sant Lluís,despesa,6,1434196.00
2020,07054AA000,Santa Eulalia del Río,ingres,2,2200260.00
2020,07054AA000,Santa Eulalia del Río,ingres,6,20.00
2020,07054AA000,Santa Eulalia del Río,ingres,8,15010.00
2020,07054AA000,Santa Eulalia del Río,ingres,9,20.00
2020,07054AA000,Santa Eulalia del Río,despesa,4,2746972.58
2020,07054AA000,Santa Eulalia del Río,despesa,5,75000.00
2020,07056AA000,Santa María del Camí,despesa,6,1608963.63
2020,07057AA000,Santanyí,despesa,7,326797.85
2020,07902AA000,Migjorn Gran (Es),ingres,7,601471.83
2020,07001DD000,Consejo Insular de Ibiza,ingres,2,3336790.00
2020,07001DD000,Consejo Insular de Ibiza,despesa,7,7786195.62
2020,07002DD000,Consejo Insular de Mallorca,ingres,2,16769570.00
2020,07002DO001,Agència  Protecció Legalitat Urbanística i Territorial de Mallorca,despesa,6,50000.00
2020,07003DD000,Consejo Insular de Menorca,despesa,7,9654742.35
2020,07003DD000,Consejo Insular de Menorca,despesa,8,275000.00
2020,07003DV002,Consell Economic i Social,despesa,4,10800.00
2020,07002MM000,Mc. Pla de Mallorca,despesa,1,882095.40
2020,07002MM000,Mc. Pla de Mallorca,despesa,6,920745.09
2020,07004AA000,Algaida,despesa,1,1831382.70
2020,07006AA000,Artà,ingres,3,3778752.00
2020,07012AA000,Campanet,ingres,5,6200.00
2020,07013AA000,Campos,ingres,2,910400.00
2020,07013AA000,Campos,despesa,1,5073094.55
2020,07014AO001,F. Castell de Capdepera,despesa,2,160000.00
2020,07016AA000,Consell,ingres,4,1066225.22
2020,07026AV001,P. M. Deportes,despesa,4,360000.00
2020,07026AV002,P. M. Música,despesa,8,10.00
2020,07028AA000,Lloret de Vistalegre,ingres,2,45050.00
2020,07028AA000,Lloret de Vistalegre,ingres,4,522441.45
2020,07028AA000,Lloret de Vistalegre,despesa,4,25156.08
2020,07030AA000,Llubí,despesa,1,791321.00
2020,07030AA000,Llubí,despesa,4,81100.00
2020,07031AA000,Llucmajor,ingres,3,10723500.00
2020,07031AA000,Llucmajor,ingres,4,7854100.00
2020,07032AA000,Maó,despesa,5,100000.00
2020,07034AA000,Mancor de la Vall,ingres,1,566000.00
2020,07034AA000,Mancor de la Vall,ingres,5,7700.00
2020,07034AA000,Mancor de la Vall,despesa,3,1660.00
2020,07035AA000,Maria de la Salut,ingres,5,15565.87
2020,07036AA000,Marratxí,despesa,2,7283518.07
2020,07037AA000,Mercadal (Es),ingres,4,1716850.00
2020,07037AA000,Mercadal (Es),ingres,8,15000.00
2020,07037AA000,Mercadal (Es),ingres,9,447530.00
2020,07037AA000,Mercadal (Es),despesa,1,2847910.00
2020,07037AA000,Mercadal (Es),despesa,5,75595.00
2020,07041AA000,Petra,ingres,4,719396.63
2020,07041AA000,Petra,despesa,6,1048756.89
2020,07048AA000,Sant Josep de sa Talaia,despesa,1,9513489.25
2020,07050AA000,Sant Joan de Labritja,ingres,3,1964159.12
2020,07055AA000,Santa Margalida,ingres,4,2732190.00
2020,07055AA000,Santa Margalida,despesa,2,7148470.00
2020,07064AA000,Castell (Es),ingres,2,140000.00
2020,07064AA000,Castell (Es),despesa,4,492342.72
2020,07005AA000,Andratx,despesa,5,100.00
2020,07040AA000,Palma,ingres,8,3550000.00
2020,07040AA000,Palma,despesa,5,4184658.41
2020,07040AV001,Inst. M. l'Esport,despesa,1,5206349.44
2020,07040AV002,P. M. d'Escoles d'Infants,ingres,5,20.00
2020,07040AV006,Instituto Municipal Innovación  (IMI),despesa,3,1000.00
2020,07040AV009,Inst. M. Form. Ocupacional i Feina,despesa,6,82050.00
2020,07040AV009,Inst. M. Form. Ocupacional i Feina,despesa,7,100000.00
2020,07062AA000,Son Servera,despesa,6,358074.91
2020,07003AA000,Alcúdia,ingres,7,1600542.95
2020,07039AA000,Muro,ingres,3,3368784.52
2020,07039AA000,Muro,ingres,4,1984463.15
2020,07039AA000,Muro,despesa,2,5618944.56
2020,07049AA000,Sant Joan,ingres,2,40000.00
2020,07059AA000,Salines (Ses),ingres,3,1725001.00
2020,07059AA000,Salines (Ses),despesa,3,6500.00
2020,07059AA000,Salines (Ses),despesa,7,44232.40
2020,07011AO001,"Inst. M. de Educación y Bibliotecas, IMEB -Calvià",ingres,3,1583102.89
2020,07011AO001,"Inst. M. de Educación y Bibliotecas, IMEB -Calvià",ingres,8,22000.00
2020,07033AA000,Manacor,ingres,8,60000.00
2020,07033AV002,P. l'Escola M. de Mallorqui,despesa,2,80132.50
2020,07033AV003,P. M. d'Esports,ingres,4,281650.00
2020,07044AA000,Pobla (Sa),ingres,4,3787230.98
2020,07044AA000,Pobla (Sa),despesa,1,5106927.77
2020,07044AA000,Pobla (Sa),despesa,7,87276.06
2020,07901AA000,Ariany,ingres,2,30000.00
2020,07011AO002,Oficina Municipal de Tributos de Calvià,ingres,3,120000.00
2020,07011AO002,Oficina Municipal de Tributos de Calvià,ingres,8,22000.00
2020,07011AO002,Oficina Municipal de Tributos de Calvià,despesa,8,22000.00
2020,07008AA000,Binissalem,despesa,3,52000.00
2020,07027AA000,Inca,ingres,5,131692.00
2020,07027AA000,Inca,despesa,1,12992737.08
2020,07022AA000,Felanitx,despesa,2,8479950.00
2020,07024AA000,Formentera,despesa,3,25000.00
2020,07001AA000,Alaró,ingres,1,1877000.00
2020,07015AA000,Ciutadella de Menorca,ingres,5,675410.39
2020,07015AA000,Ciutadella de Menorca,despesa,5,319703.41
2020,07015AA000,Ciutadella de Menorca,despesa,7,637866.50
2020,07015AV003,P. Esc. Infantiles,despesa,6,42669.23
2020,07042AA000,Pollença,ingres,5,49217.32
2020,07043AA000,Porreres,ingres,2,171021.90
2020,07051AA000,Sant Llorenç des Cardassar,despesa,1,5982463.75
2020,07051AA000,Sant Llorenç des Cardassar,despesa,5,195785.79
2020,07052AA000,Sant Lluís,ingres,2,360000.00
2020,07052AA000,Sant Lluís,despesa,1,5017700.00
2020,07056AA000,Santa María del Camí,ingres,1,2373348.33
2020,07056AA000,Santa María del Camí,ingres,5,50.00
2020,07056AA000,Santa María del Camí,despesa,1,2844831.78
2020,07057AA000,Santanyí,ingres,7,3065845.92
2020,07902AA000,Migjorn Gran (Es),ingres,1,1109000.00
2020,07001DD000,Consejo Insular de Ibiza,despesa,2,23275818.09
2020,07002DD000,Consejo Insular de Mallorca,ingres,3,18172863.10
2020,07002DD000,Consejo Insular de Mallorca,ingres,5,2173805.26
2020,07002DD000,Consejo Insular de Mallorca,despesa,1,80301792.39
2020,07002DD000,Consejo Insular de Mallorca,despesa,6,76402658.56
2020,07002DV001,Inst. l'Esport Hipic,ingres,3,302753.83
2020,07002DV001,Inst. l'Esport Hipic,ingres,8,5000.00
2020,07002DV003,Inst.  Mallorquí d'Afers Socials,ingres,7,5645766.77
2020,07003DV001,Inst. Menorquín de Estudios,despesa,1,544896.73
2020,07010AE001,Palmanyola,ingres,3,31500.00
2020,07010AE001,Palmanyola,ingres,4,613954.54
2020,07010AE001,Palmanyola,despesa,1,305313.58
2020,07003MM000,Mc. Migjorn de Mallorca,ingres,3,1296777.61
2020,07006AA000,Artà,ingres,5,33102.00
2020,07006AA000,Artà,despesa,6,1530649.80
2020,07006AA000,Artà,despesa,7,1.00
2020,07010AA000,Bunyola,ingres,1,2797492.17
2020,07013AA000,Campos,ingres,1,4808722.10
2020,07013AA000,Campos,despesa,7,100000.00
2020,07014AO001,F. Castell de Capdepera,ingres,5,500.00
2020,07014AO001,F. Castell de Capdepera,despesa,1,99364.10
2020,07026AV001,P. M. Deportes,ingres,3,390000.00
2020,07026AV002,P. M. Música,despesa,1,413309.81
2020,07026AV002,P. M. Música,despesa,2,241480.19
2020,07028AA000,Lloret de Vistalegre,ingres,1,390871.29
2020,07028AA000,Lloret de Vistalegre,despesa,1,534129.01
2020,07029AA000,Lloseta,despesa,2,2023197.28
2020,07030AA000,Llubí,despesa,2,499088.00
2020,07031AV001,P. Res. Personas Mayores,ingres,4,946969.66
2020,07031AV002,P. Molí d'En Gaspar,despesa,2,1.00
2020,07032AA000,Maó,ingres,8,60000.00
2020,07034AA000,Mancor de la Vall,despesa,6,275985.00
2020,07035AA000,Maria de la Salut,ingres,7,1375400.91
2020,07036AA000,Marratxí,ingres,1,15492000.00
2020,07036AA000,Marratxí,ingres,3,7459692.19
2020,07037AA000,Mercadal (Es),ingres,7,361500.00
2020,07037AA000,Mercadal (Es),despesa,6,1342870.00
2020,07041AA000,Petra,ingres,5,25016.00
2020,07046AA000,Sant Antoni de Portmany,ingres,2,650000.00
2020,07046AA000,Sant Antoni de Portmany,despesa,4,1603860.00
2020,07046AA000,Sant Antoni de Portmany,despesa,5,250000.00
2020,07048AA000,Sant Josep de sa Talaia,ingres,2,1350000.00
2020,07050AA000,Sant Joan de Labritja,despesa,2,3723410.00
2020,07050AA000,Sant Joan de Labritja,despesa,3,6100.00
2020,07063AA000,Valldemossa,ingres,5,103300.00
2020,07063AA000,Valldemossa,despesa,3,12885.87
2020,07063AA000,Valldemossa,despesa,4,228697.68
2020,07063AA000,Valldemossa,despesa,6,484105.00
2020,07064AA000,Castell (Es),ingres,5,3000.00
2020,07005AA000,Andratx,ingres,3,5874000.00
2020,07040AA000,Palma,ingres,9,8081229.59
2020,07040AV001,Inst. M. l'Esport,despesa,2,10896748.65
2020,07040AV004,P. M. l'Habitatge,ingres,5,700000.00
2020,07040AV004,P. M. l'Habitatge,ingres,8,93000.00
2020,07040AV006,Instituto Municipal Innovación  (IMI),ingres,7,631081.15
2020,07040AV006,Instituto Municipal Innovación  (IMI),despesa,8,60000.00
2020,07062AA000,Son Servera,ingres,8,60000.00
2020,07062AA000,Son Servera,despesa,9,1333729.53
2020,07003AA000,Alcúdia,despesa,7,82438.00
2020,07039AA000,Muro,ingres,1,4889711.21
2020,07049AA000,Sant Joan,ingres,5,33710.00
2020,07059AA000,Salines (Ses),ingres,5,255800.00
2020,07002AA000,Alaior,ingres,3,2153062.81
2020,07002AA000,Alaior,despesa,1,4375842.79
2020,07002AA000,Alaior,despesa,9,489577.61
2020,07011AA000,Calvià,despesa,3,339484.07
2020,07033AA000,Manacor,despesa,2,18864951.32
2020,07033AV003,P. M. d'Esports,ingres,3,4000.00
2020,07033AV003,P. M. d'Esports,ingres,7,230000.00
2020,07901AA000,Ariany,ingres,4,341255.00
2020,07901AA000,Ariany,ingres,5,20.00
2020,07901AA000,Ariany,despesa,6,255030.00
2020,07011AO002,Oficina Municipal de Tributos de Calvià,ingres,4,1652144.59
2020,07011AO002,Oficina Municipal de Tributos de Calvià,despesa,1,1435291.59
2020,07008AA000,Binissalem,ingres,4,2029000.00
2020,07017AA000,Costitx,ingres,2,30200.00
2020,07025AA000,Fornalutx,ingres,5,12244.19
2020,07025AA000,Fornalutx,despesa,1,526968.04
2020,07027AA000,Inca,despesa,6,1918426.03
2020,07007AA000,Banyalbufar,despesa,1,440077.57
2020,07007AA000,Banyalbufar,despesa,6,518919.00
2020,07007AA000,Banyalbufar,despesa,9,39000.00
2020,07022AA000,Felanitx,ingres,1,8235000.00
2020,07065AA000,Vilafranc de Bonany,ingres,4,864370.00
2020,07065AA000,Vilafranc de Bonany,despesa,1,422393.89
2020,07065AA000,Vilafranc de Bonany,despesa,2,777149.92
2020,07065AA000,Vilafranc de Bonany,despesa,4,834985.37
2020,07001AA000,Alaró,despesa,9,70500.00
2020,07015AA000,Ciutadella de Menorca,despesa,1,11968968.99
2020,07015AV002,Hospital Municipal,despesa,5,82803.27
2020,07015AV003,P. Esc. Infantiles,despesa,5,10770.00
2020,07023AA000,Ferreries,ingres,4,2152493.22
2020,07042AA000,Pollença,despesa,2,8396238.69
2020,07043AA000,Porreres,despesa,5,18211.91
2020,07051AA000,Sant Llorenç des Cardassar,ingres,2,802000.00
2020,07051AA000,Sant Llorenç des Cardassar,despesa,4,5680903.45
2020,07052AA000,Sant Lluís,despesa,3,275500.00
2020,07052AA000,Sant Lluís,despesa,7,285150.00
2020,07052AA000,Sant Lluís,despesa,8,60000.00
2020,07056AV001,P. Res. Pers. Majors. Cas Metge Rei,despesa,2,202916.51
2020,07056AV001,P. Res. Pers. Majors. Cas Metge Rei,despesa,3,200.00
2020,07002DD000,Consejo Insular de Mallorca,ingres,1,14160010.00
2020,07002DV001,Inst. l'Esport Hipic,ingres,7,857000.00
2020,07002DO001,Agència  Protecció Legalitat Urbanística i Territorial de Mallorca,despesa,8,6000.00
2020,07003DD000,Consejo Insular de Menorca,despesa,5,340000.00
2020,07003DV001,Inst. Menorquín de Estudios,ingres,3,86000.00
2020,07003DV001,Inst. Menorquín de Estudios,despesa,4,600.00
2020,07003DV001,Inst. Menorquín de Estudios,despesa,7,35000.00
2020,07002MM000,Mc. Pla de Mallorca,ingres,3,1244400.00
2020,07004AA000,Algaida,ingres,1,1916939.73
2020,07004AA000,Algaida,despesa,6,68101.97
2020,07010AA000,Bunyola,despesa,5,67742.17
2020,07012AA000,Campanet,ingres,2,200000.00
2020,07012AA000,Campanet,despesa,4,271562.75
2020,07013AA000,Campos,despesa,3,220066.59
2020,07014AA000,Capdepera,ingres,2,1030000.00
2020,07014AA000,Capdepera,ingres,7,1022320.24
2020,07014AO001,F. Castell de Capdepera,despesa,3,13500.00
2020,07016AA000,Consell,ingres,5,34071.16
2020,07026AA000,Eivissa,ingres,7,4529973.05
2020,07026AV001,P. M. Deportes,despesa,1,1171627.43
2020,07026AV003,Museo de Arte Contemporáneo,ingres,7,13200.00
2020,07026AV002,P. M. Música,ingres,7,2500.00
2020,07031AA000,Llucmajor,ingres,1,20140000.00
2020,07031AA000,Llucmajor,despesa,1,20766081.97
2020,07031AA000,Llucmajor,despesa,7,92945.32
2020,07031AV001,P. Res. Personas Mayores,ingres,8,3000.00
2020,07031AV001,P. Res. Personas Mayores,despesa,3,1000.00
2020,07031AV002,P. Molí d'En Gaspar,ingres,4,1.00
2020,07032AA000,Maó,despesa,6,4672200.00
2020,07032AA000,Maó,despesa,7,1225381.00
2020,07032AA000,Maó,despesa,8,60000.00
2020,07032AA000,Maó,despesa,9,1044202.00
2020,07035AA000,Maria de la Salut,ingres,1,633505.50
2020,07035AA000,Maria de la Salut,despesa,3,1650.00
2020,07036AA000,Marratxí,ingres,5,241000.00
2020,07036AO001,Institut Municipal Comunicació,ingres,7,3000.00
2020,07037AA000,Mercadal (Es),despesa,4,975510.00
2020,07041AA000,Petra,despesa,1,642926.44
2020,07041AA000,Petra,despesa,3,51600.00
2020,07046AA000,Sant Antoni de Portmany,ingres,5,500.00
2020,07046AA000,Sant Antoni de Portmany,despesa,3,104500.00
2020,07048AA000,Sant Josep de sa Talaia,despesa,2,18167429.13
2020,07050AA000,Sant Joan de Labritja,ingres,2,256067.00
2020,07061AA000,Sóller,despesa,2,7283260.92
2020,07063AA000,Valldemossa,ingres,7,256905.00
2020,07064AA000,Castell (Es),ingres,4,2209741.00
2020,07040AA000,Palma,despesa,8,1200000.00
2020,07040AV001,Inst. M. l'Esport,ingres,7,1902549.96
2020,07040AV006,Instituto Municipal Innovación  (IMI),ingres,8,60000.00
2020,07003AA000,Alcúdia,ingres,5,2025284.00
2020,07039AA000,Muro,ingres,7,503381.00
2020,07039AA000,Muro,despesa,3,113151.62
2020,07039AA000,Muro,despesa,6,1046185.57
2020,07049AA000,Sant Joan,despesa,3,600.00
2020,07011AO001,"Inst. M. de Educación y Bibliotecas, IMEB -Calvià",despesa,2,2537802.55
2020,07002AA000,Alaior,ingres,8,10000.00
2020,07011AA000,Calvià,ingres,1,54720000.00
2020,07033AA000,Manacor,ingres,3,9833024.23
2020,07033AA000,Manacor,despesa,9,1.00
2020,07033AV002,P. l'Escola M. de Mallorqui,ingres,5,1.00
2020,07901AA000,Ariany,despesa,3,1510.00
2020,07025AA000,Fornalutx,despesa,4,33260.00
2020,07007AA000,Banyalbufar,ingres,7,506219.00
2020,07007AA000,Banyalbufar,despesa,2,594775.90
2020,07022AV001,Ctro. Cultural,ingres,4,131500.00
2020,07024AA000,Formentera,ingres,2,275000.00
2020,07053AA000,Santa Eugènia,ingres,5,12589.77
2020,07001AA000,Alaró,ingres,3,818900.00
2020,07001AA000,Alaró,ingres,5,47450.00
2020,07001AA000,Alaró,despesa,1,2396350.00
2020,07015AA000,Ciutadella de Menorca,despesa,4,5149355.34
2020,07015AV002,Hospital Municipal,ingres,4,1836850.71
2020,07015AV002,Hospital Municipal,ingres,5,93100.00
2020,07023AA000,Ferreries,ingres,7,293669.12
2020,07043AA000,Porreres,ingres,4,1348407.62
2020,07051AA000,Sant Llorenç des Cardassar,ingres,1,9255000.00
2020,07051AA000,Sant Llorenç des Cardassar,ingres,5,828000.00
2020,07051AA000,Sant Llorenç des Cardassar,despesa,7,150299.65
2020,07052AA000,Sant Lluís,despesa,9,870790.00
2020,07054AA000,Santa Eulalia del Río,ingres,4,8067435.58
2020,07054AA000,Santa Eulalia del Río,despesa,2,20121160.00
2020,07054AA000,Santa Eulalia del Río,despesa,8,35010.00
2020,07902AA000,Migjorn Gran (Es),despesa,1,1131391.49
2020,07001DV003,P. Esc. Turismo,ingres,3,110000.00
2020,07001DV003,P. Esc. Turismo,despesa,5,5000.00
2020,07002DD000,Consejo Insular de Mallorca,ingres,4,345185783.38
2020,07002DV001,Inst. l'Esport Hipic,ingres,4,2443000.00
2020,07002DV001,Inst. l'Esport Hipic,ingres,5,456347.16
2020,07002DV003,Inst.  Mallorquí d'Afers Socials,ingres,3,6348928.66
2020,07002DV003,Inst.  Mallorquí d'Afers Socials,despesa,4,24204267.79
2020,07003DD000,Consejo Insular de Menorca,despesa,3,154209.98
2020,07003DD000,Consejo Insular de Menorca,despesa,4,22392733.21
2020,07010AE001,Palmanyola,despesa,2,356590.96
2020,07002MM000,Mc. Pla de Mallorca,despesa,3,1000.00
2020,07002MM000,Mc. Pla de Mallorca,despesa,4,239729.86
2020,07003MM000,Mc. Migjorn de Mallorca,despesa,3,1250.00
2020,07004AA000,Algaida,ingres,2,187048.13
2020,07006AA000,Artà,despesa,1,5131160.47
2020,07013AA000,Campos,ingres,3,4153550.00
2020,07013AA000,Campos,ingres,5,449500.00
2020,07013AA000,Campos,despesa,6,536138.20
2020,07026AA000,Eivissa,despesa,6,12880943.29
2020,07026AA000,Eivissa,despesa,8,10.00
2020,07026AV003,Museo de Arte Contemporáneo,despesa,1,187682.28
2020,07026AV002,P. M. Música,ingres,4,609980.00
2020,07029AA000,Lloseta,ingres,3,1610709.52
2020,07030AA000,Llubí,despesa,9,14500.00
2020,07031AV001,P. Res. Personas Mayores,ingres,5,100.00
2020,07031AV001,P. Res. Personas Mayores,despesa,2,181100.00
2020,07031AV001,P. Res. Personas Mayores,despesa,8,3000.00
2020,07034AA000,Mancor de la Vall,despesa,1,654600.00
2020,07035AA000,Maria de la Salut,despesa,9,29600.00
2020,07036AA000,Marratxí,ingres,4,8839129.62
2020,07036AA000,Marratxí,despesa,7,35100.00
2020,07036AO001,Institut Municipal Comunicació,despesa,2,119670.00
2020,07037AA000,Mercadal (Es),ingres,1,5069000.00
2020,07037AA000,Mercadal (Es),ingres,3,2028619.00
2020,07037AA000,Mercadal (Es),ingres,5,469001.00
2020,07048AA000,Sant Josep de sa Talaia,ingres,7,1126797.81
2020,07048AA000,Sant Josep de sa Talaia,despesa,3,13677.00
2020,07050AA000,Sant Joan de Labritja,despesa,6,5927976.98
2020,07064AA000,Castell (Es),despesa,1,3788123.30
2020,07064AA000,Castell (Es),despesa,6,3181297.50
2020,07005AA000,Andratx,ingres,5,338500.00
2020,07005AA000,Andratx,despesa,8,10000.00
2020,07040AV001,Inst. M. l'Esport,ingres,3,4351208.32
2020,07040AV009,Inst. M. Form. Ocupacional i Feina,despesa,4,177404.00
2020,07059AA000,Salines (Ses),despesa,2,3066421.59
2020,07011AO001,"Inst. M. de Educación y Bibliotecas, IMEB -Calvià",ingres,5,100.00
2020,07011AO001,"Inst. M. de Educación y Bibliotecas, IMEB -Calvià",despesa,4,292080.00
2020,07002AA000,Alaior,ingres,5,824113.19
2020,07011AA000,Calvià,despesa,4,30651588.18
2020,07033AA000,Manacor,ingres,1,19597529.35
2020,07033AA000,Manacor,ingres,7,1073325.00
2020,07033AO001,Institut Públic del Teatre Municipal,ingres,4,250000.00
2020,07033AV003,P. M. d'Esports,despesa,6,230000.00
2020,07033AO002,Institució Pública Antoni M. Alcover,ingres,4,69000.00
2020,07044AA000,Pobla (Sa),ingres,1,4755000.00
2020,07044AA000,Pobla (Sa),ingres,7,58080.00
2020,07017AA000,Costitx,despesa,6,110000.00
2020,07018AA000,Deyá,ingres,4,408550.00
2020,07018AA000,Deyá,despesa,1,724652.49
2020,07018AA000,Deyá,despesa,2,1131825.51
2020,07025AA000,Fornalutx,despesa,2,631176.50
2020,07027AA000,Inca,ingres,8,35000.00
2020,07027AA000,Inca,despesa,2,12010433.79
2020,07007AA000,Banyalbufar,ingres,1,398144.92
2020,07007AA000,Banyalbufar,ingres,2,20000.00
2020,07022AA000,Felanitx,ingres,2,723000.00
2020,07022AA000,Felanitx,despesa,3,45000.00
2020,07022AA000,Felanitx,despesa,4,994600.00
2020,07024AA000,Formentera,ingres,4,13908000.00
2020,07024AA000,Formentera,ingres,7,2508000.00
2020,07053AA000,Santa Eugènia,ingres,1,605840.00
2020,07015AV003,P. Esc. Infantiles,ingres,3,180000.00
2020,07042AA000,Pollença,ingres,2,1000040.00
2020,07043AA000,Porreres,ingres,7,358900.03
2020,07001DD000,Consejo Insular de Ibiza,ingres,3,7352592.40
2020,07001DD000,Consejo Insular de Ibiza,despesa,1,34660999.65
2020,07002DD000,Consejo Insular de Mallorca,despesa,8,100000.00
2020,07002DV001,Inst. l'Esport Hipic,despesa,1,1154402.96
2020,07002DV001,Inst. l'Esport Hipic,despesa,2,1013698.03
2020,07002DO001,Agència  Protecció Legalitat Urbanística i Territorial de Mallorca,ingres,8,6000.00
2020,07002DO001,Agència  Protecció Legalitat Urbanística i Territorial de Mallorca,despesa,1,2199265.99
2020,07002DV003,Inst.  Mallorquí d'Afers Socials,ingres,5,24745.97
2020,07003DD000,Consejo Insular de Menorca,despesa,9,3205998.34
2020,07003DV002,Consell Economic i Social,despesa,2,13250.00
2020,07010AE001,Palmanyola,ingres,5,16700.00
2020,07004AA000,Algaida,ingres,5,25935.00
2020,07004AA000,Algaida,despesa,2,2040864.48
2020,07014AA000,Capdepera,despesa,1,7098976.02
2020,07014AA000,Capdepera,despesa,4,3002645.98
2020,07016AA000,Consell,ingres,1,1168488.46
2020,07026AA000,Eivissa,despesa,3,40000.00
2020,07026AV001,P. M. Deportes,despesa,8,10.00
2020,07028AA000,Lloret de Vistalegre,despesa,3,2100.36
2020,07029AA000,Lloseta,despesa,1,2662894.16
2020,07029AA000,Lloseta,despesa,5,65000.00
2020,07030AA000,Llubí,ingres,3,252590.00
2020,07030AA000,Llubí,ingres,7,255308.00
2020,07030AA000,Llubí,despesa,3,6800.00
2020,07032AA000,Maó,ingres,3,7152200.00
2020,07034AA000,Mancor de la Vall,ingres,7,278678.00
2020,07036AA000,Marratxí,despesa,6,4257481.26
2020,07036AA000,Marratxí,despesa,8,16000.00
2020,07036AO001,Institut Municipal Comunicació,despesa,3,250.00
2020,07037AA000,Mercadal (Es),despesa,3,32500.00
2020,07037AA000,Mercadal (Es),despesa,8,15000.00
2020,07046AA000,Sant Antoni de Portmany,ingres,1,14010000.00
2020,07050AA000,Sant Joan de Labritja,ingres,1,3320000.00
2020,07055AA000,Santa Margalida,ingres,5,970960.00
2020,07063AA000,Valldemossa,ingres,3,1561170.00
2020,07064AA000,Castell (Es),ingres,3,545400.00
2020,07005AA000,Andratx,despesa,3,31000.00
2020,07040AA000,Palma,ingres,2,29836999.96
2020,07040AA000,Palma,ingres,3,102236139.62
2020,07040AV001,Inst. M. l'Esport,ingres,4,11710679.27
2020,07040AV002,P. M. d'Escoles d'Infants,despesa,6,240073.45
2020,07040AV004,P. M. l'Habitatge,ingres,3,96506.00
2020,07040AV004,P. M. l'Habitatge,despesa,2,585400.00
2020,07040AV004,P. M. l'Habitatge,despesa,7,200000.00
2020,07040AV006,Instituto Municipal Innovación  (IMI),ingres,3,2893.00
2020,07040AV006,Instituto Municipal Innovación  (IMI),despesa,1,5760228.10
2020,07040AV009,Inst. M. Form. Ocupacional i Feina,ingres,5,6300.00
2020,07040AV009,Inst. M. Form. Ocupacional i Feina,despesa,2,1080820.35
2020,07062AA000,Son Servera,ingres,1,8231597.80
2020,07003AA000,Alcúdia,ingres,1,18227800.00
2020,07039AA000,Muro,despesa,4,376631.32
2020,07039AA000,Muro,despesa,7,46000.00
2020,07049AA000,Sant Joan,ingres,7,20.00
2020,07049AA000,Sant Joan,despesa,4,259388.00
2020,07049AA000,Sant Joan,despesa,6,55510.00
2020,07002AA000,Alaior,ingres,1,5220365.92
2020,07011AA000,Calvià,ingres,5,4190414.50
2020,07011AA000,Calvià,ingres,6,2000.00
2020,07011AA000,Calvià,despesa,2,20040810.63
2020,07011AA000,Calvià,despesa,7,1496750.00
2020,07033AA000,Manacor,ingres,2,816600.00
2020,07033AA000,Manacor,ingres,4,10457826.49
2020,07033AA000,Manacor,despesa,3,30000.00
2020,07033AV002,P. l'Escola M. de Mallorqui,ingres,4,58163.50
2020,07901AA000,Ariany,despesa,4,236272.47
2020,07008AA000,Binissalem,ingres,1,2668377.00
2020,07008AA000,Binissalem,despesa,2,2302770.00
2020,07017AA000,Costitx,despesa,4,32000.00
2020,07018AA000,Deyá,ingres,3,493601.00
2020,07025AA000,Fornalutx,despesa,3,400.00
2020,07027AA000,Inca,ingres,3,9276182.54
2020,07027AA000,Inca,ingres,7,767005.81
2020,07027AA000,Inca,despesa,4,1182006.00
2020,07007AA000,Banyalbufar,ingres,4,445685.03
2020,07022AA000,Felanitx,despesa,6,1529800.00
2020,07024AA000,Formentera,ingres,1,6981000.00
2020,07053AA000,Santa Eugènia,despesa,1,702232.37
2020,07053AA000,Santa Eugènia,despesa,2,770569.86
2020,07053AA000,Santa Eugènia,despesa,9,35144.09
2020,07015AA000,Ciutadella de Menorca,ingres,3,9176180.59
2020,07015AA000,Ciutadella de Menorca,despesa,3,898587.99
2020,07015AV002,Hospital Municipal,despesa,1,2073947.44
2020,07015AV002,Hospital Municipal,despesa,4,5000.00
2020,07023AA000,Ferreries,ingres,8,40000.00
2020,07051AA000,Sant Llorenç des Cardassar,despesa,3,23027.11
2020,07052AA000,Sant Lluís,ingres,8,60000.00
2020,07052AA000,Sant Lluís,ingres,9,658862.70
2020,07054AA000,Santa Eulalia del Río,despesa,6,7653210.00
2020,07056AA000,Santa María del Camí,ingres,4,1924481.82
2020,07056AV001,P. Res. Pers. Majors. Cas Metge Rei,despesa,6,20000.00
2020,07057AA000,Santanyí,ingres,4,3208536.28
2020,07902AA000,Migjorn Gran (Es),ingres,4,763837.32
2020,07902AA000,Migjorn Gran (Es),ingres,8,1000.00
2020,07902AA000,Migjorn Gran (Es),despesa,3,1000.00
2020,07001DD000,Consejo Insular de Ibiza,despesa,3,32000.00
2020,07002DD000,Consejo Insular de Mallorca,despesa,5,2000000.00
2020,07003DD000,Consejo Insular de Menorca,ingres,4,68443625.95
2020,07002MM000,Mc. Pla de Mallorca,ingres,7,29003.20
2020,07002MM000,Mc. Pla de Mallorca,despesa,2,5844925.00
2020,07003MM000,Mc. Migjorn de Mallorca,despesa,2,515158.00
2021,07004AA000,Algaida,ingres,5,25995.00
2021,07004AA000,Algaida,despesa,2,2012256.47
2021,07014AA000,Capdepera,despesa,1,7868412.65
2021,07014AA000,Capdepera,despesa,4,1468203.83
2021,07016AA000,Consell,ingres,1,1171700.33
2021,07026AA000,Eivissa,despesa,3,140000.00
2021,07026AV001,P. M. Deportes,despesa,8,10.00
2021,07028AA000,Lloret de Vistalegre,despesa,3,3050.00
2021,07029AA000,Lloseta,despesa,1,2929118.51
2021,07029AA000,Lloseta,despesa,5,112129.99
2021,07030AA000,Llubí,ingres,3,137650.00
2021,07030AA000,Llubí,despesa,3,5678.00
2021,07031AV002,P. Molí d'En Gaspar,despesa,3,2000.00
2021,07032AA000,Maó,ingres,3,6153500.00
2021,07034AA000,Mancor de la Vall,ingres,7,590428.00
2021,07036AA000,Marratxí,despesa,6,4885900.42
2021,07036AA000,Marratxí,despesa,8,16000.00
2021,07036AO001,Institut Municipal Comunicació,despesa,3,1000.00
2021,07037AA000,Mercadal (Es),despesa,3,21000.00
2021,07037AA000,Mercadal (Es),despesa,8,20000.00
2021,07046AA000,Sant Antoni de Portmany,ingres,1,13735000.00
2021,07050AA000,Sant Joan de Labritja,ingres,1,3682000.00
2021,07055AA000,Santa Margalida,ingres,5,666460.00
2021,07058AA000,Selva,ingres,1,1473500.00
2021,07058AA000,Selva,ingres,4,1084283.21
2021,07058AA000,Selva,despesa,6,1888152.83
2021,07063AA000,Valldemossa,ingres,3,1302992.73
2021,07064AA000,Castell (Es),ingres,3,548400.00
2021,07040AA000,Palma,ingres,2,29033235.21
2021,07040AA000,Palma,ingres,3,93873456.26
2021,07040AV001,Inst. M. l'Esport,ingres,4,15221499.20
2021,07040AV002,P. M. d'Escoles d'Infants,despesa,6,251573.45
2021,07040AV004,P. M. l'Habitatge,ingres,3,96506.00
2021,07040AV004,P. M. l'Habitatge,despesa,2,579430.00
2021,07040AV006,Instituto Municipal Innovación  (IMI),ingres,3,2893.00
2021,07040AV006,Instituto Municipal Innovación  (IMI),despesa,1,5199135.65
2021,07040AV009,Inst. M. Form. Ocupacional i Feina,ingres,5,6300.00
2021,07040AV009,Inst. M. Form. Ocupacional i Feina,despesa,2,969187.71
2021,07062AA000,Son Servera,ingres,1,8123695.87
2021,07003AA000,Alcúdia,ingres,1,17757600.00
2021,07039AA000,Muro,despesa,4,346560.22
2021,07039AA000,Muro,despesa,7,35500.00
2021,07049AA000,Sant Joan,despesa,4,260650.00
2021,07049AA000,Sant Joan,despesa,6,83500.00
2021,07002AA000,Alaior,ingres,1,5183725.49
2021,07011AA000,Calvià,ingres,5,4908876.24
2021,07011AA000,Calvià,despesa,2,21156971.77
2021,07011AA000,Calvià,despesa,7,312500.00
2021,07033AA000,Manacor,ingres,2,1104752.00
2021,07033AA000,Manacor,ingres,4,12694886.36
2021,07033AA000,Manacor,despesa,3,200000.00
2021,07033AV002,P. l'Escola M. de Mallorqui,ingres,4,60200.00
2021,07901AA000,Ariany,despesa,4,135070.00
2021,07008AA000,Binissalem,ingres,1,2757377.00
2021,07008AA000,Binissalem,despesa,2,2090020.00
2021,07018AA000,Deyá,ingres,3,493601.00
2021,07025AA000,Fornalutx,despesa,3,500.00
2021,07027AA000,Inca,ingres,3,9546759.00
2021,07027AA000,Inca,ingres,7,1608068.31
2021,07027AA000,Inca,despesa,4,1281736.00
2021,07022AA000,Felanitx,despesa,6,922500.00
2021,07024AA000,Formentera,ingres,1,6865000.00
2021,07053AA000,Santa Eugènia,despesa,1,761645.25
2021,07053AA000,Santa Eugènia,despesa,2,638385.75
2021,07053AA000,Santa Eugènia,despesa,9,35144.09
2021,07015AA000,Ciutadella de Menorca,ingres,3,8969540.10
2021,07015AA000,Ciutadella de Menorca,despesa,3,584561.78
2021,07015AV002,Hospital Municipal,despesa,1,2202458.50
2021,07015AV002,Hospital Municipal,despesa,4,3750.00
2021,07023AA000,Ferreries,ingres,8,40000.00
2021,07051AA000,Sant Llorenç des Cardassar,despesa,3,107565.19
2021,07052AA000,Sant Lluís,ingres,8,30000.00
2021,07052AA000,Sant Lluís,ingres,9,1638260.00
2021,07054AA000,Santa Eulalia del Río,despesa,6,7807230.00
2021,07056AA000,Santa María del Camí,ingres,4,1839129.20
2021,07056AV001,P. Res. Pers. Majors. Cas Metge Rei,despesa,6,27000.00
2021,07057AA000,Santanyí,ingres,4,3344806.36
2021,07902AA000,Migjorn Gran (Es),ingres,4,795069.16
2021,07902AA000,Migjorn Gran (Es),ingres,8,1000.00
2021,07902AA000,Migjorn Gran (Es),despesa,3,1500.00
2021,07001DD000,Consejo Insular de Ibiza,despesa,3,132000.00
2021,07002DD000,Consejo Insular de Mallorca,despesa,5,1000.00
2021,07003DD000,Consejo Insular de Menorca,ingres,4,64928645.73
2021,07010AE001,Palmanyola,ingres,9,106524.07
2021,07002MM000,Mc. Pla de Mallorca,despesa,2,6240476.57
2021,07003MM000,Mc. Migjorn de Mallorca,despesa,2,563460.00
2021,07004AA000,Algaida,ingres,4,1288658.04
2021,07004AA000,Algaida,ingres,7,42881.00
2021,07006AA000,Artà,despesa,2,4480450.94
2021,07009AA000,Búger,ingres,5,10510.00
2021,07009AA000,Búger,despesa,9,94983.00
2021,07010AA000,Bunyola,ingres,3,1682320.19
2021,07010AA000,Bunyola,ingres,5,1297.75
2021,07010AA000,Bunyola,despesa,9,121550.00
2021,07013AA000,Campos,despesa,2,7022757.26
2021,07014AA000,Capdepera,ingres,5,1471000.00
2021,07014AA000,Capdepera,despesa,2,10582178.40
2021,07014AO001,F. Castell de Capdepera,ingres,4,96062.83
2021,07026AA000,Eivissa,ingres,1,30218275.00
2021,07026AA000,Eivissa,despesa,5,800000.00
2021,07026AA000,Eivissa,despesa,7,825500.17
2021,07026AV001,P. M. Deportes,despesa,2,771968.90
2021,07026AV003,Museo de Arte Contemporáneo,despesa,2,95482.24
2021,07026AV003,Museo de Arte Contemporáneo,despesa,3,100.00
2021,07026AV003,Museo de Arte Contemporáneo,despesa,6,13200.00
2021,07026AV002,P. M. Música,ingres,8,10.00
2021,07029AA000,Lloseta,ingres,1,2031000.00
2021,07029AA000,Lloseta,ingres,7,300000.00
2021,07029AA000,Lloseta,despesa,3,11875.00
2021,07029AA000,Lloseta,despesa,6,538194.45
2021,07030AA000,Llubí,ingres,5,41436.00
2021,07031AA000,Llucmajor,despesa,2,17242033.00
2021,07031AA000,Llucmajor,despesa,8,55000.00
2021,07031AV001,P. Res. Personas Mayores,despesa,1,1358984.87
2021,07031AV001,P. Res. Personas Mayores,despesa,6,300000.00
2021,07032AA000,Maó,ingres,2,152600.00
2021,07032AA000,Maó,ingres,7,1930657.00
2021,07032AA000,Maó,despesa,2,15360220.00
2021,07034AA000,Mancor de la Vall,ingres,4,632424.00
2021,07034AA000,Mancor de la Vall,despesa,4,216200.00
2021,07035AA000,Maria de la Salut,ingres,2,40000.00
2021,07035AA000,Maria de la Salut,ingres,4,683200.82
2021,07035AA000,Maria de la Salut,despesa,4,205187.67
2021,07036AA000,Marratxí,ingres,8,592819.77
2021,07036AO001,Institut Municipal Comunicació,ingres,4,119920.00
2021,07036AO001,Institut Municipal Comunicació,despesa,6,3000.00
2021,07041AO001,F. Escuela Municipal de Música de Petra,ingres,3,32808.00
2021,07041AO001,F. Escuela Municipal de Música de Petra,despesa,1,58698.07
2021,07041AO001,F. Escuela Municipal de Música de Petra,despesa,3,948.00
2021,07041AO002,Fundación Teatro y Acción Socio-Cultural de Petra,ingres,3,9328.00
2021,07041AO002,Fundación Teatro y Acción Socio-Cultural de Petra,despesa,1,24986.00
2021,07048AA000,Sant Josep de sa Talaia,ingres,3,9466239.93
2021,07048AA000,Sant Josep de sa Talaia,despesa,9,455614.74
2021,07050AA000,Sant Joan de Labritja,ingres,4,1558100.00
2021,07050AA000,Sant Joan de Labritja,ingres,6,1000.00
2021,07050AA000,Sant Joan de Labritja,despesa,4,604377.00
2021,07055AA000,Santa Margalida,despesa,6,1966500.00
2021,07058AA000,Selva,ingres,7,1603414.66
2021,07058AA000,Selva,despesa,2,892916.51
2021,07061AA000,Sóller,ingres,1,8182535.00
2021,07064AA000,Castell (Es),ingres,1,4230546.20
2021,07064AA000,Castell (Es),despesa,2,1549950.00
2021,07040AA000,Palma,ingres,5,4360500.00
2021,07040AV001,Inst. M. l'Esport,despesa,3,5000.00
2021,07040AV001,Inst. M. l'Esport,despesa,6,4601000.00
2021,07040AV002,P. M. d'Escoles d'Infants,despesa,1,4011138.56
2021,07040AV006,Instituto Municipal Innovación  (IMI),despesa,6,572744.69
2021,07040AV009,Inst. M. Form. Ocupacional i Feina,ingres,8,20000.00
2021,07062AA000,Son Servera,despesa,3,28537.63
2021,07062AA000,Son Servera,despesa,4,618103.64
2021,07003AA000,Alcúdia,despesa,1,11111210.00
2021,07003AA000,Alcúdia,despesa,6,1897840.00
2021,07049AA000,Sant Joan,ingres,3,409829.00
2021,07049AA000,Sant Joan,despesa,2,697745.00
2021,07011AO001,"Inst. M. de Educación y Bibliotecas, IMEB -Calvià",despesa,8,22000.00
2021,07002AA000,Alaior,despesa,8,10000.00
2021,07011AA000,Calvià,ingres,3,9732600.00
2021,07033AA000,Manacor,despesa,7,1254914.30
2021,07033AO001,Institut Públic del Teatre Municipal,despesa,6,50000.00
2021,07044AA000,Pobla (Sa),ingres,3,3643750.00
2021,07901AA000,Ariany,despesa,2,441893.12
2021,07011AO002,Oficina Municipal de Tributos de Calvià,ingres,7,4500.00
2021,07011AO002,Oficina Municipal de Tributos de Calvià,despesa,6,4500.00
2021,07008AA000,Binissalem,ingres,7,23000.00
2021,07008AA000,Binissalem,despesa,9,718456.31
2021,07018AA000,Deyá,ingres,5,10000.00
2021,07022AA000,Felanitx,ingres,3,4248000.00
2021,07022AA000,Felanitx,despesa,7,120000.00
2021,07024AA000,Formentera,ingres,5,10000.00
2021,07024AA000,Formentera,despesa,7,945000.00
2021,07053AA000,Santa Eugènia,ingres,4,647789.52
2021,07053AA000,Santa Eugènia,despesa,3,1200.00
2021,07015AA000,Ciutadella de Menorca,despesa,9,869264.19
2021,07015AV002,Hospital Municipal,ingres,3,832700.00
2021,07015AV003,P. Esc. Infantiles,ingres,4,965500.00
2021,07023AA000,Ferreries,ingres,1,2180000.00
2021,07043AA000,Porreres,despesa,4,474667.69
2021,07051AA000,Sant Llorenç des Cardassar,despesa,2,4551362.92
2021,07052AA000,Sant Lluís,ingres,4,2272373.59
2021,07054AA000,Santa Eulalia del Río,ingres,5,478443.22
2021,07056AA000,Santa María del Camí,ingres,2,203000.00
2021,07057AA000,Santanyí,despesa,4,2524717.14
2021,07902AA000,Migjorn Gran (Es),ingres,2,50700.00
2021,07902AA000,Migjorn Gran (Es),despesa,7,700.00
2021,07001DD000,Consejo Insular de Ibiza,ingres,9,9700000.00
2021,07001DV003,P. Esc. Turismo,despesa,1,495906.20
2021,07001DV003,P. Esc. Turismo,despesa,2,79093.80
2021,07002DD000,Consejo Insular de Mallorca,ingres,8,14246220.70
2021,07002DV001,Inst. l'Esport Hipic,despesa,3,10000.00
2021,07002DO001,Agència  Protecció Legalitat Urbanística i Territorial de Mallorca,despesa,2,167000.00
2021,07002DV003,Inst.  Mallorquí d'Afers Socials,despesa,2,117355291.77
2021,07003DD000,Consejo Insular de Menorca,ingres,9,13000000.00
2021,07003DD000,Consejo Insular de Menorca,despesa,6,23300254.41
2021,07003DV001,Inst. Menorquín de Estudios,despesa,2,431945.08
2021,07001MM000,Mc. Es Raiguer,ingres,5,1.00
2021,07001MM000,Mc. Es Raiguer,despesa,4,6000.00
2021,07006AA000,Artà,despesa,5,87783.14
2021,07006AA000,Artà,despesa,9,2.00
2021,07010AA000,Bunyola,ingres,4,2047714.30
2021,07010AA000,Bunyola,despesa,1,2244234.14
2021,07014AO001,F. Castell de Capdepera,despesa,6,10000.00
2021,07016AA000,Consell,despesa,1,1372962.74
2021,07026AA000,Eivissa,ingres,3,14410967.00
2021,07026AA000,Eivissa,ingres,4,16148675.15
2021,07026AA000,Eivissa,ingres,6,10.00
2021,07026AA000,Eivissa,despesa,1,22180831.88
2021,07026AA000,Eivissa,despesa,4,7168996.14
2021,07026AV001,P. M. Deportes,ingres,7,10000.00
2021,07026AV001,P. M. Deportes,despesa,6,10000.00
2021,07028AA000,Lloret de Vistalegre,ingres,7,511165.20
2021,07028AA000,Lloret de Vistalegre,despesa,2,490912.16
2021,07028AA000,Lloret de Vistalegre,despesa,9,37200.00
2021,07029AA000,Lloseta,ingres,4,1884350.58
2021,07029AA000,Lloseta,ingres,5,38632.04
2021,07031AA000,Llucmajor,ingres,2,1110000.00
2021,07032AA000,Maó,ingres,1,19083000.00
2021,07032AA000,Maó,despesa,1,13947893.00
2021,07034AA000,Mancor de la Vall,ingres,3,258693.00
2021,07041AA000,Petra,ingres,7,480006.00
2021,07048AA000,Sant Josep de sa Talaia,despesa,6,6366434.57
2021,07055AA000,Santa Margalida,ingres,2,160000.00
2021,07055AA000,Santa Margalida,despesa,3,18040.00
2021,07058AA000,Selva,despesa,1,1565507.95
2021,07058AA000,Selva,despesa,4,620902.71
2021,07058AA000,Selva,despesa,5,10000.00
2021,07061AA000,Sóller,ingres,2,430000.00
2021,07061AA000,Sóller,ingres,3,3743573.17
2021,07061AA000,Sóller,ingres,4,4179629.16
2021,07063AA000,Valldemossa,ingres,2,150000.00
2021,07040AA000,Palma,ingres,4,92570235.51
2021,07040AV002,P. M. d'Escoles d'Infants,ingres,3,940882.07
2021,07040AV002,P. M. d'Escoles d'Infants,despesa,8,11000.00
2021,07040AV004,P. M. l'Habitatge,despesa,6,632000.00
2021,07039AA000,Muro,ingres,5,1822348.27
2021,07049AA000,Sant Joan,ingres,4,597143.00
2021,07049AA000,Sant Joan,despesa,5,4000.00
2021,07059AA000,Salines (Ses),ingres,2,221000.00
2021,07059AA000,Salines (Ses),despesa,1,2796995.93
2021,07059AA000,Salines (Ses),despesa,4,461589.50
2021,07011AO001,"Inst. M. de Educación y Bibliotecas, IMEB -Calvià",ingres,4,6453576.60
2021,07002AA000,Alaior,despesa,2,4693788.61
2021,07002AA000,Alaior,despesa,6,1641007.81
2021,07002AA000,Alaior,despesa,7,125000.00
2021,07011AA000,Calvià,ingres,4,22515775.34
2021,07011AA000,Calvià,ingres,7,4004000.00
2021,07011AA000,Calvià,ingres,8,310000.00
2021,07011AA000,Calvià,despesa,9,2650000.00
2021,07033AA000,Manacor,despesa,4,1694714.14
2021,07033AA000,Manacor,despesa,6,1737717.48
2021,07033AO001,Institut Públic del Teatre Municipal,ingres,3,200000.00
2021,07044AA000,Pobla (Sa),ingres,2,300000.00
2021,07901AA000,Ariany,ingres,3,145760.00
2021,07018AA000,Deyá,despesa,3,54500.00
2021,07025AA000,Fornalutx,ingres,2,25345.00
2021,07025AA000,Fornalutx,ingres,7,240000.00
2021,07027AA000,Inca,ingres,1,10818513.17
2021,07022AA000,Felanitx,ingres,4,4902260.00
2021,07022AA000,Felanitx,ingres,5,337600.00
2021,07022AA000,Felanitx,ingres,9,500000.00
2021,07053AA000,Santa Eugènia,ingres,2,51280.91
2021,07053AA000,Santa Eugènia,despesa,4,179828.88
2021,07065AA000,Vilafranc de Bonany,despesa,3,14491.08
2021,07065AA000,Vilafranc de Bonany,despesa,6,303295.94
2021,07015AV003,P. Esc. Infantiles,despesa,1,498727.56
2021,07023AA000,Ferreries,despesa,2,3044977.51
2021,07023AA000,Ferreries,despesa,3,15700.00
2021,07023AA000,Ferreries,despesa,4,481947.05
2021,07023AA000,Ferreries,despesa,8,40000.00
2021,07042AA000,Pollença,ingres,1,10620000.00
2021,07042AA000,Pollença,despesa,1,10267901.02
2021,07043AA000,Porreres,ingres,1,1843481.60
2021,07043AA000,Porreres,ingres,5,15000.00
2021,07043AA000,Porreres,despesa,1,1371520.70
2021,07051AA000,Sant Llorenç des Cardassar,ingres,3,4546000.00
2021,07052AA000,Sant Lluís,ingres,3,2259300.00
2021,07052AA000,Sant Lluís,ingres,5,392300.00
2021,07052AA000,Sant Lluís,despesa,2,3908750.00
2021,07052AA000,Sant Lluís,despesa,4,805670.00
2021,07052AA000,Sant Lluís,despesa,5,160000.00
2021,07054AA000,Santa Eulalia del Río,ingres,1,19297219.22
2021,07056AA000,Santa María del Camí,ingres,7,300000.00
2021,07057AA000,Santanyí,ingres,3,5061642.51
2021,07057AA000,Santanyí,despesa,2,8675314.36
2021,07057AA000,Santanyí,despesa,6,1907427.41
2021,07902AA000,Migjorn Gran (Es),ingres,5,120100.00
2021,07902AA000,Migjorn Gran (Es),despesa,6,456618.07
2021,07902AA000,Migjorn Gran (Es),despesa,8,1000.00
2021,07001DD000,Consejo Insular de Ibiza,ingres,7,8200000.00
2021,07001DD000,Consejo Insular de Ibiza,despesa,9,200000.00
2021,07002DD000,Consejo Insular de Mallorca,despesa,2,67478397.24
2021,07002DV001,Inst. l'Esport Hipic,despesa,6,392800.00
2021,07002DO001,Agència  Protecció Legalitat Urbanística i Territorial de Mallorca,ingres,3,1871130.88
2021,07002DV003,Inst.  Mallorquí d'Afers Socials,ingres,4,211248165.87
2021,07002DV003,Inst.  Mallorquí d'Afers Socials,ingres,8,2233742.09
2021,07002DV003,Inst.  Mallorquí d'Afers Socials,despesa,1,82164234.08
2021,07002DV003,Inst.  Mallorquí d'Afers Socials,despesa,7,425000.00
2021,07003DD000,Consejo Insular de Menorca,despesa,2,17044835.27
2021,07001MM000,Mc. Es Raiguer,despesa,3,800.00
2021,07003MM000,Mc. Migjorn de Mallorca,despesa,4,4720.00
2021,07006AA000,Artà,ingres,1,4666000.00
2021,07006AA000,Artà,ingres,7,1011576.21
2021,07006AA000,Artà,despesa,3,3003.00
2021,07006AA000,Artà,despesa,4,597071.20
2021,07009AA000,Búger,despesa,3,9400.00
2021,07010AA000,Bunyola,despesa,3,50500.00
2021,07014AA000,Capdepera,ingres,3,5918500.00
2021,07014AA000,Capdepera,ingres,4,2871000.00
2021,07014AA000,Capdepera,despesa,3,49705.12
2021,07016AA000,Consell,despesa,3,8050.00
2021,07026AV001,P. M. Deportes,ingres,8,10.00
2021,07026AV002,P. M. Música,ingres,3,47510.00
2021,07030AA000,Llubí,ingres,1,727845.00
2021,07030AA000,Llubí,ingres,2,80000.00
2021,07030AA000,Llubí,despesa,6,101530.00
2021,07031AA000,Llucmajor,ingres,5,2942900.00
2021,07031AV001,P. Res. Personas Mayores,ingres,3,325100.00
2021,07031AV001,P. Res. Personas Mayores,despesa,5,27247.23
2021,07032AA000,Maó,ingres,9,6000000.00
2021,07036AA000,Marratxí,ingres,2,1450000.00
2021,07036AA000,Marratxí,despesa,1,13850382.11
2021,07036AA000,Marratxí,despesa,3,65520.00
2021,07037AA000,Mercadal (Es),despesa,7,6100.00
2021,07041AA000,Petra,ingres,1,589324.09
2021,07041AO001,F. Escuela Municipal de Música de Petra,ingres,4,29318.67
2021,07046AA000,Sant Antoni de Portmany,despesa,6,4226299.45
2021,07048AA000,Sant Josep de sa Talaia,ingres,1,14627526.76
2021,07048AA000,Sant Josep de sa Talaia,despesa,4,2614440.69
2021,07055AA000,Santa Margalida,ingres,3,4188320.00
2021,07055AA000,Santa Margalida,despesa,4,384200.00
2021,07061AA000,Sóller,despesa,4,607207.11
2021,07064AA000,Castell (Es),despesa,7,14510.13
2021,07040AA000,Palma,ingres,1,186797732.60
2021,07040AA000,Palma,ingres,7,11145632.80
2021,07040AA000,Palma,despesa,9,12540308.06
2021,07040AV001,Inst. M. l'Esport,despesa,4,162000.00
2021,07040AV002,P. M. d'Escoles d'Infants,despesa,2,4284376.41
2021,07040AV004,P. M. l'Habitatge,despesa,8,93000.00
2021,07040AV006,Instituto Municipal Innovación  (IMI),ingres,5,50.00
2021,07040AV009,Inst. M. Form. Ocupacional i Feina,ingres,3,36000.00
2021,07040AV009,Inst. M. Form. Ocupacional i Feina,ingres,7,100060.00
2021,07062AA000,Son Servera,ingres,3,3131020.45
2021,07062AA000,Son Servera,ingres,4,3281156.17
2021,07062AA000,Son Servera,despesa,2,7148731.18
2021,07062AA000,Son Servera,despesa,8,60000.00
2021,07049AA000,Sant Joan,despesa,1,710067.00
2021,07011AO001,"Inst. M. de Educación y Bibliotecas, IMEB -Calvià",despesa,1,4977215.83
2021,07011AO001,"Inst. M. de Educación y Bibliotecas, IMEB -Calvià",despesa,6,176001.00
2021,07002AA000,Alaior,despesa,3,12636.89
2021,07011AA000,Calvià,despesa,8,310000.00
2021,07033AV002,P. l'Escola M. de Mallorqui,ingres,3,19000.00
2021,07033AO002,Institució Pública Antoni M. Alcover,despesa,2,69000.00
2021,07033AO002,Institució Pública Antoni M. Alcover,despesa,6,5000.00
2021,07044AA000,Pobla (Sa),ingres,5,16621.16
2021,07044AA000,Pobla (Sa),despesa,9,144258.29
2021,07901AA000,Ariany,despesa,1,261007.82
2021,07008AA000,Binissalem,ingres,5,26200.00
2021,07008AA000,Binissalem,despesa,1,2953192.74
2021,07008AA000,Binissalem,despesa,4,626371.51
2021,07018AA000,Deyá,ingres,1,1091000.00
2021,07025AA000,Fornalutx,ingres,1,473080.00
2021,07022AV001,Ctro. Cultural,despesa,2,93400.00
2021,07053AA000,Santa Eugènia,ingres,3,381729.35
2021,07065AA000,Vilafranc de Bonany,ingres,2,100000.00
2021,07065AA000,Vilafranc de Bonany,ingres,5,700.00
2021,07015AV003,P. Esc. Infantiles,despesa,2,602287.44
2021,07023AA000,Ferreries,despesa,5,60199.22
2021,07043AA000,Porreres,ingres,3,210672.33
2021,07043AA000,Porreres,despesa,6,906323.92
2021,07056AV001,P. Res. Pers. Majors. Cas Metge Rei,ingres,3,489399.00
2021,07057AA000,Santanyí,ingres,1,10654764.43
2021,07057AA000,Santanyí,ingres,2,1016315.02
2021,07902AA000,Migjorn Gran (Es),despesa,2,973404.14
2021,07902AA000,Migjorn Gran (Es),despesa,4,344901.15
2021,07001DD000,Consejo Insular de Ibiza,despesa,8,250000.00
2021,07002DD000,Consejo Insular de Mallorca,despesa,3,863900.00
2021,07002DV001,Inst. l'Esport Hipic,despesa,4,932600.00
2021,07002DV003,Inst.  Mallorquí d'Afers Socials,despesa,3,30000.00
2021,07002DV003,Inst.  Mallorquí d'Afers Socials,despesa,8,120000.00
2021,07003DD000,Consejo Insular de Menorca,ingres,1,1478389.31
2021,07001MM000,Mc. Es Raiguer,despesa,2,2534543.87
2021,07003MM000,Mc. Migjorn de Mallorca,ingres,5,100.00
2021,07004AA000,Algaida,ingres,3,704046.21
2021,07004AA000,Algaida,despesa,3,1110.00
2021,07009AA000,Búger,ingres,3,298764.00
2021,07013AA000,Campos,ingres,4,2948993.93
2021,07013AA000,Campos,despesa,4,125768.34
2021,07014AA000,Capdepera,despesa,6,357000.00
2021,07016AA000,Consell,ingres,3,1041092.72
2021,07026AA000,Eivissa,despesa,2,28324557.09
2021,07026AV001,P. M. Deportes,despesa,3,4000.00
2021,07026AV002,P. M. Música,despesa,4,2000.00
2021,07028AA000,Lloret de Vistalegre,ingres,5,1.00
2021,07029AA000,Lloseta,despesa,4,543502.86
2021,07029AA000,Lloseta,despesa,9,106260.06
2021,07031AA000,Llucmajor,ingres,8,55000.00
2021,07031AA000,Llucmajor,despesa,3,100000.00
2021,07034AA000,Mancor de la Vall,ingres,2,20250.00
2021,07035AA000,Maria de la Salut,despesa,1,792053.83
2021,07036AA000,Marratxí,despesa,4,10009809.51
2021,07037AA000,Mercadal (Es),ingres,2,206700.00
2021,07041AA000,Petra,ingres,6,6.00
2021,07041AA000,Petra,despesa,4,306606.00
2021,07046AA000,Sant Antoni de Portmany,ingres,7,799605.45
2021,07046AA000,Sant Antoni de Portmany,despesa,1,7967630.00
2021,07048AA000,Sant Josep de sa Talaia,ingres,4,7270558.54
2021,07048AA000,Sant Josep de sa Talaia,despesa,5,200000.00
2021,07050AA000,Sant Joan de Labritja,ingres,5,1100.00
2021,07055AA000,Santa Margalida,despesa,1,5424890.00
2021,07061AA000,Sóller,despesa,1,7285541.53
2021,07061AA000,Sóller,despesa,3,167000.00
2021,07061AA000,Sóller,despesa,7,194000.00
2021,07063AA000,Valldemossa,despesa,9,265000.00
2021,07040AA000,Palma,despesa,4,96699951.37
2021,07040AV001,Inst. M. l'Esport,ingres,8,90000.00
2021,07040AV002,P. M. d'Escoles d'Infants,ingres,4,7706112.90
2021,07040AV002,P. M. d'Escoles d'Infants,ingres,7,251573.45
2021,07040AV002,P. M. d'Escoles d'Infants,despesa,4,350000.00
2021,07040AV004,P. M. l'Habitatge,ingres,4,1656826.26
2021,07040AV004,P. M. l'Habitatge,despesa,1,1849802.26
2021,07040AV009,Inst. M. Form. Ocupacional i Feina,ingres,4,8467660.24
2021,07040AV009,Inst. M. Form. Ocupacional i Feina,despesa,1,6973207.37
2021,07040AV009,Inst. M. Form. Ocupacional i Feina,despesa,8,20000.00
2021,07062AA000,Son Servera,ingres,5,629154.00
2021,07003AA000,Alcúdia,ingres,3,6152510.00
2021,07003AA000,Alcúdia,ingres,4,4747422.00
2021,07039AA000,Muro,ingres,2,350000.00
2021,07059AA000,Salines (Ses),ingres,4,1469249.00
2021,07011AO001,"Inst. M. de Educación y Bibliotecas, IMEB -Calvià",ingres,7,118000.00
2021,07011AO001,"Inst. M. de Educación y Bibliotecas, IMEB -Calvià",despesa,3,8600.00
2021,07002AA000,Alaior,ingres,2,183003.91
2021,07002AA000,Alaior,despesa,4,571414.12
2021,07033AA000,Manacor,ingres,5,112695.00
2021,07033AO001,Institut Públic del Teatre Municipal,ingres,7,50000.00
2021,07033AO001,Institut Públic del Teatre Municipal,despesa,2,450000.00
2021,07033AV003,P. M. d'Esports,ingres,5,36500.00
2021,07033AO002,Institució Pública Antoni M. Alcover,ingres,7,5000.00
2021,07044AA000,Pobla (Sa),despesa,3,91513.07
2021,07044AA000,Pobla (Sa),despesa,4,481751.02
2021,07901AA000,Ariany,ingres,1,347000.00
2021,07011AO002,Oficina Municipal de Tributos de Calvià,despesa,2,348201.00
2021,07025AA000,Fornalutx,ingres,4,397442.72
2021,07025AA000,Fornalutx,despesa,6,240000.00
2021,07022AV001,Ctro. Cultural,despesa,3,100.00
2021,07024AA000,Formentera,despesa,4,2066500.00
2021,07024AA000,Formentera,despesa,6,5725000.00
2021,07065AA000,Vilafranc de Bonany,despesa,9,122000.00
2021,07015AA000,Ciutadella de Menorca,ingres,7,168549.75
2021,07015AV002,Hospital Municipal,despesa,2,605600.00
2021,07042AA000,Pollença,despesa,3,50000.00
2021,07042AA000,Pollença,despesa,7,30000.00
2021,07043AA000,Porreres,despesa,3,8000.00
2021,07051AA000,Sant Llorenç des Cardassar,despesa,8,10000.00
2021,07054AA000,Santa Eulalia del Río,ingres,7,944280.56
2021,07054AA000,Santa Eulalia del Río,despesa,7,253500.00
2021,07056AA000,Santa María del Camí,ingres,3,1846172.53
2021,07056AA000,Santa María del Camí,despesa,2,2210517.34
2021,07056AA000,Santa María del Camí,despesa,4,740846.06
2021,07056AV001,P. Res. Pers. Majors. Cas Metge Rei,ingres,4,430000.00
2021,07056AV001,P. Res. Pers. Majors. Cas Metge Rei,ingres,5,1.00
2021,07057AA000,Santanyí,ingres,5,1059621.16
2021,07057AA000,Santanyí,despesa,1,8322652.80
2021,07057AA000,Santanyí,despesa,3,43000.00
2021,07001DD000,Consejo Insular de Ibiza,ingres,8,250000.00
2021,07001DV003,P. Esc. Turismo,ingres,4,530000.00
2021,07001DV003,P. Esc. Turismo,despesa,6,25000.00
2021,07002DD000,Consejo Insular de Mallorca,despesa,4,234680927.36
2021,07002DD000,Consejo Insular de Mallorca,despesa,7,32147035.19
2021,07002DV001,Inst. l'Esport Hipic,despesa,8,5000.00
2021,07002DV003,Inst.  Mallorquí d'Afers Socials,despesa,6,1225182.00
2021,07003DD000,Consejo Insular de Menorca,ingres,2,1833308.79
2021,07003DD000,Consejo Insular de Menorca,ingres,3,3037198.85
2021,07003DD000,Consejo Insular de Menorca,ingres,7,23030987.29
2021,07003DD000,Consejo Insular de Menorca,despesa,1,24834741.93
2021,07002MM000,Mc. Pla de Mallorca,ingres,4,6274236.80
2021,07001MM000,Mc. Es Raiguer,ingres,3,937086.35
2021,07003MM000,Mc. Migjorn de Mallorca,despesa,1,717903.03
2021,07004AA000,Algaida,despesa,4,191750.00
2021,07004AA000,Algaida,despesa,9,37060.27
2021,07006AA000,Artà,ingres,2,501500.00
2021,07009AA000,Búger,despesa,2,402650.00
2021,07009AA000,Búger,despesa,4,180200.00
2021,07009AA000,Búger,despesa,6,797629.00
2021,07010AA000,Bunyola,despesa,4,631693.78
2021,07014AA000,Capdepera,ingres,1,9615000.00
2021,07016AA000,Consell,despesa,2,1250665.87
2021,07026AA000,Eivissa,ingres,2,1400000.00
2021,07026AA000,Eivissa,ingres,5,1248020.00
2021,07026AA000,Eivissa,ingres,8,10.00
2021,07026AV003,Museo de Arte Contemporáneo,despesa,8,10.00
2021,07028AA000,Lloret de Vistalegre,ingres,3,102061.48
2021,07029AA000,Lloseta,ingres,2,100000.00
2021,07030AA000,Llubí,ingres,4,584273.00
2021,07030AA000,Llubí,despesa,7,1000.00
2021,07031AA000,Llucmajor,despesa,4,1489938.08
2021,07031AV001,P. Res. Personas Mayores,ingres,7,300000.00
2021,07034AA000,Mancor de la Vall,despesa,9,25000.00
2021,07035AA000,Maria de la Salut,ingres,3,334264.62
2021,07035AA000,Maria de la Salut,despesa,6,271000.00
2021,07037AA000,Mercadal (Es),despesa,9,88286.00
2021,07041AA000,Petra,ingres,2,118100.00
2021,07041AA000,Petra,despesa,2,676395.78
2021,07041AO001,F. Escuela Municipal de Música de Petra,despesa,2,2480.60
2021,07041AO002,Fundación Teatro y Acción Socio-Cultural de Petra,despesa,2,23342.00
2021,07046AA000,Sant Antoni de Portmany,ingres,3,5859200.00
2021,07046AA000,Sant Antoni de Portmany,despesa,2,12953013.00
2021,07048AA000,Sant Josep de sa Talaia,ingres,5,4495010.00
2021,07055AA000,Santa Margalida,ingres,1,6908000.00
2021,07061AA000,Sóller,ingres,5,291545.00
2021,07061AA000,Sóller,despesa,9,521199.83
2021,07063AA000,Valldemossa,ingres,1,1466509.94
2021,07063AA000,Valldemossa,ingres,4,651722.85
2021,07063AA000,Valldemossa,despesa,1,1783049.80
2021,07063AA000,Valldemossa,despesa,2,1085311.64
2021,07064AA000,Castell (Es),ingres,7,2840838.64
2021,07064AA000,Castell (Es),despesa,3,16000.00
2021,07064AA000,Castell (Es),despesa,9,166000.00
2021,07040AA000,Palma,despesa,1,160093350.43
2021,07040AA000,Palma,despesa,7,7471838.35
2021,07040AV001,Inst. M. l'Esport,ingres,5,171791.83
2021,07040AV004,P. M. l'Habitatge,ingres,7,632000.00
2021,07040AV006,Instituto Municipal Innovación  (IMI),ingres,4,6180320.35
2021,07040AV009,Inst. M. Form. Ocupacional i Feina,despesa,3,1565.16
2021,07062AA000,Son Servera,ingres,7,883263.37
2021,07062AA000,Son Servera,despesa,7,126216.95
2021,07003AA000,Alcúdia,despesa,2,13652139.33
2021,07003AA000,Alcúdia,despesa,3,201000.00
2021,07003AA000,Alcúdia,despesa,4,3587373.29
2021,07049AA000,Sant Joan,ingres,1,682300.00
2021,07049AA000,Sant Joan,despesa,9,13000.00
2021,07059AA000,Salines (Ses),ingres,1,3055000.00
2021,07059AA000,Salines (Ses),despesa,6,204002.00
2021,07002AA000,Alaior,ingres,4,2730464.98
2021,07002AA000,Alaior,despesa,5,110000.00
2021,07011AA000,Calvià,ingres,2,5501700.00
2021,07011AA000,Calvià,despesa,6,4637340.07
2021,07033AA000,Manacor,despesa,1,19269370.66
2021,07033AV002,P. l'Escola M. de Mallorqui,despesa,6,4500.00
2021,07044AA000,Pobla (Sa),despesa,2,5800754.73
2021,07008AA000,Binissalem,ingres,2,270000.00
2021,07008AA000,Binissalem,ingres,3,1320400.00
2021,07018AA000,Deyá,ingres,9,1080000.00
2021,07018AA000,Deyá,despesa,9,85864.94
2021,07027AA000,Inca,ingres,4,8991330.59
2021,07027AA000,Inca,despesa,5,110000.00
2021,07022AA000,Felanitx,despesa,1,8408450.00
2021,07024AA000,Formentera,despesa,2,10098500.00
2021,07065AA000,Vilafranc de Bonany,ingres,1,855900.00
2021,07065AA000,Vilafranc de Bonany,ingres,3,389540.00
2021,07015AA000,Ciutadella de Menorca,ingres,1,14955000.00
2021,07015AA000,Ciutadella de Menorca,ingres,6,149576.16
2021,07015AA000,Ciutadella de Menorca,despesa,6,1165050.53
2021,07015AV003,P. Esc. Infantiles,ingres,7,30000.00
2021,07023AA000,Ferreries,ingres,2,85000.00
2021,07023AA000,Ferreries,ingres,3,1084696.05
2021,07023AA000,Ferreries,despesa,6,843221.00
2021,07042AA000,Pollença,ingres,3,6536607.26
2021,07042AA000,Pollença,ingres,4,4632436.00
2021,07042AA000,Pollença,despesa,6,420232.93
2021,07043AA000,Porreres,despesa,2,1709487.69
2021,07051AA000,Sant Llorenç des Cardassar,despesa,6,5959000.00
2021,07052AA000,Sant Lluís,ingres,1,5609000.00
2021,07054AA000,Santa Eulalia del Río,ingres,3,10640170.00
2021,07054AA000,Santa Eulalia del Río,despesa,1,11357594.72
2021,07054AA000,Santa Eulalia del Río,despesa,3,70010.00
2021,07056AV001,P. Res. Pers. Majors. Cas Metge Rei,despesa,1,689169.45
2021,07902AA000,Migjorn Gran (Es),ingres,3,628320.00
2021,07001DD000,Consejo Insular de Ibiza,ingres,1,3000000.00
2021,07001DD000,Consejo Insular de Ibiza,ingres,4,70743287.03
2021,07001DD000,Consejo Insular de Ibiza,despesa,4,25241649.66
2021,07001DD000,Consejo Insular de Ibiza,despesa,5,500000.00
2021,07001DD000,Consejo Insular de Ibiza,despesa,6,5892393.14
2021,07001DV003,P. Esc. Turismo,despesa,4,35000.00
2021,07002DD000,Consejo Insular de Mallorca,ingres,7,54657970.59
2021,07002DO001,Agència  Protecció Legalitat Urbanística i Territorial de Mallorca,ingres,4,740000.00
2021,07003DD000,Consejo Insular de Menorca,ingres,5,74500.00
2021,07003DD000,Consejo Insular de Menorca,ingres,8,275000.00
2021,07003DV001,Inst. Menorquín de Estudios,ingres,4,1002100.00
2021,07003DV001,Inst. Menorquín de Estudios,despesa,6,3000.00
2021,07003DV002,Consell Economic i Social,ingres,4,25050.00
2021,07010AE001,Palmanyola,despesa,3,2410.00
2021,07001MM000,Mc. Es Raiguer,despesa,1,997349.27
2021,07006AA000,Artà,ingres,4,2584570.71
2021,07010AA000,Bunyola,ingres,2,309888.23
2021,07010AA000,Bunyola,despesa,2,2636838.93
2021,07010AA000,Bunyola,despesa,6,834284.67
2021,07014AA000,Capdepera,despesa,7,400000.00
2021,07014AO001,F. Castell de Capdepera,ingres,3,126000.00
2021,07016AA000,Consell,ingres,2,100000.00
2021,07016AA000,Consell,ingres,7,681775.79
2021,07016AA000,Consell,despesa,4,370010.20
2021,07016AA000,Consell,despesa,6,1106526.34
2021,07026AV001,P. M. Deportes,ingres,4,2067990.00
2021,07026AV003,Museo de Arte Contemporáneo,ingres,4,313790.00
2021,07026AV003,Museo de Arte Contemporáneo,ingres,8,10.00
2021,07026AV002,P. M. Música,despesa,3,1500.00
2021,07026AV002,P. M. Música,despesa,6,2300.00
2021,07028AA000,Lloret de Vistalegre,despesa,6,496164.65
2021,07029AA000,Lloseta,ingres,9,238194.45
2021,07032AA000,Maó,ingres,4,9079361.00
2021,07032AA000,Maó,ingres,5,379900.00
2021,07032AA000,Maó,despesa,3,168055.00
2021,07032AA000,Maó,despesa,4,4614106.00
2021,07034AA000,Mancor de la Vall,despesa,2,528005.00
2021,07035AA000,Maria de la Salut,despesa,2,652410.31
2021,07036AA000,Marratxí,ingres,7,1263448.70
2021,07037AA000,Mercadal (Es),despesa,2,4519100.00
2021,07041AA000,Petra,ingres,3,410253.00
2021,07041AA000,Petra,despesa,5,20000.00
2021,07046AA000,Sant Antoni de Portmany,ingres,4,6506000.00
2021,07050AA000,Sant Joan de Labritja,ingres,7,4844401.82
2021,07050AA000,Sant Joan de Labritja,despesa,1,1942446.02
2021,07058AA000,Selva,ingres,2,250000.00
2021,07040AA000,Palma,despesa,2,122323930.55
2021,07040AA000,Palma,despesa,3,5925887.40
2021,07040AA000,Palma,despesa,6,24976733.84
2021,07040AV001,Inst. M. l'Esport,despesa,8,90000.00
2021,07040AV002,P. M. d'Escoles d'Infants,ingres,8,11000.00
2021,07040AV004,P. M. l'Habitatge,despesa,3,2100.00
2021,07040AV004,P. M. l'Habitatge,despesa,4,22000.00
2021,07040AV006,Instituto Municipal Innovación  (IMI),despesa,2,983127.70
2021,07062AA000,Son Servera,ingres,2,507912.88
2021,07062AA000,Son Servera,despesa,1,6617440.90
2021,07003AA000,Alcúdia,ingres,2,462000.00
2021,07039AA000,Muro,despesa,1,4991557.38
2021,07002AA000,Alaior,ingres,7,785257.76
2021,07011AA000,Calvià,despesa,1,36739969.51
2021,07033AA000,Manacor,despesa,8,60100.00
2021,07033AV002,P. l'Escola M. de Mallorqui,ingres,7,4500.00
2021,07033AV002,P. l'Escola M. de Mallorqui,despesa,3,31.00
2021,07033AV003,P. M. d'Esports,despesa,2,322150.00
2021,07044AA000,Pobla (Sa),despesa,5,5000.00
2021,07044AA000,Pobla (Sa),despesa,6,1436761.90
2021,07901AA000,Ariany,ingres,7,552240.34
2021,07008AA000,Binissalem,despesa,5,47000.00
2021,07018AA000,Deyá,ingres,2,60000.00
2021,07018AA000,Deyá,despesa,4,216603.00
2021,07018AA000,Deyá,despesa,6,1098008.00
2021,07025AA000,Fornalutx,ingres,3,329725.00
2021,07027AA000,Inca,ingres,2,791458.68
2021,07027AA000,Inca,despesa,7,150000.00
2021,07027AA000,Inca,despesa,8,35000.00
2021,07022AV001,Ctro. Cultural,despesa,4,6500.00
2021,07024AA000,Formentera,ingres,3,6133000.00
2021,07024AA000,Formentera,despesa,1,11770000.00
2021,07053AA000,Santa Eugènia,despesa,6,392834.41
2021,07065AA000,Vilafranc de Bonany,ingres,7,295127.58
2021,07065AA000,Vilafranc de Bonany,despesa,5,5000.00
2021,07015AA000,Ciutadella de Menorca,ingres,2,633300.00
2021,07015AA000,Ciutadella de Menorca,ingres,4,8953311.92
2021,07015AA000,Ciutadella de Menorca,despesa,2,13259192.05
2021,07023AA000,Ferreries,ingres,5,723801.00
2021,07023AA000,Ferreries,despesa,1,2507125.22
2021,07042AA000,Pollença,despesa,4,4000167.46
2021,07051AA000,Sant Llorenç des Cardassar,ingres,4,2333000.00
2021,07052AA000,Sant Lluís,ingres,7,778037.62
2021,07052AA000,Sant Lluís,despesa,6,2247153.00
2021,07054AA000,Santa Eulalia del Río,ingres,2,3700260.00
2021,07054AA000,Santa Eulalia del Río,ingres,6,20.00
2021,07054AA000,Santa Eulalia del Río,ingres,8,122152.00
2021,07054AA000,Santa Eulalia del Río,ingres,9,20.00
2021,07054AA000,Santa Eulalia del Río,despesa,4,3561645.28
2021,07054AA000,Santa Eulalia del Río,despesa,5,50000.00
2021,07056AA000,Santa María del Camí,despesa,6,537647.60
2021,07057AA000,Santanyí,despesa,7,126888.29
2021,07902AA000,Migjorn Gran (Es),ingres,7,299000.00
2021,07001DD000,Consejo Insular de Ibiza,ingres,2,3336790.00
2021,07001DD000,Consejo Insular de Ibiza,despesa,7,7619131.87
2021,07002DD000,Consejo Insular de Mallorca,ingres,2,17272657.10
2021,07002DO001,Agència  Protecció Legalitat Urbanística i Territorial de Mallorca,despesa,6,108000.00
2021,07003DD000,Consejo Insular de Menorca,despesa,7,12744088.72
2021,07003DD000,Consejo Insular de Menorca,despesa,8,275000.00
2021,07003DV002,Consell Economic i Social,despesa,4,11800.00
2021,07010AE001,Palmanyola,despesa,6,106524.07
2021,07002MM000,Mc. Pla de Mallorca,despesa,1,841982.08
2021,07002MM000,Mc. Pla de Mallorca,despesa,6,282848.30
2021,07004AA000,Algaida,despesa,1,1935585.48
2021,07006AA000,Artà,ingres,3,3636743.08
2021,07013AA000,Campos,ingres,2,570584.81
2021,07013AA000,Campos,despesa,1,5266516.29
2021,07014AO001,F. Castell de Capdepera,despesa,2,87000.00
2021,07016AA000,Consell,ingres,4,1079579.15
2021,07026AV001,P. M. Deportes,despesa,4,430000.00
2021,07026AV002,P. M. Música,despesa,8,10.00
2021,07028AA000,Lloret de Vistalegre,ingres,2,40050.00
2021,07028AA000,Lloret de Vistalegre,ingres,4,544003.63
2021,07028AA000,Lloret de Vistalegre,despesa,4,29400.00
2021,07030AA000,Llubí,despesa,1,832478.00
2021,07030AA000,Llubí,despesa,4,94100.00
2021,07031AA000,Llucmajor,ingres,3,11279800.00
2021,07031AA000,Llucmajor,ingres,4,8447800.00
2021,07031AA000,Llucmajor,despesa,5,814900.06
2021,07031AA000,Llucmajor,despesa,6,951299.93
2021,07034AA000,Mancor de la Vall,ingres,1,583000.00
2021,07034AA000,Mancor de la Vall,ingres,5,6720.00
2021,07034AA000,Mancor de la Vall,despesa,3,2150.00
2021,07035AA000,Maria de la Salut,ingres,5,16065.87
2021,07036AA000,Marratxí,despesa,2,6875887.96
2021,07037AA000,Mercadal (Es),ingres,4,1921300.00
2021,07037AA000,Mercadal (Es),ingres,8,20000.00
2021,07037AA000,Mercadal (Es),ingres,9,88100.00
2021,07037AA000,Mercadal (Es),despesa,1,2913704.00
2021,07037AA000,Mercadal (Es),despesa,5,117500.00
2021,07041AA000,Petra,ingres,4,698712.90
2021,07041AA000,Petra,despesa,6,632158.50
2021,07048AA000,Sant Josep de sa Talaia,despesa,1,10859118.75
2021,07050AA000,Sant Joan de Labritja,ingres,3,1777331.18
2021,07055AA000,Santa Margalida,ingres,4,3000470.00
2021,07055AA000,Santa Margalida,despesa,2,7129620.00
2021,07058AA000,Selva,ingres,3,521282.13
2021,07058AA000,Selva,ingres,5,47520.00
2021,07064AA000,Castell (Es),ingres,2,90000.00
2021,07064AA000,Castell (Es),despesa,4,835766.72
2021,07040AA000,Palma,ingres,8,3610000.00
2021,07040AA000,Palma,despesa,5,4200000.00
2021,07040AV001,Inst. M. l'Esport,despesa,1,5206418.00
2021,07040AV002,P. M. d'Escoles d'Infants,ingres,5,20.00
2021,07040AV006,Instituto Municipal Innovación  (IMI),despesa,3,1000.00
2021,07040AV009,Inst. M. Form. Ocupacional i Feina,despesa,6,60.00
2021,07040AV009,Inst. M. Form. Ocupacional i Feina,despesa,7,100000.00
2021,07062AA000,Son Servera,despesa,6,1190022.42
2021,07003AA000,Alcúdia,ingres,7,795944.62
2021,07039AA000,Muro,ingres,3,3421105.02
2021,07039AA000,Muro,ingres,4,2063761.51
2021,07039AA000,Muro,despesa,2,5866395.48
2021,07049AA000,Sant Joan,ingres,2,60000.00
2021,07059AA000,Salines (Ses),ingres,3,1535501.00
2021,07059AA000,Salines (Ses),despesa,3,5000.00
2021,07059AA000,Salines (Ses),despesa,7,31124.88
2021,07011AO001,"Inst. M. de Educación y Bibliotecas, IMEB -Calvià",ingres,3,1360724.12
2021,07011AO001,"Inst. M. de Educación y Bibliotecas, IMEB -Calvià",ingres,8,22000.00
2021,07033AA000,Manacor,ingres,8,60000.00
2021,07033AV002,P. l'Escola M. de Mallorqui,despesa,2,79169.00
2021,07033AV003,P. M. d'Esports,ingres,4,281650.00
2021,07044AA000,Pobla (Sa),ingres,4,4078208.63
2021,07044AA000,Pobla (Sa),despesa,1,5699474.91
2021,07044AA000,Pobla (Sa),despesa,7,38814.69
2021,07901AA000,Ariany,ingres,2,15000.00
2021,07011AO002,Oficina Municipal de Tributos de Calvià,ingres,3,91000.00
2021,07011AO002,Oficina Municipal de Tributos de Calvià,ingres,8,22000.00
2021,07011AO002,Oficina Municipal de Tributos de Calvià,despesa,8,22000.00
2021,07008AA000,Binissalem,despesa,3,28271.69
2021,07027AA000,Inca,ingres,5,131692.00
2021,07027AA000,Inca,despesa,1,14710074.92
2021,07022AA000,Felanitx,despesa,2,7981050.00
2021,07024AA000,Formentera,despesa,3,35000.00
2021,07015AA000,Ciutadella de Menorca,ingres,5,356882.63
2021,07015AA000,Ciutadella de Menorca,despesa,5,105294.61
2021,07015AA000,Ciutadella de Menorca,despesa,7,618041.60
2021,07015AV003,P. Esc. Infantiles,despesa,6,40000.00
2021,07042AA000,Pollença,ingres,5,30100.00
2021,07043AA000,Porreres,ingres,2,116021.90
2021,07051AA000,Sant Llorenç des Cardassar,despesa,1,6346158.66
2021,07052AA000,Sant Lluís,ingres,2,260000.00
2021,07052AA000,Sant Lluís,despesa,1,4983849.21
2021,07056AA000,Santa María del Camí,ingres,1,2483447.76
2021,07056AA000,Santa María del Camí,ingres,5,25.00
2021,07056AA000,Santa María del Camí,despesa,1,3182763.49
2021,07057AA000,Santanyí,ingres,7,462850.52
2021,07902AA000,Migjorn Gran (Es),ingres,1,1057000.00
2021,07001DD000,Consejo Insular de Ibiza,despesa,2,27018759.01
2021,07002DD000,Consejo Insular de Mallorca,ingres,3,16588419.57
2021,07002DD000,Consejo Insular de Mallorca,ingres,5,2005814.62
2021,07002DD000,Consejo Insular de Mallorca,ingres,9,21737847.83
2021,07002DD000,Consejo Insular de Mallorca,despesa,1,84796368.18
2021,07002DD000,Consejo Insular de Mallorca,despesa,6,57895003.93
2021,07002DV001,Inst. l'Esport Hipic,ingres,3,262657.71
2021,07002DV001,Inst. l'Esport Hipic,ingres,8,5000.00
2021,07002DV003,Inst.  Mallorquí d'Afers Socials,ingres,7,1650182.00
2021,07003DV001,Inst. Menorquín de Estudios,despesa,1,608554.92
2021,07010AE001,Palmanyola,ingres,3,31500.00
2021,07010AE001,Palmanyola,ingres,4,615478.89
2021,07010AE001,Palmanyola,despesa,1,333400.15
2021,07001MM000,Mc. Es Raiguer,ingres,4,2603555.79
2021,07003MM000,Mc. Migjorn de Mallorca,ingres,3,1286983.03
2021,07006AA000,Artà,ingres,5,26601.00
2021,07006AA000,Artà,despesa,6,1874735.86
2021,07006AA000,Artà,despesa,7,1.00
2021,07010AA000,Bunyola,ingres,1,2543730.56
2021,07013AA000,Campos,ingres,1,4973167.12
2021,07013AA000,Campos,despesa,7,100000.00
2021,07014AO001,F. Castell de Capdepera,ingres,5,100.00
2021,07014AO001,F. Castell de Capdepera,despesa,1,111376.87
2021,07026AV001,P. M. Deportes,ingres,3,390000.00
2021,07026AV002,P. M. Música,despesa,1,437003.76
2021,07026AV002,P. M. Música,despesa,2,244186.24
2021,07028AA000,Lloret de Vistalegre,ingres,1,395993.76
2021,07028AA000,Lloret de Vistalegre,despesa,1,536548.26
2021,07029AA000,Lloseta,despesa,2,1847919.13
2021,07030AA000,Llubí,despesa,2,506533.00
2021,07031AV001,P. Res. Personas Mayores,ingres,4,1276132.10
2021,07032AA000,Maó,ingres,8,60000.00
2021,07034AA000,Mancor de la Vall,despesa,6,639790.00
2021,07035AA000,Maria de la Salut,ingres,7,234000.00
2021,07036AA000,Marratxí,ingres,1,15407000.00
2021,07036AA000,Marratxí,ingres,3,7119900.00
2021,07037AA000,Mercadal (Es),ingres,7,296500.00
2021,07037AA000,Mercadal (Es),despesa,6,1169500.00
2021,07041AA000,Petra,ingres,5,31816.00
2021,07041AO002,Fundación Teatro y Acción Socio-Cultural de Petra,ingres,4,39000.00
2021,07046AA000,Sant Antoni de Portmany,ingres,2,800000.00
2021,07046AA000,Sant Antoni de Portmany,despesa,4,2376298.00
2021,07046AA000,Sant Antoni de Portmany,despesa,5,82565.00
2021,07048AA000,Sant Josep de sa Talaia,ingres,2,1400000.00
2021,07050AA000,Sant Joan de Labritja,despesa,2,4169100.00
2021,07050AA000,Sant Joan de Labritja,despesa,3,6100.00
2021,07063AA000,Valldemossa,ingres,5,46000.00
2021,07063AA000,Valldemossa,despesa,3,11712.91
2021,07063AA000,Valldemossa,despesa,4,262592.42
2021,07063AA000,Valldemossa,despesa,6,925600.16
2021,07040AA000,Palma,ingres,9,24041207.62
2021,07040AV001,Inst. M. l'Esport,despesa,2,13082290.27
2021,07040AV004,P. M. l'Habitatge,ingres,5,700000.00
2021,07040AV004,P. M. l'Habitatge,ingres,8,93000.00
2021,07040AV006,Instituto Municipal Innovación  (IMI),ingres,7,572744.69
2021,07040AV006,Instituto Municipal Innovación  (IMI),despesa,8,60000.00
2021,07062AA000,Son Servera,ingres,8,60000.00
2021,07062AA000,Son Servera,despesa,9,827150.02
2021,07003AA000,Alcúdia,despesa,7,192600.00
2021,07039AA000,Muro,ingres,1,4665160.65
2021,07049AA000,Sant Joan,ingres,5,30910.00
2021,07059AA000,Salines (Ses),ingres,5,173250.00
2021,07002AA000,Alaior,ingres,3,1945772.08
2021,07002AA000,Alaior,despesa,1,4363635.34
2021,07002AA000,Alaior,despesa,9,33904.20
2021,07011AA000,Calvià,despesa,3,350000.00
2021,07033AA000,Manacor,despesa,2,18900041.83
2021,07033AV003,P. M. d'Esports,ingres,3,4000.00
2021,07033AV003,P. M. d'Esports,ingres,7,270000.00
2021,07901AA000,Ariany,ingres,4,349200.94
2021,07901AA000,Ariany,ingres,5,20.00
2021,07901AA000,Ariany,despesa,6,569240.34
2021,07011AO002,Oficina Municipal de Tributos de Calvià,ingres,4,1577780.07
2021,07011AO002,Oficina Municipal de Tributos de Calvià,despesa,1,1320579.07
2021,07008AA000,Binissalem,ingres,4,2066500.00
2021,07025AA000,Fornalutx,ingres,5,12244.19
2021,07025AA000,Fornalutx,despesa,1,507788.08
2021,07027AA000,Inca,despesa,6,3326932.29
2021,07022AA000,Felanitx,ingres,1,8059140.00
2021,07065AA000,Vilafranc de Bonany,ingres,4,955980.64
2021,07065AA000,Vilafranc de Bonany,despesa,1,463769.87
2021,07065AA000,Vilafranc de Bonany,despesa,2,634743.67
2021,07065AA000,Vilafranc de Bonany,despesa,4,1053947.66
2021,07015AA000,Ciutadella de Menorca,despesa,1,12211369.39
2021,07015AV002,Hospital Municipal,despesa,5,19444.13
2021,07015AV003,P. Esc. Infantiles,despesa,5,4485.00
2021,07023AA000,Ferreries,ingres,4,2288223.95
2021,07042AA000,Pollença,despesa,2,8150881.85
2021,07051AA000,Sant Llorenç des Cardassar,ingres,2,602000.00
2021,07051AA000,Sant Llorenç des Cardassar,despesa,4,5966913.23
2021,07051AA000,Sant Llorenç des Cardassar,despesa,9,285000.00
2021,07052AA000,Sant Lluís,despesa,3,252500.00
2021,07052AA000,Sant Lluís,despesa,7,204999.00
2021,07052AA000,Sant Lluís,despesa,8,30000.00
2021,07056AV001,P. Res. Pers. Majors. Cas Metge Rei,despesa,2,203030.55
2021,07056AV001,P. Res. Pers. Majors. Cas Metge Rei,despesa,3,200.00
2021,07002DD000,Consejo Insular de Mallorca,ingres,1,14455810.30
2021,07002DV001,Inst. l'Esport Hipic,ingres,7,392800.00
2021,07002DO001,Agència  Protecció Legalitat Urbanística i Territorial de Mallorca,despesa,8,6000.00
2021,07003DD000,Consejo Insular de Menorca,despesa,5,2200000.00
2021,07003DV001,Inst. Menorquín de Estudios,ingres,3,88000.00
2021,07003DV001,Inst. Menorquín de Estudios,despesa,4,600.00
2021,07003DV001,Inst. Menorquín de Estudios,despesa,7,45000.00
2021,07003DV001,Inst. Menorquín de Estudios,despesa,8,1000.00
2021,07002MM000,Mc. Pla de Mallorca,ingres,3,1345800.00
2021,07004AA000,Algaida,ingres,1,1916133.84
2021,07004AA000,Algaida,despesa,6,40000.00
2021,07009AA000,Búger,ingres,1,430175.00
2021,07009AA000,Búger,ingres,2,80000.00
2021,07009AA000,Búger,ingres,4,474430.00
2021,07009AA000,Búger,despesa,1,518985.00
2021,07010AA000,Bunyola,despesa,5,65849.51
2021,07013AA000,Campos,despesa,3,9000.00
2021,07014AA000,Capdepera,ingres,2,850000.00
2021,07014AO001,F. Castell de Capdepera,despesa,3,13785.96
2021,07016AA000,Consell,ingres,5,34067.16
2021,07026AA000,Eivissa,ingres,7,4574042.85
2021,07026AV001,P. M. Deportes,despesa,1,1252021.10
2021,07026AV003,Museo de Arte Contemporáneo,ingres,7,13200.00
2021,07026AV002,P. M. Música,ingres,7,2300.00
2021,07031AA000,Llucmajor,ingres,1,19216700.00
2021,07031AA000,Llucmajor,despesa,1,20890267.07
2021,07031AA000,Llucmajor,despesa,7,392945.32
2021,07031AV001,P. Res. Personas Mayores,ingres,8,3000.00
2021,07031AV001,P. Res. Personas Mayores,despesa,3,1000.00
2021,07031AV002,P. Molí d'En Gaspar,ingres,4,2000.00
2021,07032AA000,Maó,despesa,6,6685101.00
2021,07032AA000,Maó,despesa,7,1195080.00
2021,07032AA000,Maó,despesa,8,60000.00
2021,07032AA000,Maó,despesa,9,751265.00
2021,07035AA000,Maria de la Salut,ingres,1,633505.50
2021,07035AA000,Maria de la Salut,despesa,3,1475.00
2021,07036AA000,Marratxí,ingres,5,240000.00
2021,07036AO001,Institut Municipal Comunicació,ingres,7,3000.00
2021,07037AA000,Mercadal (Es),despesa,4,1013830.00
2021,07041AA000,Petra,despesa,1,686551.71
2021,07041AA000,Petra,despesa,3,6506.00
2021,07046AA000,Sant Antoni de Portmany,ingres,5,500.00
2021,07046AA000,Sant Antoni de Portmany,despesa,3,94500.00
2021,07048AA000,Sant Josep de sa Talaia,despesa,2,19350973.54
2021,07050AA000,Sant Joan de Labritja,ingres,2,351067.00
2021,07061AA000,Sóller,despesa,2,7283260.92
2021,07063AA000,Valldemossa,ingres,7,716041.41
2021,07064AA000,Castell (Es),ingres,4,2370041.00
2021,07040AA000,Palma,despesa,8,11200000.00
2021,07040AV001,Inst. M. l'Esport,ingres,7,4601000.00
2021,07040AV006,Instituto Municipal Innovación  (IMI),ingres,8,60000.00
2021,07003AA000,Alcúdia,ingres,5,726686.00
2021,07039AA000,Muro,ingres,7,764204.35
2021,07039AA000,Muro,despesa,3,1800.00
2021,07039AA000,Muro,despesa,6,1844766.72
2021,07049AA000,Sant Joan,despesa,3,4030.00
2021,07011AO001,"Inst. M. de Educación y Bibliotecas, IMEB -Calvià",despesa,2,2318903.89
2021,07002AA000,Alaior,ingres,8,10000.00
2021,07011AA000,Calvià,ingres,1,51450000.00
2021,07033AA000,Manacor,ingres,3,9478174.13
2021,07901AA000,Ariany,despesa,3,2010.00
2021,07025AA000,Fornalutx,despesa,4,54260.00
2021,07022AV001,Ctro. Cultural,ingres,4,100000.00
2021,07024AA000,Formentera,ingres,2,274000.00
2021,07053AA000,Santa Eugènia,ingres,5,16712.62
2021,07015AA000,Ciutadella de Menorca,despesa,4,5373386.41
2021,07015AV002,Hospital Municipal,ingres,4,1907052.63
2021,07015AV002,Hospital Municipal,ingres,5,91500.00
2021,07023AA000,Ferreries,ingres,7,591449.00
2021,07043AA000,Porreres,ingres,4,1592464.96
2021,07051AA000,Sant Llorenç des Cardassar,ingres,1,9360000.00
2021,07051AA000,Sant Llorenç des Cardassar,ingres,5,586000.00
2021,07051AA000,Sant Llorenç des Cardassar,ingres,9,8086414.15
2021,07051AA000,Sant Llorenç des Cardassar,despesa,7,2287414.15
2021,07052AA000,Sant Lluís,despesa,9,646350.00
2021,07054AA000,Santa Eulalia del Río,ingres,4,8317435.00
2021,07054AA000,Santa Eulalia del Río,despesa,2,20365010.00
2021,07054AA000,Santa Eulalia del Río,despesa,8,35010.00
2021,07902AA000,Migjorn Gran (Es),despesa,1,1173065.80
2021,07001DV003,P. Esc. Turismo,ingres,3,110000.00
2021,07001DV003,P. Esc. Turismo,despesa,5,5000.00
2021,07002DD000,Consejo Insular de Mallorca,ingres,4,337497891.19
2021,07002DV001,Inst. l'Esport Hipic,ingres,4,2307200.00
2021,07002DV001,Inst. l'Esport Hipic,ingres,5,387347.16
2021,07002DV003,Inst.  Mallorquí d'Afers Socials,ingres,3,7470051.72
2021,07002DV003,Inst.  Mallorquí d'Afers Socials,despesa,4,21301784.80
2021,07003DD000,Consejo Insular de Menorca,despesa,3,210311.87
2021,07003DD000,Consejo Insular de Menorca,despesa,4,26746799.92
2021,07010AE001,Palmanyola,despesa,2,318028.74
2021,07010AE001,Palmanyola,despesa,9,9840.00
2021,07002MM000,Mc. Pla de Mallorca,despesa,3,1000.00
2021,07002MM000,Mc. Pla de Mallorca,despesa,4,253729.85
2021,07001MM000,Mc. Es Raiguer,despesa,6,1950.00
2021,07003MM000,Mc. Migjorn de Mallorca,despesa,3,1000.00
2021,07004AA000,Algaida,ingres,2,240048.13
2021,07006AA000,Artà,despesa,1,5383943.86
2021,07009AA000,Búger,ingres,7,709968.00
2021,07013AA000,Campos,ingres,3,4051096.03
2021,07013AA000,Campos,ingres,5,322500.00
2021,07013AA000,Campos,despesa,6,342300.00
2021,07026AA000,Eivissa,despesa,6,8560104.72
2021,07026AA000,Eivissa,despesa,8,10.00
2021,07026AV003,Museo de Arte Contemporáneo,despesa,1,218207.76
2021,07026AV002,P. M. Música,ingres,4,637180.00
2021,07029AA000,Lloseta,ingres,3,1496822.93
2021,07030AA000,Llubí,despesa,9,29885.00
2021,07031AV001,P. Res. Personas Mayores,ingres,5,100.00
2021,07031AV001,P. Res. Personas Mayores,despesa,2,214100.00
2021,07031AV001,P. Res. Personas Mayores,despesa,8,3000.00
2021,07034AA000,Mancor de la Vall,despesa,1,680370.00
2021,07035AA000,Maria de la Salut,despesa,9,18910.00
2021,07036AA000,Marratxí,ingres,4,9647831.53
2021,07036AA000,Marratxí,despesa,7,17500.00
2021,07036AO001,Institut Municipal Comunicació,despesa,2,118920.00
2021,07037AA000,Mercadal (Es),ingres,1,5074000.00
2021,07037AA000,Mercadal (Es),ingres,3,1980419.00
2021,07037AA000,Mercadal (Es),ingres,5,282001.00
2021,07048AA000,Sant Josep de sa Talaia,ingres,7,2598042.75
2021,07048AA000,Sant Josep de sa Talaia,despesa,3,10795.69
2021,07050AA000,Sant Joan de Labritja,despesa,6,5492976.98
2021,07058AA000,Selva,despesa,3,2520.00
2021,07064AA000,Castell (Es),despesa,1,3898134.64
2021,07064AA000,Castell (Es),despesa,6,3599464.35
2021,07040AV001,Inst. M. l'Esport,ingres,3,3062417.24
2021,07040AV002,P. M. d'Escoles d'Infants,despesa,3,1500.00
2021,07040AV009,Inst. M. Form. Ocupacional i Feina,despesa,4,566000.00
2021,07059AA000,Salines (Ses),despesa,2,2955287.69
2021,07011AO001,"Inst. M. de Educación y Bibliotecas, IMEB -Calvià",despesa,4,451580.00
2021,07002AA000,Alaior,ingres,5,723162.75
2021,07011AA000,Calvià,despesa,4,32266170.23
2021,07033AA000,Manacor,ingres,1,19499491.80
2021,07033AA000,Manacor,ingres,7,166859.12
2021,07033AO001,Institut Públic del Teatre Municipal,ingres,4,250000.00
2021,07033AV003,P. M. d'Esports,despesa,6,270000.00
2021,07033AO002,Institució Pública Antoni M. Alcover,ingres,4,69000.00
2021,07044AA000,Pobla (Sa),ingres,1,4743000.00
2021,07044AA000,Pobla (Sa),ingres,7,916748.82
2021,07018AA000,Deyá,ingres,4,418756.11
2021,07018AA000,Deyá,despesa,1,677774.56
2021,07018AA000,Deyá,despesa,2,1020606.61
2021,07025AA000,Fornalutx,despesa,2,675288.83
2021,07027AA000,Inca,ingres,8,35000.00
2021,07027AA000,Inca,despesa,2,12309078.54
2021,07022AA000,Felanitx,ingres,2,553000.00
2021,07022AA000,Felanitx,despesa,3,45000.00
2021,07022AA000,Felanitx,despesa,4,1123000.00
2021,07024AA000,Formentera,ingres,4,13263000.00
2021,07024AA000,Formentera,ingres,7,4095000.00
2021,07053AA000,Santa Eugènia,ingres,1,580629.41
2021,07053AA000,Santa Eugènia,ingres,7,330896.57
2021,07015AV003,P. Esc. Infantiles,ingres,3,150000.00
2021,07042AA000,Pollença,ingres,2,1100040.00
2021,07043AA000,Porreres,ingres,7,692359.21
2021,07001DD000,Consejo Insular de Ibiza,ingres,3,6808870.00
2021,07001DD000,Consejo Insular de Ibiza,despesa,1,35185013.35
2021,07002DD000,Consejo Insular de Mallorca,despesa,8,600000.00
2021,07002DV001,Inst. l'Esport Hipic,despesa,1,1142645.27
2021,07002DV001,Inst. l'Esport Hipic,despesa,2,871959.60
2021,07002DO001,Agència  Protecció Legalitat Urbanística i Territorial de Mallorca,ingres,8,6000.00
2021,07002DO001,Agència  Protecció Legalitat Urbanística i Territorial de Mallorca,despesa,1,2336130.88
2021,07002DV003,Inst.  Mallorquí d'Afers Socials,ingres,5,19350.97
2021,07003DD000,Consejo Insular de Menorca,despesa,9,301997.85
2021,07003DV002,Consell Economic i Social,despesa,2,13250.00
2021,07010AE001,Palmanyola,ingres,5,16700.00
2022,07004AA000,Algaida,despesa,1,2069055.67
2022,07006AA000,Artà,ingres,3,3759003.37
2022,07008AA000,Binissalem,despesa,3,28271.69
2022,07020AA000,Esporles,despesa,7,81512.42
2022,07020AA000,Esporles,ingres,3,1103985.22
2022,07022AA000,Felanitx,despesa,2,8852050.00
2022,07024AA000,Formentera,despesa,3,75000.00
2022,07026AV001,P. M. Deportes,despesa,4,454000.00
2022,07026AV002,P. M. Música,despesa,8,10.00
2022,07027AA000,Inca,despesa,1,15678525.87
2022,07027AA000,Inca,ingres,5,131692.00
2022,07028AA000,Lloret de Vistalegre,despesa,4,35625.00
2022,07028AA000,Lloret de Vistalegre,ingres,2,57550.00
2022,07028AA000,Lloret de Vistalegre,ingres,4,638592.65
2022,07031AA000,Llucmajor,despesa,5,574622.95
2022,07031AA000,Llucmajor,despesa,6,1055560.05
2022,07031AA000,Llucmajor,ingres,3,10845200.00
2022,07031AA000,Llucmajor,ingres,4,8970050.00
2022,07034AA000,Mancor de la Vall,despesa,3,4000.00
2022,07034AA000,Mancor de la Vall,ingres,1,595000.00
2022,07034AA000,Mancor de la Vall,ingres,5,6800.00
2022,07035AA000,Maria de la Salut,ingres,5,16135.87
2022,07036AA000,Marratxí,despesa,2,6809022.54
2022,07037AA000,Mercadal (Es),despesa,1,2992240.00
2022,07037AA000,Mercadal (Es),despesa,5,150000.00
2022,07037AA000,Mercadal (Es),ingres,4,2166175.00
2022,07037AA000,Mercadal (Es),ingres,8,20000.00
2022,07048AA000,Sant Josep de sa Talaia,despesa,1,11334006.84
2022,07055AA000,Santa Margalida,despesa,2,7000020.00
2022,07055AA000,Santa Margalida,ingres,4,3178470.00
2022,07058AA000,Selva,ingres,3,582500.00
2022,07058AA000,Selva,ingres,5,52550.97
2022,07014AO001,F. Castell de Capdepera,despesa,2,77000.00
2022,07005AA000,Andratx,despesa,5,100.00
2022,07040AA000,Palma,despesa,5,4475000.00
2022,07040AA000,Palma,ingres,8,4938255.39
2022,07040AV001,Inst. M. l'Esport,despesa,1,5069217.00
2022,07040AV002,P. M. d'Escoles d'Infants,ingres,5,20.00
2022,07040AV006,Instituto Municipal Innovación  (IMI),despesa,3,2000.00
2022,07040AV009,Inst. M. Form. Ocupacional i Feina,despesa,6,76020.00
2022,07040AV009,Inst. M. Form. Ocupacional i Feina,despesa,7,100000.00
2022,07062AA000,Son Servera,despesa,6,198000.00
2022,07003AA000,Alcúdia,ingres,7,795943.00
2022,07039AA000,Muro,despesa,2,6116055.75
2022,07039AA000,Muro,ingres,3,3449355.74
2022,07039AA000,Muro,ingres,4,2372521.79
2022,07049AA000,Sant Joan,ingres,2,90000.00
2022,07059AA000,Salines (Ses),despesa,3,20000.00
2022,07059AA000,Salines (Ses),despesa,7,37124.88
2022,07059AA000,Salines (Ses),ingres,3,1790232.39
2022,07012AA000,Campanet,ingres,5,6200.00
2022,07013AA000,Campos,despesa,1,5362892.66
2022,07013AA000,Campos,ingres,2,646894.81
2022,07016AA000,Consell,ingres,4,1127253.59
2022,07019AA000,Escorca,ingres,4,352095.00
2022,07030AA000,Llubí,despesa,1,896126.00
2022,07030AA000,Llubí,despesa,4,86100.00
2022,07041AA000,Petra,despesa,6,549823.86
2022,07041AA000,Petra,ingres,4,698712.90
2022,07050AA000,Sant Joan de Labritja,ingres,3,2067902.41
2022,07064AA000,Castell (Es),despesa,4,949016.72
2022,07064AA000,Castell (Es),ingres,2,90000.00
2022,07011AO001,"Inst. M. de Educación y Bibliotecas, IMEB -Calvià",ingres,3,1506808.29
2022,07011AO001,"Inst. M. de Educación y Bibliotecas, IMEB -Calvià",ingres,8,22000.00
2022,07033AA000,Manacor,ingres,8,60000.00
2022,07033AV002,P. l'Escola M. de Mallorqui,despesa,2,79169.00
2022,07033AV003,P. M. d'Esports,ingres,4,270650.00
2022,07044AA000,Pobla (Sa),despesa,1,6248927.80
2022,07044AA000,Pobla (Sa),despesa,7,38814.69
2022,07044AA000,Pobla (Sa),ingres,4,4218815.05
2022,07047AA000,Sencelles,despesa,2,1193950.00
2022,07047AA000,Sencelles,ingres,3,545600.00
2022,07011AO002,Oficina Municipal de Tributos de Calvià,despesa,8,22000.00
2022,07011AO002,Oficina Municipal de Tributos de Calvià,ingres,3,115905.59
2022,07011AO002,Oficina Municipal de Tributos de Calvià,ingres,8,22000.00
2022,07001AA000,Alaró,ingres,1,1898000.00
2022,07015AA000,Ciutadella de Menorca,despesa,5,241178.92
2022,07015AA000,Ciutadella de Menorca,despesa,7,491987.71
2022,07015AA000,Ciutadella de Menorca,ingres,5,397507.51
2022,07015AV003,P. Esc. Infantiles,despesa,6,40000.00
2022,07042AA000,Pollença,ingres,5,38100.00
2022,07043AA000,Porreres,ingres,2,301021.90
2022,07051AA000,Sant Llorenç des Cardassar,despesa,1,6346158.66
2022,07052AA000,Sant Lluís,despesa,1,5150645.86
2022,07052AA000,Sant Lluís,ingres,2,347000.00
2022,07056AA000,Santa María del Camí,despesa,1,3182763.49
2022,07056AA000,Santa María del Camí,ingres,1,2483447.76
2022,07056AA000,Santa María del Camí,ingres,5,25.00
2022,07057AA000,Santanyí,ingres,7,258319.61
2022,07902AA000,Migjorn Gran (Es),ingres,1,1041000.00
2022,07001DD000,Consejo Insular de Ibiza,despesa,2,27518511.40
2022,07002DD000,Consejo Insular de Mallorca,despesa,1,89793253.12
2022,07002DD000,Consejo Insular de Mallorca,despesa,6,49020261.49
2022,07002DD000,Consejo Insular de Mallorca,ingres,3,19134766.16
2022,07002DD000,Consejo Insular de Mallorca,ingres,5,1995552.48
2022,07002DD000,Consejo Insular de Mallorca,ingres,9,19654404.88
2022,07002DV001,Inst. l'Esport Hipic,ingres,3,268100.00
2022,07002DV001,Inst. l'Esport Hipic,ingres,8,5000.00
2022,07002DV003,Inst.  Mallorquí d'Afers Socials,ingres,7,4011705.18
2022,07003DV001,Inst. Menorquín de Estudios,despesa,1,692824.10
2022,07010AE001,Palmanyola,despesa,1,333501.04
2022,07010AE001,Palmanyola,ingres,3,31625.00
2022,07010AE001,Palmanyola,ingres,4,613746.33
2022,07001MM000,Mc. Es Raiguer,ingres,4,3102252.95
2022,07003MM000,Mc. Migjorn de Mallorca,ingres,3,1336980.00
2022,07006AA000,Artà,despesa,6,1392655.73
2022,07006AA000,Artà,despesa,7,1.00
2022,07006AA000,Artà,ingres,5,27601.00
2022,07007AA000,Banyalbufar,despesa,1,444384.80
2022,07007AA000,Banyalbufar,despesa,9,40500.00
2022,07008AA000,Binissalem,ingres,4,2066500.00
2022,07010AA000,Bunyola,ingres,1,2475868.26
2022,07022AA000,Felanitx,ingres,1,8066000.00
2022,07025AA000,Fornalutx,despesa,1,523554.00
2022,07025AA000,Fornalutx,ingres,5,12244.19
2022,07026AV001,P. M. Deportes,ingres,3,375000.00
2022,07026AV002,P. M. Música,despesa,1,447073.35
2022,07026AV002,P. M. Música,despesa,2,245116.65
2022,07027AA000,Inca,despesa,6,2844567.41
2022,07028AA000,Lloret de Vistalegre,despesa,1,631700.00
2022,07028AA000,Lloret de Vistalegre,ingres,1,410639.29
2022,07029AA000,Lloseta,despesa,2,1947027.49
2022,07031AV001,P. Res. Personas Mayores,ingres,4,1403309.87
2022,07032AA000,Maó,ingres,8,60000.00
2022,07034AA000,Mancor de la Vall,despesa,6,305900.00
2022,07035AA000,Maria de la Salut,ingres,7,655951.98
2022,07036AA000,Marratxí,ingres,1,15532000.00
2022,07036AA000,Marratxí,ingres,3,7327900.00
2022,07037AA000,Mercadal (Es),despesa,6,1103960.00
2022,07037AA000,Mercadal (Es),ingres,7,296500.00
2022,07048AA000,Sant Josep de sa Talaia,ingres,2,1596500.00
2022,07065AA000,Vilafranca de Bonany,despesa,1,410069.28
2022,07065AA000,Vilafranca de Bonany,despesa,2,746010.72
2022,07065AA000,Vilafranca de Bonany,despesa,4,1005650.00
2022,07065AA000,Vilafranca de Bonany,ingres,4,900216.52
2022,07014AO001,F. Castell de Capdepera,despesa,1,85173.15
2022,07014AO001,F. Castell de Capdepera,ingres,5,100.00
2022,07005AA000,Andratx,ingres,3,6153100.00
2022,07040AA000,Palma,ingres,9,21021067.88
2022,07040AV001,Inst. M. l'Esport,despesa,2,14371311.92
2022,07040AV004,P. M. l'Habitatge,ingres,5,850000.00
2022,07040AV004,P. M. l'Habitatge,ingres,8,11529.83
2022,07040AV006,Instituto Municipal Innovación  (IMI),despesa,8,60000.00
2022,07040AV006,Instituto Municipal Innovación  (IMI),ingres,7,1022368.85
2022,07062AA000,Son Servera,despesa,9,728160.39
2022,07062AA000,Son Servera,ingres,8,60000.00
2022,07003AA000,Alcúdia,despesa,7,192432.50
2022,07039AA000,Muro,ingres,1,4563137.03
2022,07049AA000,Sant Joan,ingres,5,37022.73
2022,07059AA000,Salines (Ses),ingres,5,174200.00
2022,07013AA000,Campos,despesa,7,100000.00
2022,07013AA000,Campos,ingres,1,4991833.75
2022,07019AA000,Escorca,despesa,1,483862.00
2022,07019AA000,Escorca,despesa,6,532341.00
2022,07030AA000,Llubí,despesa,2,510293.00
2022,07041AA000,Petra,ingres,5,37816.00
2022,07046AA000,Sant Antoni de Portmany,despesa,4,2660350.00
2022,07046AA000,Sant Antoni de Portmany,despesa,5,80000.00
2022,07046AA000,Sant Antoni de Portmany,ingres,2,2000000.00
2022,07050AA000,Sant Joan de Labritja,despesa,2,4644000.00
2022,07050AA000,Sant Joan de Labritja,despesa,3,99100.00
2022,07063AA000,Valldemossa,despesa,3,10190.16
2022,07063AA000,Valldemossa,despesa,4,90810.00
2022,07063AA000,Valldemossa,despesa,6,1007955.64
2022,07063AA000,Valldemossa,ingres,5,10000.00
2022,07041AO002,Fundación Teatro y Acción Socio-Cultural de Petra,ingres,4,39000.00
2022,07002AA000,Alaior,despesa,1,4784516.55
2022,07002AA000,Alaior,despesa,9,22630.86
2022,07002AA000,Alaior,ingres,3,1843640.73
2022,07011AA000,Calvià,despesa,3,352500.00
2022,07033AA000,Manacor,despesa,2,19826486.08
2022,07033AV003,P. M. d'Esports,ingres,3,4000.00
2022,07033AV003,P. M. d'Esports,ingres,7,108319.61
2022,07011AO002,Oficina Municipal de Tributos de Calvià,despesa,1,1574610.93
2022,07011AO002,Oficina Municipal de Tributos de Calvià,ingres,4,1759205.34
2022,07015AA000,Ciutadella de Menorca,despesa,1,12702273.18
2022,07015AV002,Hospital Municipal,despesa,5,32874.39
2022,07015AV003,P. Esc. Infantiles,despesa,5,10343.53
2022,07023AA000,Ferreries,ingres,4,2380171.37
2022,07042AA000,Pollença,despesa,2,8747957.20
2022,07051AA000,Sant Llorenç des Cardassar,despesa,4,5966913.23
2022,07051AA000,Sant Llorenç des Cardassar,despesa,9,285000.00
2022,07051AA000,Sant Llorenç des Cardassar,ingres,2,602000.00
2022,07052AA000,Sant Lluís,despesa,3,234000.00
2022,07052AA000,Sant Lluís,despesa,7,206575.00
2022,07052AA000,Sant Lluís,despesa,8,18000.00
2022,07056AV001,P. Res. Pers. Majors. Cas Metge Rei,despesa,2,203030.55
2022,07056AV001,P. Res. Pers. Majors. Cas Metge Rei,despesa,3,200.00
2022,07002DD000,Consejo Insular de Mallorca,ingres,1,18605700.00
2022,07003DD000,Consejo Insular de Menorca,despesa,5,200000.00
2022,07003DV001,Inst. Menorquín de Estudios,despesa,4,600.00
2022,07003DV001,Inst. Menorquín de Estudios,despesa,7,55000.00
2022,07003DV001,Inst. Menorquín de Estudios,despesa,8,1000.00
2022,07003DV001,Inst. Menorquín de Estudios,ingres,3,98000.00
2022,07002DO001,Agència  Protecció Legalitat Urbanística i Territorial de Mallorca,despesa,8,6000.00
2022,07002MM000,Mc. Pla de Mallorca,ingres,3,1345800.00
2022,07004AA000,Algaida,despesa,6,54500.00
2022,07004AA000,Algaida,ingres,1,1973401.35
2022,07007AA000,Banyalbufar,despesa,2,808290.44
2022,07009AA000,Búger,despesa,1,527411.10
2022,07009AA000,Búger,ingres,1,438778.50
2022,07009AA000,Búger,ingres,2,81600.00
2022,07009AA000,Búger,ingres,4,459387.60
2022,07010AA000,Bunyola,despesa,5,63695.42
2022,07014AA000,Capdepera,ingres,2,1001000.00
2022,07021AA000,Estellencs,ingres,4,331490.30
2022,07021AA000,Estellencs,ingres,5,200.00
2022,07022AV001,Ctro. Cultural,ingres,4,101200.00
2022,07024AA000,Formentera,ingres,2,550000.00
2022,07025AA000,Fornalutx,despesa,4,54660.00
2022,07026AA000,Eivissa,ingres,7,5031104.49
2022,07026AV001,P. M. Deportes,despesa,1,1291858.54
2022,07026AV002,P. M. Música,ingres,7,2300.00
2022,07026AV003,Museo de Arte Contemporáneo,ingres,7,13200.00
2022,07031AA000,Llucmajor,despesa,1,22278755.22
2022,07031AA000,Llucmajor,despesa,7,112745.32
2022,07031AA000,Llucmajor,ingres,1,18624100.00
2022,07031AV001,P. Res. Personas Mayores,despesa,3,1000.00
2022,07031AV001,P. Res. Personas Mayores,ingres,8,3000.00
2022,07031AV002,P. Molí d'En Gaspar,ingres,4,500.00
2022,07032AA000,Maó,despesa,6,3815200.00
2022,07032AA000,Maó,despesa,7,973747.00
2022,07032AA000,Maó,despesa,8,60000.00
2022,07032AA000,Maó,despesa,9,698659.00
2022,07035AA000,Maria de la Salut,despesa,3,4000.00
2022,07035AA000,Maria de la Salut,ingres,1,633505.50
2022,07036AA000,Marratxí,ingres,5,265000.00
2022,07037AA000,Mercadal (Es),despesa,4,1055210.00
2022,07048AA000,Sant Josep de sa Talaia,despesa,2,22147479.49
2022,07053AA000,Santa Eugènia,ingres,5,14829.90
2022,07061AA000,Sóller,despesa,2,9191752.68
2022,07036AO001,Institut Municipal Comunicació,ingres,7,3000.00
2022,07014AO001,F. Castell de Capdepera,despesa,3,11891.05
2022,07040AA000,Palma,despesa,8,1200000.00
2022,07040AV001,Inst. M. l'Esport,ingres,7,2500000.00
2022,07040AV006,Instituto Municipal Innovación  (IMI),ingres,8,60000.00
2022,07003AA000,Alcúdia,ingres,5,769259.00
2022,07039AA000,Muro,despesa,3,24212.40
2022,07039AA000,Muro,despesa,6,2330978.05
2022,07039AA000,Muro,ingres,7,1466971.34
2022,07049AA000,Sant Joan,despesa,3,4030.00
2022,07012AA000,Campanet,despesa,4,315046.63
2022,07012AA000,Campanet,ingres,2,86987.36
2022,07013AA000,Campos,despesa,3,28000.00
2022,07016AA000,Consell,ingres,5,36094.04
2022,07019AA000,Escorca,ingres,1,291100.00
2022,07019AA000,Escorca,ingres,3,293400.00
2022,07041AA000,Petra,despesa,1,709000.97
2022,07041AA000,Petra,despesa,3,6506.00
2022,07046AA000,Sant Antoni de Portmany,despesa,3,150000.00
2022,07046AA000,Sant Antoni de Portmany,ingres,5,500.00
2022,07050AA000,Sant Joan de Labritja,ingres,2,401067.00
2022,07063AA000,Valldemossa,ingres,7,832004.25
2022,07064AA000,Castell (Es),ingres,4,2649341.00
2022,07011AO001,"Inst. M. de Educación y Bibliotecas, IMEB -Calvià",despesa,2,2568546.46
2022,07002AA000,Alaior,ingres,8,10000.00
2022,07011AA000,Calvià,ingres,1,54580000.00
2022,07033AA000,Manacor,ingres,3,10337975.00
2022,07001AA000,Alaró,despesa,1,2754350.00
2022,07001AA000,Alaró,ingres,3,858800.00
2022,07001AA000,Alaró,ingres,5,65762.00
2022,07015AA000,Ciutadella de Menorca,despesa,4,6003961.29
2022,07015AV002,Hospital Municipal,ingres,4,2129993.12
2022,07015AV002,Hospital Municipal,ingres,5,38125.00
2022,07023AA000,Ferreries,ingres,7,245635.00
2022,07043AA000,Porreres,ingres,4,1755296.19
2022,07051AA000,Sant Llorenç des Cardassar,despesa,7,2287414.15
2022,07051AA000,Sant Llorenç des Cardassar,ingres,1,9360000.00
2022,07051AA000,Sant Llorenç des Cardassar,ingres,5,586000.00
2022,07051AA000,Sant Llorenç des Cardassar,ingres,9,8086414.15
2022,07052AA000,Sant Lluís,despesa,9,663700.00
2022,07054AA000,Santa Eulària des Riu,despesa,2,23363705.00
2022,07054AA000,Santa Eulària des Riu,despesa,8,35020.00
2022,07054AA000,Santa Eulària des Riu,ingres,4,9407435.00
2022,07902AA000,Migjorn Gran (Es),despesa,1,1216113.58
2022,07001DV003,P. Esc. Turismo,despesa,5,5000.00
2022,07001DV003,P. Esc. Turismo,ingres,3,110000.00
2022,07002DD000,Consejo Insular de Mallorca,ingres,4,376748660.67
2022,07002DV001,Inst. l'Esport Hipic,ingres,4,2700000.00
2022,07002DV001,Inst. l'Esport Hipic,ingres,5,184500.00
2022,07002DV003,Inst.  Mallorquí d'Afers Socials,despesa,4,22668625.46
2022,07002DV003,Inst.  Mallorquí d'Afers Socials,ingres,3,8653233.42
2022,07003DD000,Consejo Insular de Menorca,despesa,3,175000.00
2022,07003DD000,Consejo Insular de Menorca,despesa,4,31266829.96
2022,07010AE001,Palmanyola,despesa,2,331930.29
2022,07002MM000,Mc. Pla de Mallorca,despesa,3,15000.00
2022,07002MM000,Mc. Pla de Mallorca,despesa,4,253729.85
2022,07001MM000,Mc. Es Raiguer,despesa,6,3600.00
2022,07003MM000,Mc. Migjorn de Mallorca,despesa,3,1000.00
2022,07004AA000,Algaida,ingres,2,316079.64
2022,07006AA000,Artà,despesa,1,5605600.64
2022,07007AA000,Banyalbufar,ingres,1,384340.55
2022,07007AA000,Banyalbufar,ingres,2,260000.00
2022,07009AA000,Búger,ingres,7,877818.97
2022,07018AA000,Deià,despesa,1,941322.57
2022,07018AA000,Deià,despesa,2,1023743.61
2022,07018AA000,Deià,ingres,4,408550.00
2022,07020AA000,Esporles,ingres,2,122000.00
2022,07021AA000,Estellencs,ingres,3,147968.49
2022,07022AA000,Felanitx,despesa,3,60000.00
2022,07022AA000,Felanitx,despesa,4,1119200.00
2022,07022AA000,Felanitx,ingres,2,753000.00
2022,07024AA000,Formentera,ingres,4,14538000.00
2022,07024AA000,Formentera,ingres,7,4440000.00
2022,07025AA000,Fornalutx,despesa,2,703352.31
2022,07026AA000,Eivissa,despesa,6,13523632.85
2022,07026AA000,Eivissa,despesa,8,10.00
2022,07026AV002,P. M. Música,ingres,4,648180.00
2022,07026AV003,Museo de Arte Contemporáneo,despesa,1,225877.40
2022,07027AA000,Inca,despesa,2,13005384.71
2022,07027AA000,Inca,ingres,8,35000.00
2022,07029AA000,Lloseta,ingres,3,1477259.52
2022,07031AV001,P. Res. Personas Mayores,despesa,2,238100.00
2022,07031AV001,P. Res. Personas Mayores,despesa,8,3000.00
2022,07031AV001,P. Res. Personas Mayores,ingres,5,100.00
2022,07034AA000,Mancor de la Vall,despesa,1,786224.00
2022,07036AA000,Marratxí,despesa,7,29300.00
2022,07036AA000,Marratxí,ingres,4,10748400.00
2022,07037AA000,Mercadal (Es),ingres,1,4944900.00
2022,07037AA000,Mercadal (Es),ingres,3,1940554.00
2022,07037AA000,Mercadal (Es),ingres,5,538581.00
2022,07038AA000,Montuïri,ingres,4,665500.00
2022,07038AA000,Montuïri,ingres,5,100.00
2022,07038AA000,Montuïri,ingres,7,2000.00
2022,07048AA000,Sant Josep de sa Talaia,despesa,3,40000.00
2022,07048AA000,Sant Josep de sa Talaia,ingres,7,3795274.80
2022,07053AA000,Santa Eugènia,ingres,1,593381.04
2022,07053AA000,Santa Eugènia,ingres,7,142607.66
2022,07058AA000,Selva,despesa,3,2500.00
2022,07036AO001,Institut Municipal Comunicació,despesa,2,123920.00
2022,07005AA000,Andratx,despesa,8,10000.00
2022,07005AA000,Andratx,ingres,5,440500.00
2022,07040AV001,Inst. M. l'Esport,ingres,3,4109929.51
2022,07040AV002,P. M. d'Escoles d'Infants,despesa,3,500.00
2022,07040AV009,Inst. M. Form. Ocupacional i Feina,despesa,4,1625000.00
2022,07059AA000,Salines (Ses),despesa,2,3241351.60
2022,07013AA000,Campos,despesa,6,330300.00
2022,07013AA000,Campos,ingres,3,4335302.02
2022,07013AA000,Campos,ingres,5,468400.00
2022,07019AA000,Escorca,ingres,2,21006.00
2022,07030AA000,Llubí,despesa,9,45270.00
2022,07050AA000,Sant Joan de Labritja,despesa,6,3048410.55
2022,07064AA000,Castell (Es),despesa,1,4204079.51
2022,07064AA000,Castell (Es),despesa,6,2167754.48
2022,07011AO001,"Inst. M. de Educación y Bibliotecas, IMEB -Calvià",despesa,4,604500.00
2022,07002AA000,Alaior,ingres,5,705612.46
2022,07011AA000,Calvià,despesa,4,33744575.85
2022,07033AA000,Manacor,ingres,1,19343137.71
2022,07033AA000,Manacor,ingres,7,252373.45
2022,07033AO001,Institut Públic del Teatre Municipal,ingres,4,250000.00
2022,07033AV003,P. M. d'Esports,despesa,6,108319.61
2022,07033AO002,Institució Pública Antoni M. Alcover,ingres,4,108500.00
2022,07044AA000,Pobla (Sa),ingres,1,4751797.08
2022,07044AA000,Pobla (Sa),ingres,7,399362.77
2022,07015AV003,P. Esc. Infantiles,ingres,3,270000.00
2022,07042AA000,Pollença,ingres,2,1000040.00
2022,07043AA000,Porreres,ingres,7,87349.14
2022,07001DD000,Consejo Insular de Ibiza,despesa,1,35456000.92
2022,07001DD000,Consejo Insular de Ibiza,ingres,3,7967870.82
2022,07001DV003,P. Esc. Turismo,despesa,3,1200.00
2022,07002DD000,Consejo Insular de Mallorca,despesa,8,600000.00
2022,07002DV001,Inst. l'Esport Hipic,despesa,1,1175781.98
2022,07002DV001,Inst. l'Esport Hipic,despesa,2,1004218.02
2022,07002DV003,Inst.  Mallorquí d'Afers Socials,ingres,5,19350.97
2022,07003DV002,Consell Economic i Social,despesa,2,13250.00
2022,07002DO001,Agència  Protecció Legalitat Urbanística i Territorial de Mallorca,despesa,1,2509517.33
2022,07002DO001,Agència  Protecció Legalitat Urbanística i Territorial de Mallorca,ingres,8,6000.00
2022,07010AE001,Palmanyola,ingres,5,20060.00
2022,07004AA000,Algaida,despesa,2,2030526.06
2022,07004AA000,Algaida,ingres,5,25995.00
2022,07007AA000,Banyalbufar,ingres,4,474673.45
2022,07008AA000,Binissalem,despesa,2,2090020.00
2022,07008AA000,Binissalem,ingres,1,2757377.00
2022,07014AA000,Capdepera,despesa,1,8056964.27
2022,07014AA000,Capdepera,despesa,4,718104.20
2022,07018AA000,Deià,ingres,3,599450.18
2022,07020AA000,Esporles,despesa,4,129187.74
2022,07020AA000,Esporles,ingres,4,1542324.38
2022,07022AA000,Felanitx,despesa,6,7625500.00
2022,07024AA000,Formentera,ingres,1,7696000.00
2022,07025AA000,Fornalutx,despesa,3,500.00
2022,07026AA000,Eivissa,despesa,3,140000.00
2022,07026AV001,P. M. Deportes,despesa,8,10.00
2022,07027AA000,Inca,despesa,4,1266736.00
2022,07027AA000,Inca,ingres,3,9169136.51
2022,07027AA000,Inca,ingres,7,2516948.06
2022,07028AA000,Lloret de Vistalegre,despesa,3,6050.00
2022,07029AA000,Lloseta,despesa,1,3108025.43
2022,07031AV002,P. Molí d'En Gaspar,despesa,3,500.00
2022,07032AA000,Maó,ingres,3,6397933.00
2022,07034AA000,Mancor de la Vall,ingres,7,301900.00
2022,07036AA000,Marratxí,despesa,6,2760096.73
2022,07036AA000,Marratxí,despesa,8,16000.00
2022,07037AA000,Mercadal (Es),despesa,3,12000.00
2022,07037AA000,Mercadal (Es),despesa,8,20000.00
2022,07038AA000,Montuïri,despesa,4,319200.00
2022,07038AA000,Montuïri,ingres,3,355572.00
2022,07053AA000,Santa Eugènia,despesa,1,782850.51
2022,07053AA000,Santa Eugènia,despesa,2,641116.20
2022,07053AA000,Santa Eugènia,despesa,9,31773.95
2022,07055AA000,Santa Margalida,ingres,5,830960.00
2022,07058AA000,Selva,despesa,6,737500.00
2022,07058AA000,Selva,ingres,1,1505000.00
2022,07058AA000,Selva,ingres,4,1010000.00
2022,07036AO001,Institut Municipal Comunicació,despesa,3,1000.00
2022,07005AA000,Andratx,despesa,3,31000.00
2022,07040AA000,Palma,ingres,2,33089552.77
2022,07040AA000,Palma,ingres,3,109007524.66
2022,07040AV001,Inst. M. l'Esport,ingres,4,15383807.58
2022,07040AV002,P. M. d'Escoles d'Infants,despesa,6,140000.00
2022,07040AV004,P. M. l'Habitatge,despesa,2,492200.00
2022,07040AV004,P. M. l'Habitatge,ingres,3,96006.00
2022,07040AV006,Instituto Municipal Innovación  (IMI),despesa,1,5072817.10
2022,07040AV006,Instituto Municipal Innovación  (IMI),ingres,3,2893.00
2022,07040AV009,Inst. M. Form. Ocupacional i Feina,despesa,2,1051099.46
2022,07040AV009,Inst. M. Form. Ocupacional i Feina,ingres,5,6300.00
2022,07062AA000,Son Servera,ingres,1,8277622.52
2022,07003AA000,Alcúdia,ingres,1,16287100.00
2022,07039AA000,Muro,despesa,4,320587.22
2022,07039AA000,Muro,despesa,7,57500.00
2022,07049AA000,Sant Joan,despesa,4,299693.11
2022,07049AA000,Sant Joan,despesa,6,111800.00
2022,07016AA000,Consell,ingres,1,1189236.51
2022,07019AA000,Escorca,despesa,9,41716.00
2022,07019AA000,Escorca,ingres,5,54000.00
2022,07030AA000,Llubí,despesa,3,5753.00
2022,07030AA000,Llubí,ingres,3,154456.00
2022,07046AA000,Sant Antoni de Portmany,ingres,1,12938000.00
2022,07050AA000,Sant Joan de Labritja,ingres,1,3729000.00
2022,07063AA000,Valldemossa,ingres,3,1613031.80
2022,07064AA000,Castell (Es),ingres,3,642700.00
2022,07002AA000,Alaior,ingres,1,5127314.69
2022,07011AA000,Calvià,despesa,2,20885494.84
2022,07011AA000,Calvià,despesa,7,281519.19
2022,07011AA000,Calvià,ingres,5,4217380.75
2022,07033AA000,Manacor,despesa,3,186650.00
2022,07033AA000,Manacor,ingres,2,954962.05
2022,07033AA000,Manacor,ingres,4,12640930.57
2022,07033AV002,P. l'Escola M. de Mallorqui,ingres,4,60200.00
2022,07047AA000,Sencelles,despesa,3,8500.00
2022,07047AA000,Sencelles,despesa,6,30000.00
2022,07047AA000,Sencelles,ingres,2,296250.00
2022,07015AA000,Ciutadella de Menorca,despesa,3,265186.63
2022,07015AA000,Ciutadella de Menorca,ingres,3,9400043.56
2022,07015AV002,Hospital Municipal,despesa,1,2300911.96
2022,07023AA000,Ferreries,ingres,8,40000.00
2022,07051AA000,Sant Llorenç des Cardassar,despesa,3,107565.19
2022,07052AA000,Sant Lluís,ingres,8,18000.00
2022,07052AA000,Sant Lluís,ingres,9,1238000.00
2022,07054AA000,Santa Eulària des Riu,despesa,6,7628690.00
2022,07056AA000,Santa María del Camí,ingres,4,1839129.20
2022,07056AV001,P. Res. Pers. Majors. Cas Metge Rei,despesa,6,27000.00
2022,07057AA000,Santanyí,ingres,4,3778362.06
2022,07902AA000,Migjorn Gran (Es),despesa,3,2500.00
2022,07902AA000,Migjorn Gran (Es),ingres,4,862028.36
2022,07902AA000,Migjorn Gran (Es),ingres,8,1000.00
2022,07001DD000,Consejo Insular de Ibiza,despesa,3,207240.85
2022,07002DD000,Consejo Insular de Mallorca,despesa,5,100000.00
2022,07003DD000,Consejo Insular de Menorca,ingres,4,74474885.82
2022,07002MM000,Mc. Pla de Mallorca,despesa,2,7526866.36
2022,07003MM000,Mc. Migjorn de Mallorca,despesa,2,603160.00
2022,07004AA000,Algaida,ingres,4,1288658.04
2022,07004AA000,Algaida,ingres,7,42881.00
2022,07006AA000,Artà,despesa,2,4682192.09
2022,07008AA000,Binissalem,despesa,9,718456.31
2022,07008AA000,Binissalem,ingres,7,23000.00
2022,07009AA000,Búger,despesa,9,85000.00
2022,07009AA000,Búger,ingres,5,8402.20
2022,07010AA000,Bunyola,despesa,9,353763.00
2022,07010AA000,Bunyola,ingres,3,1368967.53
2022,07010AA000,Bunyola,ingres,5,1857.80
2022,07014AA000,Capdepera,despesa,2,12268503.00
2022,07014AA000,Capdepera,ingres,5,1321000.00
2022,07018AA000,Deià,ingres,5,10000.00
2022,07020AA000,Esporles,despesa,3,11670.51
2022,07020AA000,Esporles,despesa,9,78873.42
2022,07021AA000,Estellencs,despesa,4,20700.00
2022,07022AA000,Felanitx,despesa,7,120000.00
2022,07022AA000,Felanitx,ingres,3,4432000.00
2022,07024AA000,Formentera,despesa,7,250000.00
2022,07024AA000,Formentera,ingres,5,10000.00
2022,07026AA000,Eivissa,despesa,5,800000.00
2022,07026AA000,Eivissa,despesa,7,855500.17
2022,07026AA000,Eivissa,ingres,1,30398275.00
2022,07026AV001,P. M. Deportes,despesa,2,783131.46
2022,07026AV002,P. M. Música,ingres,8,10.00
2022,07026AV003,Museo de Arte Contemporáneo,despesa,2,95812.60
2022,07026AV003,Museo de Arte Contemporáneo,despesa,3,100.00
2022,07026AV003,Museo de Arte Contemporáneo,despesa,6,13200.00
2022,07029AA000,Lloseta,despesa,3,14963.00
2022,07029AA000,Lloseta,ingres,1,2096800.00
2022,07031AA000,Llucmajor,despesa,2,17447619.00
2022,07031AA000,Llucmajor,despesa,8,55000.00
2022,07031AV001,P. Res. Personas Mayores,despesa,1,1396139.67
2022,07031AV001,P. Res. Personas Mayores,despesa,6,19800.00
2022,07032AA000,Maó,despesa,2,13742487.00
2022,07032AA000,Maó,ingres,2,322530.00
2022,07032AA000,Maó,ingres,7,781705.00
2022,07034AA000,Mancor de la Vall,despesa,4,205100.00
2022,07034AA000,Mancor de la Vall,ingres,4,657105.00
2022,07035AA000,Maria de la Salut,despesa,4,111092.02
2022,07035AA000,Maria de la Salut,ingres,2,50000.00
2022,07035AA000,Maria de la Salut,ingres,4,989002.18
2022,07036AA000,Marratxí,ingres,8,16000.00
2022,07048AA000,Sant Josep de sa Talaia,ingres,3,9501783.60
2022,07053AA000,Santa Eugènia,despesa,3,1200.00
2022,07053AA000,Santa Eugènia,ingres,4,597091.95
2022,07055AA000,Santa Margalida,despesa,6,1848000.00
2022,07058AA000,Selva,despesa,2,1125000.00
2022,07058AA000,Selva,ingres,7,607949.03
2022,07061AA000,Sóller,ingres,1,8557450.44
2022,07036AO001,Institut Municipal Comunicació,despesa,6,3000.00
2022,07036AO001,Institut Municipal Comunicació,ingres,4,124920.00
2022,07014AO001,F. Castell de Capdepera,ingres,4,60964.20
2022,07005AA000,Andratx,despesa,6,1352500.00
2022,07005AA000,Andratx,despesa,7,165000.00
2022,07040AA000,Palma,ingres,5,4664370.39
2022,07040AV001,Inst. M. l'Esport,despesa,3,5000.00
2022,07040AV001,Inst. M. l'Esport,despesa,6,2500000.00
2022,07040AV002,P. M. d'Escoles d'Infants,despesa,1,4000760.71
2022,07040AV006,Instituto Municipal Innovación  (IMI),despesa,6,1022368.85
2022,07040AV009,Inst. M. Form. Ocupacional i Feina,ingres,8,20000.00
2022,07062AA000,Son Servera,despesa,3,38435.43
2022,07062AA000,Son Servera,despesa,4,481851.70
2022,07003AA000,Alcúdia,despesa,1,11523388.96
2022,07003AA000,Alcúdia,despesa,6,1296574.00
2022,07049AA000,Sant Joan,despesa,2,788420.00
2022,07049AA000,Sant Joan,ingres,3,419212.09
2022,07012AA000,Campanet,despesa,2,1083960.02
2022,07012AA000,Campanet,ingres,4,1033691.22
2022,07013AA000,Campos,despesa,2,7485044.79
2022,07019AA000,Escorca,despesa,2,469630.00
2022,07030AA000,Llubí,ingres,5,41436.00
2022,07050AA000,Sant Joan de Labritja,despesa,4,601177.00
2022,07050AA000,Sant Joan de Labritja,ingres,4,1799266.25
2022,07050AA000,Sant Joan de Labritja,ingres,6,1000.00
2022,07064AA000,Castell (Es),despesa,2,1733050.00
2022,07064AA000,Castell (Es),ingres,1,4159922.34
2022,07041AO001,F. Escuela Municipal de Música de Petra,despesa,1,54635.92
2022,07041AO001,F. Escuela Municipal de Música de Petra,despesa,3,848.00
2022,07041AO001,F. Escuela Municipal de Música de Petra,ingres,3,34151.38
2022,07041AO002,Fundación Teatro y Acción Socio-Cultural de Petra,despesa,1,29446.00
2022,07041AO002,Fundación Teatro y Acción Socio-Cultural de Petra,ingres,3,4512.00
2022,07011AO001,"Inst. M. de Educación y Bibliotecas, IMEB -Calvià",despesa,8,22000.00
2022,07002AA000,Alaior,despesa,8,10000.00
2022,07011AA000,Calvià,ingres,3,11153312.36
2022,07033AA000,Manacor,despesa,7,290836.66
2022,07033AO001,Institut Públic del Teatre Municipal,despesa,6,50000.00
2022,07044AA000,Pobla (Sa),ingres,3,3724320.00
2022,07047AA000,Sencelles,ingres,5,31000.00
2022,07011AO002,Oficina Municipal de Tributos de Calvià,despesa,6,3500.00
2022,07011AO002,Oficina Municipal de Tributos de Calvià,ingres,7,3500.00
2022,07001AA000,Alaró,despesa,3,17000.00
2022,07001AA000,Alaró,despesa,4,523060.00
2022,07015AA000,Ciutadella de Menorca,despesa,9,246709.18
2022,07015AV002,Hospital Municipal,ingres,3,720520.00
2022,07015AV003,P. Esc. Infantiles,ingres,4,955000.00
2022,07023AA000,Ferreries,ingres,1,2149000.00
2022,07043AA000,Porreres,despesa,4,407400.00
2022,07051AA000,Sant Llorenç des Cardassar,despesa,2,4551362.92
2022,07052AA000,Sant Lluís,ingres,4,2429278.14
2022,07054AA000,Santa Eulària des Riu,ingres,5,449683.61
2022,07056AA000,Santa María del Camí,ingres,2,203000.00
2022,07057AA000,Santanyí,despesa,4,2702541.84
2022,07902AA000,Migjorn Gran (Es),despesa,7,600.00
2022,07902AA000,Migjorn Gran (Es),ingres,2,65700.00
2022,07001DD000,Consejo Insular de Ibiza,ingres,9,200000.00
2022,07001DV003,P. Esc. Turismo,despesa,1,503784.03
2022,07001DV003,P. Esc. Turismo,despesa,2,140015.97
2022,07002DD000,Consejo Insular de Mallorca,ingres,8,1587552.79
2022,07002DV001,Inst. l'Esport Hipic,despesa,3,10000.00
2022,07002DV003,Inst.  Mallorquí d'Afers Socials,despesa,2,123081029.52
2022,07003DD000,Consejo Insular de Menorca,despesa,6,28994804.36
2022,07003DD000,Consejo Insular de Menorca,ingres,9,12700000.00
2022,07003DV001,Inst. Menorquín de Estudios,despesa,2,537705.90
2022,07002DO001,Agència  Protecció Legalitat Urbanística i Territorial de Mallorca,despesa,2,82482.67
2022,07001MM000,Mc. Es Raiguer,despesa,4,3000.00
2022,07001MM000,Mc. Es Raiguer,ingres,5,1.00
2022,07006AA000,Artà,despesa,5,122675.34
2022,07006AA000,Artà,despesa,9,2.00
2022,07007AA000,Banyalbufar,despesa,3,9000.00
2022,07007AA000,Banyalbufar,ingres,3,256066.46
2022,07010AA000,Bunyola,despesa,1,2196229.15
2022,07010AA000,Bunyola,ingres,4,2042557.73
2022,07018AA000,Deià,despesa,3,500.00
2022,07020AA000,Esporles,despesa,2,1693960.46
2022,07020AA000,Esporles,ingres,5,1500.00
2022,07021AA000,Estellencs,despesa,3,2108.66
2022,07021AA000,Estellencs,ingres,1,191840.31
2022,07022AA000,Felanitx,ingres,4,5406900.00
2022,07022AA000,Felanitx,ingres,5,622100.00
2022,07022AA000,Felanitx,ingres,9,7000000.00
2022,07025AA000,Fornalutx,ingres,2,30345.00
2022,07025AA000,Fornalutx,ingres,7,108390.10
2022,07026AA000,Eivissa,despesa,1,22142088.03
2022,07026AA000,Eivissa,despesa,4,7289850.70
2022,07026AA000,Eivissa,ingres,3,15727977.00
2022,07026AA000,Eivissa,ingres,4,17177603.51
2022,07026AA000,Eivissa,ingres,6,10.00
2022,07026AV001,P. M. Deportes,despesa,6,40000.00
2022,07026AV001,P. M. Deportes,ingres,7,40000.00
2022,07027AA000,Inca,ingres,1,10637213.39
2022,07028AA000,Lloret de Vistalegre,despesa,2,537000.00
2022,07028AA000,Lloret de Vistalegre,despesa,9,37200.00
2022,07028AA000,Lloret de Vistalegre,ingres,7,31165.20
2022,07029AA000,Lloseta,ingres,4,2019898.38
2022,07029AA000,Lloseta,ingres,5,51343.04
2022,07031AA000,Llucmajor,ingres,2,1570500.00
2022,07032AA000,Maó,despesa,1,15023987.00
2022,07032AA000,Maó,ingres,1,18231000.00
2022,07034AA000,Mancor de la Vall,ingres,3,278690.00
2022,07038AA000,Montuïri,despesa,2,1085752.16
2022,07038AA000,Montuïri,despesa,9,280000.00
2022,07038AA000,Montuïri,ingres,2,182000.00
2022,07048AA000,Sant Josep de sa Talaia,despesa,6,5233575.07
2022,07053AA000,Santa Eugènia,despesa,4,194828.88
2022,07053AA000,Santa Eugènia,ingres,2,74979.98
2022,07055AA000,Santa Margalida,despesa,3,20040.00
2022,07055AA000,Santa Margalida,ingres,2,240000.00
2022,07058AA000,Selva,despesa,1,1549000.00
2022,07058AA000,Selva,despesa,4,584000.00
2022,07058AA000,Selva,despesa,5,10000.00
2022,07061AA000,Sóller,ingres,2,990000.00
2022,07061AA000,Sóller,ingres,3,4113919.97
2022,07061AA000,Sóller,ingres,4,4728907.23
2022,07065AA000,Vilafranca de Bonany,despesa,3,9000.00
2022,07065AA000,Vilafranca de Bonany,despesa,6,237500.00
2022,07014AO001,F. Castell de Capdepera,despesa,6,10000.00
2022,07005AA000,Andratx,despesa,1,10471493.55
2022,07040AA000,Palma,ingres,4,103288342.83
2022,07040AV002,P. M. d'Escoles d'Infants,despesa,8,11000.00
2022,07040AV002,P. M. d'Escoles d'Infants,ingres,3,1009116.03
2022,07040AV004,P. M. l'Habitatge,despesa,6,1111896.63
2022,07039AA000,Muro,ingres,5,1748132.14
2022,07049AA000,Sant Joan,despesa,5,4000.00
2022,07049AA000,Sant Joan,ingres,4,692734.38
2022,07059AA000,Salines (Ses),despesa,1,2862031.98
2022,07059AA000,Salines (Ses),despesa,4,444530.66
2022,07059AA000,Salines (Ses),ingres,2,329000.00
2022,07016AA000,Consell,despesa,1,1424889.79
2022,07041AA000,Petra,ingres,7,405035.12
2022,07063AA000,Valldemossa,ingres,2,200000.00
2022,07011AO001,"Inst. M. de Educación y Bibliotecas, IMEB -Calvià",ingres,4,6956139.17
2022,07002AA000,Alaior,despesa,2,4834417.86
2022,07002AA000,Alaior,despesa,6,1233441.17
2022,07002AA000,Alaior,despesa,7,125000.00
2022,07011AA000,Calvià,despesa,9,2500000.00
2022,07011AA000,Calvià,ingres,4,24191983.80
2022,07011AA000,Calvià,ingres,7,1198964.67
2022,07011AA000,Calvià,ingres,8,310000.00
2022,07033AA000,Manacor,despesa,4,1779035.93
2022,07033AA000,Manacor,despesa,6,1791342.16
2022,07033AO001,Institut Públic del Teatre Municipal,ingres,3,200000.00
2022,07044AA000,Pobla (Sa),ingres,2,430000.00
2022,07015AV003,P. Esc. Infantiles,despesa,1,518096.70
2022,07023AA000,Ferreries,despesa,2,3259332.16
2022,07023AA000,Ferreries,despesa,3,24500.00
2022,07023AA000,Ferreries,despesa,4,449088.31
2022,07023AA000,Ferreries,despesa,8,40000.00
2022,07042AA000,Pollença,despesa,1,10436844.21
2022,07042AA000,Pollença,ingres,1,10525000.00
2022,07043AA000,Porreres,despesa,1,1604411.44
2022,07043AA000,Porreres,ingres,1,1877481.60
2022,07043AA000,Porreres,ingres,5,15000.00
2022,07051AA000,Sant Llorenç des Cardassar,ingres,3,4546000.00
2022,07052AA000,Sant Lluís,despesa,2,3889894.38
2022,07052AA000,Sant Lluís,despesa,4,784413.07
2022,07052AA000,Sant Lluís,despesa,5,82600.00
2022,07052AA000,Sant Lluís,ingres,3,2226900.00
2022,07052AA000,Sant Lluís,ingres,5,398150.00
2022,07054AA000,Santa Eulària des Riu,ingres,1,18864143.28
2022,07056AA000,Santa María del Camí,ingres,7,300000.00
2022,07057AA000,Santanyí,despesa,2,9233984.90
2022,07057AA000,Santanyí,despesa,6,468528.13
2022,07057AA000,Santanyí,ingres,3,4970996.36
2022,07902AA000,Migjorn Gran (Es),despesa,6,297800.00
2022,07902AA000,Migjorn Gran (Es),despesa,8,1000.00
2022,07902AA000,Migjorn Gran (Es),ingres,5,120100.00
2022,07001DD000,Consejo Insular de Ibiza,despesa,9,150000.00
2022,07001DD000,Consejo Insular de Ibiza,ingres,7,23079212.70
2022,07002DD000,Consejo Insular de Mallorca,despesa,2,72916585.90
2022,07002DV003,Inst.  Mallorquí d'Afers Socials,despesa,1,88612805.15
2022,07002DV003,Inst.  Mallorquí d'Afers Socials,despesa,7,725000.00
2022,07002DV003,Inst.  Mallorquí d'Afers Socials,ingres,4,225531587.00
2022,07002DV003,Inst.  Mallorquí d'Afers Socials,ingres,8,1875118.91
2022,07003DD000,Consejo Insular de Menorca,despesa,2,18961350.06
2022,07002DO001,Agència  Protecció Legalitat Urbanística i Territorial de Mallorca,ingres,3,1872000.00
2022,07001MM000,Mc. Es Raiguer,despesa,3,1000.00
2022,07003MM000,Mc. Migjorn de Mallorca,despesa,4,600.00
2022,07006AA000,Artà,despesa,3,7503.00
2022,07006AA000,Artà,despesa,4,542970.20
2022,07006AA000,Artà,ingres,1,4666199.06
2022,07006AA000,Artà,ingres,7,533937.24
2022,07008AA000,Binissalem,despesa,1,2953192.74
2022,07008AA000,Binissalem,despesa,4,626371.51
2022,07008AA000,Binissalem,ingres,5,26200.00
2022,07009AA000,Búger,despesa,3,7400.00
2022,07010AA000,Bunyola,despesa,3,43500.00
2022,07014AA000,Capdepera,despesa,3,28398.05
2022,07014AA000,Capdepera,ingres,3,6309500.00
2022,07014AA000,Capdepera,ingres,4,2970000.00
2022,07018AA000,Deià,ingres,1,1091000.00
2022,07020AA000,Esporles,despesa,5,19255.45
2022,07021AA000,Estellencs,despesa,2,374294.64
2022,07021AA000,Estellencs,despesa,6,7560.00
2022,07021AA000,Estellencs,ingres,2,20000.00
2022,07022AV001,Ctro. Cultural,despesa,2,93900.00
2022,07025AA000,Fornalutx,ingres,1,509725.00
2022,07026AV001,P. M. Deportes,ingres,8,10.00
2022,07026AV002,P. M. Música,ingres,3,47510.00
2022,07031AA000,Llucmajor,ingres,5,3869800.00
2022,07031AV001,P. Res. Personas Mayores,despesa,5,8270.20
2022,07031AV001,P. Res. Personas Mayores,ingres,3,240100.00
2022,07032AA000,Maó,ingres,6,700000.00
2022,07032AA000,Maó,ingres,9,3305611.00
2022,07036AA000,Marratxí,despesa,1,15428119.80
2022,07036AA000,Marratxí,despesa,3,60000.00
2022,07036AA000,Marratxí,ingres,2,1600000.00
2022,07037AA000,Mercadal (Es),despesa,7,4100.00
2022,07038AA000,Montuïri,despesa,1,1109807.84
2022,07048AA000,Sant Josep de sa Talaia,despesa,4,2352286.31
2022,07048AA000,Sant Josep de sa Talaia,ingres,1,14441631.76
2022,07053AA000,Santa Eugènia,ingres,3,360598.16
2022,07055AA000,Santa Margalida,despesa,4,404200.00
2022,07055AA000,Santa Margalida,ingres,3,3817420.00
2022,07061AA000,Sóller,despesa,4,459569.00
2022,07065AA000,Vilafranca de Bonany,ingres,2,100000.00
2022,07065AA000,Vilafranca de Bonany,ingres,5,1000.00
2022,07040AA000,Palma,despesa,9,22343205.35
2022,07040AA000,Palma,ingres,1,195816830.62
2022,07040AA000,Palma,ingres,7,3664055.46
2022,07040AV001,Inst. M. l'Esport,despesa,4,220000.00
2022,07040AV002,P. M. d'Escoles d'Infants,despesa,2,4166476.92
2022,07040AV004,P. M. l'Habitatge,despesa,8,40000.00
2022,07040AV006,Instituto Municipal Innovación  (IMI),ingres,5,50.00
2022,07040AV009,Inst. M. Form. Ocupacional i Feina,ingres,3,36000.00
2022,07040AV009,Inst. M. Form. Ocupacional i Feina,ingres,7,176020.00
2022,07062AA000,Son Servera,despesa,2,7844708.14
2022,07062AA000,Son Servera,despesa,8,60000.00
2022,07062AA000,Son Servera,ingres,3,3492301.33
2022,07062AA000,Son Servera,ingres,4,3143449.92
2022,07049AA000,Sant Joan,despesa,1,688851.48
2022,07012AA000,Campanet,ingres,1,846649.21
2022,07016AA000,Consell,despesa,3,17050.00
2022,07019AA000,Escorca,despesa,4,8735.00
2022,07030AA000,Llubí,despesa,6,97627.00
2022,07030AA000,Llubí,ingres,1,727004.00
2022,07030AA000,Llubí,ingres,2,110000.00
2022,07041AA000,Petra,ingres,1,589324.09
2022,07046AA000,Sant Antoni de Portmany,despesa,6,3985000.00
2022,07064AA000,Castell (Es),despesa,7,20510.13
2022,07041AO001,F. Escuela Municipal de Música de Petra,ingres,4,23500.00
2022,07011AO001,"Inst. M. de Educación y Bibliotecas, IMEB -Calvià",despesa,1,5122800.00
2022,07011AO001,"Inst. M. de Educación y Bibliotecas, IMEB -Calvià",despesa,6,158501.00
2022,07002AA000,Alaior,despesa,3,30440.26
2022,07011AA000,Calvià,despesa,8,310000.00
2022,07033AV002,P. l'Escola M. de Mallorqui,ingres,3,19000.00
2022,07033AO002,Institució Pública Antoni M. Alcover,despesa,2,69000.00
2022,07033AO002,Institució Pública Antoni M. Alcover,despesa,6,5000.00
2022,07044AA000,Pobla (Sa),despesa,9,401309.12
2022,07044AA000,Pobla (Sa),ingres,5,16671.16
2022,07047AA000,Sencelles,ingres,1,1131200.00
2022,07001AA000,Alaró,despesa,2,1330598.62
2022,07001AA000,Alaró,ingres,7,348512.17
2022,07015AV003,P. Esc. Infantiles,despesa,2,686559.77
2022,07023AA000,Ferreries,despesa,5,54000.00
2022,07043AA000,Porreres,despesa,6,234538.64
2022,07043AA000,Porreres,ingres,3,243851.17
2022,07056AV001,P. Res. Pers. Majors. Cas Metge Rei,ingres,3,489399.00
2022,07057AA000,Santanyí,ingres,1,10707765.81
2022,07057AA000,Santanyí,ingres,2,1065000.00
2022,07902AA000,Migjorn Gran (Es),despesa,2,1001106.54
2022,07902AA000,Migjorn Gran (Es),despesa,4,372528.24
2022,07902AA000,Migjorn Gran (Es),despesa,9,100000.00
2022,07001DD000,Consejo Insular de Ibiza,despesa,8,250000.00
2022,07002DD000,Consejo Insular de Mallorca,despesa,3,1251900.00
2022,07002DV001,Inst. l'Esport Hipic,despesa,4,962600.00
2022,07002DV003,Inst.  Mallorquí d'Afers Socials,despesa,3,30000.00
2022,07002DV003,Inst.  Mallorquí d'Afers Socials,despesa,8,120000.00
2022,07003DD000,Consejo Insular de Menorca,ingres,1,1564659.52
2022,07001MM000,Mc. Es Raiguer,despesa,2,2906910.26
2022,07003MM000,Mc. Migjorn de Mallorca,ingres,5,50.00
2022,07004AA000,Algaida,despesa,3,1110.00
2022,07004AA000,Algaida,ingres,3,726986.98
2022,07007AA000,Banyalbufar,despesa,4,60719.00
2022,07009AA000,Búger,ingres,3,312520.00
2022,07014AA000,Capdepera,despesa,6,749530.48
2022,07020AA000,Esporles,despesa,1,2537858.25
2022,07020AA000,Esporles,ingres,1,1876445.85
2022,07022AV001,Ctro. Cultural,despesa,3,800.00
2022,07024AA000,Formentera,despesa,4,2025200.00
2022,07024AA000,Formentera,despesa,6,5700000.00
2022,07025AA000,Fornalutx,despesa,6,108390.10
2022,07025AA000,Fornalutx,ingres,4,422525.12
2022,07026AA000,Eivissa,despesa,2,30248918.25
2022,07026AV001,P. M. Deportes,despesa,3,4000.00
2022,07026AV002,P. M. Música,despesa,4,2000.00
2022,07028AA000,Lloret de Vistalegre,ingres,5,4801.00
2022,07029AA000,Lloseta,despesa,4,580481.23
2022,07029AA000,Lloseta,despesa,9,99502.85
2022,07031AA000,Llucmajor,despesa,3,165000.00
2022,07031AA000,Llucmajor,ingres,8,55000.00
2022,07034AA000,Mancor de la Vall,ingres,2,30250.00
2022,07035AA000,Maria de la Salut,despesa,1,828286.13
2022,07036AA000,Marratxí,despesa,4,10688260.93
2022,07037AA000,Mercadal (Es),ingres,2,215700.00
2022,07038AA000,Montuïri,despesa,3,32500.00
2022,07038AA000,Montuïri,ingres,1,1732585.00
2022,07048AA000,Sant Josep de sa Talaia,despesa,5,200000.00
2022,07048AA000,Sant Josep de sa Talaia,ingres,4,7574157.55
2022,07055AA000,Santa Margalida,despesa,1,5693440.00
2022,07061AA000,Sóller,despesa,1,7976994.72
2022,07061AA000,Sóller,despesa,3,288925.03
2022,07061AA000,Sóller,despesa,7,195000.00
2022,07065AA000,Vilafranca de Bonany,despesa,9,150350.00
2022,07005AA000,Andratx,despesa,2,11148929.25
2022,07005AA000,Andratx,ingres,2,2400000.00
2022,07040AA000,Palma,despesa,4,102901885.61
2022,07040AV001,Inst. M. l'Esport,ingres,8,90000.00
2022,07040AV002,P. M. d'Escoles d'Infants,despesa,4,400000.00
2022,07040AV002,P. M. d'Escoles d'Infants,ingres,4,7558601.60
2022,07040AV002,P. M. d'Escoles d'Infants,ingres,7,140000.00
2022,07040AV004,P. M. l'Habitatge,despesa,1,2060599.92
2022,07040AV004,P. M. l'Habitatge,ingres,4,1653264.09
2022,07040AV009,Inst. M. Form. Ocupacional i Feina,despesa,1,7686315.38
2022,07040AV009,Inst. M. Form. Ocupacional i Feina,despesa,8,20000.00
2022,07040AV009,Inst. M. Form. Ocupacional i Feina,ingres,4,10321680.00
2022,07062AA000,Son Servera,ingres,5,630196.99
2022,07003AA000,Alcúdia,ingres,3,6334760.00
2022,07003AA000,Alcúdia,ingres,4,5403260.00
2022,07039AA000,Muro,ingres,2,350000.00
2022,07059AA000,Salines (Ses),ingres,4,1552367.61
2022,07012AA000,Campanet,despesa,3,3400.00
2022,07012AA000,Campanet,ingres,3,766922.60
2022,07013AA000,Campos,despesa,4,145832.51
2022,07013AA000,Campos,ingres,4,3009639.38
2022,07016AA000,Consell,ingres,3,1043990.90
2022,07019AA000,Escorca,despesa,3,9710.00
2022,07019AA000,Escorca,ingres,7,534393.00
2022,07041AA000,Petra,despesa,4,192618.00
2022,07041AA000,Petra,ingres,6,6.00
2022,07046AA000,Sant Antoni de Portmany,despesa,1,8692690.32
2022,07046AA000,Sant Antoni de Portmany,ingres,7,500000.00
2022,07050AA000,Sant Joan de Labritja,ingres,5,1100.00
2022,07063AA000,Valldemossa,despesa,9,265000.00
2022,07011AO001,"Inst. M. de Educación y Bibliotecas, IMEB -Calvià",despesa,3,8600.00
2022,07002AA000,Alaior,despesa,4,616498.04
2022,07002AA000,Alaior,ingres,2,249264.64
2022,07033AA000,Manacor,ingres,5,179643.96
2022,07033AO001,Institut Públic del Teatre Municipal,despesa,2,450000.00
2022,07033AO001,Institut Públic del Teatre Municipal,ingres,7,50000.00
2022,07033AV003,P. M. d'Esports,ingres,5,36500.00
2022,07033AO002,Institució Pública Antoni M. Alcover,despesa,1,39500.00
2022,07033AO002,Institució Pública Antoni M. Alcover,ingres,7,5000.00
2022,07044AA000,Pobla (Sa),despesa,3,8200.00
2022,07044AA000,Pobla (Sa),despesa,4,369468.39
2022,07047AA000,Sencelles,despesa,4,362200.00
2022,07011AO002,Oficina Municipal de Tributos de Calvià,despesa,2,300500.00
2022,07001AA000,Alaró,ingres,4,1835934.45
2022,07015AA000,Ciutadella de Menorca,ingres,7,260523.00
2022,07015AV002,Hospital Municipal,despesa,2,554851.77
2022,07042AA000,Pollença,despesa,3,50000.00
2022,07042AA000,Pollença,despesa,7,30000.00
2022,07043AA000,Porreres,despesa,3,10000.00
2022,07051AA000,Sant Llorenç des Cardassar,despesa,8,10000.00
2022,07054AA000,Santa Eulària des Riu,despesa,7,248500.00
2022,07054AA000,Santa Eulària des Riu,ingres,7,708230.31
2022,07056AA000,Santa María del Camí,despesa,2,2210517.34
2022,07056AA000,Santa María del Camí,despesa,4,740846.06
2022,07056AA000,Santa María del Camí,ingres,3,1846172.53
2022,07056AV001,P. Res. Pers. Majors. Cas Metge Rei,ingres,4,430000.00
2022,07056AV001,P. Res. Pers. Majors. Cas Metge Rei,ingres,5,1.00
2022,07057AA000,Santanyí,despesa,1,8660753.71
2022,07057AA000,Santanyí,despesa,3,43000.00
2022,07057AA000,Santanyí,ingres,5,659556.16
2022,07001DD000,Consejo Insular de Ibiza,ingres,8,250000.00
2022,07001DV003,P. Esc. Turismo,despesa,6,25000.00
2022,07001DV003,P. Esc. Turismo,ingres,4,605000.00
2022,07002DD000,Consejo Insular de Mallorca,despesa,4,254851231.43
2022,07002DD000,Consejo Insular de Mallorca,despesa,7,30435577.04
2022,07002DV001,Inst. l'Esport Hipic,despesa,8,5000.00
2022,07002DV003,Inst.  Mallorquí d'Afers Socials,despesa,6,4853535.35
2022,07003DD000,Consejo Insular de Menorca,despesa,1,26621886.69
2022,07003DD000,Consejo Insular de Menorca,ingres,2,2193130.39
2022,07003DD000,Consejo Insular de Menorca,ingres,3,3205606.63
2022,07003DD000,Consejo Insular de Menorca,ingres,7,23773034.62
2022,07002MM000,Mc. Pla de Mallorca,ingres,4,12434172.16
2022,07001MM000,Mc. Es Raiguer,ingres,3,925636.73
2022,07003MM000,Mc. Migjorn de Mallorca,despesa,1,732270.00
2022,07004AA000,Algaida,despesa,4,181750.00
2022,07004AA000,Algaida,despesa,9,37060.27
2022,07006AA000,Artà,ingres,2,601500.00
2022,07007AA000,Banyalbufar,ingres,5,30000.00
2022,07008AA000,Binissalem,ingres,2,270000.00
2022,07008AA000,Binissalem,ingres,3,1320400.00
2022,07009AA000,Búger,despesa,2,446283.09
2022,07009AA000,Búger,despesa,4,180900.00
2022,07009AA000,Búger,despesa,6,931513.08
2022,07010AA000,Bunyola,despesa,4,630463.78
2022,07014AA000,Capdepera,ingres,1,10220000.00
2022,07022AA000,Felanitx,despesa,1,8503250.00
2022,07024AA000,Formentera,despesa,2,10786800.00
2022,07026AA000,Eivissa,ingres,2,1400000.00
2022,07026AA000,Eivissa,ingres,5,5265020.00
2022,07026AA000,Eivissa,ingres,8,10.00
2022,07026AV003,Museo de Arte Contemporáneo,despesa,8,10.00
2022,07027AA000,Inca,despesa,5,25000.00
2022,07027AA000,Inca,ingres,4,9805024.25
2022,07028AA000,Lloret de Vistalegre,ingres,3,105826.86
2022,07029AA000,Lloseta,ingres,2,104699.06
2022,07031AA000,Llucmajor,despesa,4,1701641.02
2022,07031AV001,P. Res. Personas Mayores,ingres,7,19800.00
2022,07035AA000,Maria de la Salut,despesa,6,662997.76
2022,07035AA000,Maria de la Salut,ingres,3,326507.27
2022,07048AA000,Sant Josep de sa Talaia,ingres,5,4398000.00
2022,07053AA000,Santa Eugènia,ingres,8,5000.00
2022,07055AA000,Santa Margalida,ingres,1,6898850.00
2022,07061AA000,Sóller,despesa,6,129679.45
2022,07061AA000,Sóller,despesa,9,330000.00
2022,07061AA000,Sóller,ingres,5,181643.24
2022,07065AA000,Vilafranca de Bonany,ingres,1,863200.00
2022,07065AA000,Vilafranca de Bonany,ingres,3,398576.18
2022,07005AA000,Andratx,despesa,4,1064200.00
2022,07005AA000,Andratx,ingres,1,12486000.00
2022,07005AA000,Andratx,ingres,4,2840000.00
2022,07040AA000,Palma,despesa,1,165534650.91
2022,07040AA000,Palma,despesa,7,5398767.39
2022,07040AV001,Inst. M. l'Esport,ingres,5,171791.83
2022,07040AV004,P. M. l'Habitatge,ingres,7,1111896.63
2022,07040AV006,Instituto Municipal Innovación  (IMI),ingres,4,6273658.98
2022,07040AV009,Inst. M. Form. Ocupacional i Feina,despesa,3,1565.16
2022,07062AA000,Son Servera,ingres,7,178406.25
2022,07003AA000,Alcúdia,despesa,2,14143058.00
2022,07003AA000,Alcúdia,despesa,3,301000.00
2022,07003AA000,Alcúdia,despesa,4,2633868.54
2022,07049AA000,Sant Joan,ingres,1,660380.51
2022,07059AA000,Salines (Ses),despesa,6,393760.88
2022,07059AA000,Salines (Ses),ingres,1,3153000.00
2022,07016AA000,Consell,despesa,2,1319374.73
2022,07030AA000,Llubí,despesa,7,1000.00
2022,07030AA000,Llubí,ingres,4,609273.00
2022,07041AA000,Petra,despesa,2,790366.28
2022,07041AA000,Petra,ingres,2,118100.00
2022,07046AA000,Sant Antoni de Portmany,despesa,2,14393659.68
2022,07046AA000,Sant Antoni de Portmany,ingres,3,7152200.00
2022,07063AA000,Valldemossa,despesa,1,1842947.23
2022,07063AA000,Valldemossa,despesa,2,1519474.30
2022,07063AA000,Valldemossa,ingres,1,1466779.94
2022,07063AA000,Valldemossa,ingres,4,614561.34
2022,07064AA000,Castell (Es),despesa,3,31000.00
2022,07064AA000,Castell (Es),despesa,9,142100.00
2022,07064AA000,Castell (Es),ingres,7,1705547.50
2022,07041AO001,F. Escuela Municipal de Música de Petra,despesa,2,2167.46
2022,07041AO002,Fundación Teatro y Acción Socio-Cultural de Petra,despesa,2,14066.00
2022,07002AA000,Alaior,despesa,5,60000.00
2022,07002AA000,Alaior,ingres,4,2995854.46
2022,07011AA000,Calvià,despesa,6,5872941.39
2022,07011AA000,Calvià,ingres,2,6651700.00
2022,07033AA000,Manacor,despesa,1,19834571.91
2022,07033AV002,P. l'Escola M. de Mallorqui,despesa,6,4500.00
2022,07044AA000,Pobla (Sa),despesa,2,6069546.80
2022,07047AA000,Sencelles,ingres,4,995100.00
2022,07001AA000,Alaró,despesa,6,695400.00
2022,07015AA000,Ciutadella de Menorca,despesa,6,1181642.52
2022,07015AA000,Ciutadella de Menorca,ingres,1,14620000.00
2022,07015AV002,Hospital Municipal,despesa,6,10000.00
2022,07015AV003,P. Esc. Infantiles,ingres,7,30000.00
2022,07023AA000,Ferreries,despesa,6,365800.00
2022,07023AA000,Ferreries,ingres,2,85000.00
2022,07023AA000,Ferreries,ingres,3,1074825.44
2022,07042AA000,Pollença,despesa,6,468457.93
2022,07042AA000,Pollença,ingres,3,6873630.00
2022,07042AA000,Pollença,ingres,4,5174436.00
2022,07043AA000,Porreres,despesa,2,2023649.92
2022,07052AA000,Sant Lluís,ingres,1,5404500.00
2022,07054AA000,Santa Eulària des Riu,despesa,1,11980325.72
2022,07054AA000,Santa Eulària des Riu,despesa,3,66010.00
2022,07054AA000,Santa Eulària des Riu,ingres,3,12118670.00
2022,07056AV001,P. Res. Pers. Majors. Cas Metge Rei,despesa,1,689169.45
2022,07902AA000,Migjorn Gran (Es),ingres,3,671820.00
2022,07001DD000,Consejo Insular de Ibiza,despesa,4,23690586.59
2022,07001DD000,Consejo Insular de Ibiza,despesa,5,1200000.00
2022,07001DD000,Consejo Insular de Ibiza,despesa,6,16792892.08
2022,07001DD000,Consejo Insular de Ibiza,ingres,1,3180530.00
2022,07001DD000,Consejo Insular de Ibiza,ingres,4,73698928.99
2022,07001DV003,P. Esc. Turismo,despesa,4,40000.00
2022,07002DD000,Consejo Insular de Mallorca,ingres,7,39784022.00
2022,07003DD000,Consejo Insular de Menorca,ingres,5,55900.00
2022,07003DD000,Consejo Insular de Menorca,ingres,8,375000.00
2022,07003DV001,Inst. Menorquín de Estudios,despesa,6,5000.00
2022,07003DV001,Inst. Menorquín de Estudios,ingres,4,1194130.00
2022,07003DV002,Consell Economic i Social,ingres,4,27250.00
2022,07002DO001,Agència  Protecció Legalitat Urbanística i Territorial de Mallorca,ingres,4,740000.00
2022,07001MM000,Mc. Es Raiguer,despesa,1,1113380.41
2022,07006AA000,Artà,ingres,4,2765359.33
2022,07008AA000,Binissalem,despesa,5,47000.00
2022,07010AA000,Bunyola,despesa,2,2680837.36
2022,07010AA000,Bunyola,despesa,6,401053.50
2022,07010AA000,Bunyola,ingres,2,480290.89
2022,07018AA000,Deià,despesa,4,154427.00
2022,07018AA000,Deià,despesa,6,49007.00
2022,07018AA000,Deià,ingres,2,60000.00
2022,07020AA000,Esporles,despesa,6,93937.20
2022,07021AA000,Estellencs,despesa,1,286835.80
2022,07022AV001,Ctro. Cultural,despesa,4,6500.00
2022,07024AA000,Formentera,despesa,1,14998500.00
2022,07024AA000,Formentera,ingres,3,6601500.00
2022,07025AA000,Fornalutx,ingres,3,307227.00
2022,07026AV001,P. M. Deportes,ingres,4,2157990.00
2022,07026AV002,P. M. Música,despesa,3,1500.00
2022,07026AV002,P. M. Música,despesa,6,2300.00
2022,07026AV003,Museo de Arte Contemporáneo,ingres,4,321790.00
2022,07026AV003,Museo de Arte Contemporáneo,ingres,8,10.00
2022,07027AA000,Inca,despesa,7,150000.00
2022,07027AA000,Inca,despesa,8,35000.00
2022,07027AA000,Inca,ingres,2,710199.78
2022,07028AA000,Lloret de Vistalegre,despesa,6,1000.00
2022,07032AA000,Maó,despesa,3,124640.00
2022,07032AA000,Maó,despesa,4,6421967.00
2022,07032AA000,Maó,ingres,4,10824408.00
2022,07032AA000,Maó,ingres,5,237500.00
2022,07034AA000,Mancor de la Vall,despesa,2,568521.00
2022,07035AA000,Maria de la Salut,despesa,2,963774.50
2022,07036AA000,Marratxí,ingres,7,301500.00
2022,07037AA000,Mercadal (Es),despesa,2,4784900.00
2022,07038AA000,Montuïri,despesa,6,17500.00
2022,07053AA000,Santa Eugènia,despesa,6,131719.15
2022,07053AA000,Santa Eugènia,despesa,8,5000.00
2022,07058AA000,Selva,ingres,2,250000.00
2022,07065AA000,Vilafranca de Bonany,despesa,5,5000.00
2022,07065AA000,Vilafranca de Bonany,ingres,7,300887.30
2022,07014AO001,F. Castell de Capdepera,ingres,3,123000.00
2022,07040AA000,Palma,despesa,2,132531915.49
2022,07040AA000,Palma,despesa,3,4908761.58
2022,07040AA000,Palma,despesa,6,36195813.67
2022,07040AV001,Inst. M. l'Esport,despesa,8,90000.00
2022,07040AV002,P. M. d'Escoles d'Infants,ingres,8,11000.00
2022,07040AV004,P. M. l'Habitatge,despesa,3,1000.00
2022,07040AV004,P. M. l'Habitatge,despesa,4,17000.00
2022,07040AV006,Instituto Municipal Innovación  (IMI),despesa,2,1201784.88
2022,07062AA000,Son Servera,despesa,1,6769563.87
2022,07062AA000,Son Servera,ingres,2,338742.52
2022,07003AA000,Alcúdia,ingres,2,500000.00
2022,07039AA000,Muro,despesa,1,5100784.61
2022,07012AA000,Campanet,despesa,1,1235286.15
2022,07012AA000,Campanet,despesa,6,84363.71
2022,07012AA000,Campanet,ingres,7,79329.19
2022,07016AA000,Consell,despesa,4,405517.71
2022,07016AA000,Consell,despesa,6,546382.03
2022,07016AA000,Consell,ingres,2,100000.00
2022,07016AA000,Consell,ingres,7,216639.22
2022,07041AA000,Petra,despesa,5,20000.00
2022,07041AA000,Petra,ingres,3,419321.00
2022,07046AA000,Sant Antoni de Portmany,ingres,4,7371000.00
2022,07050AA000,Sant Joan de Labritja,despesa,1,2262312.45
2022,07050AA000,Sant Joan de Labritja,ingres,7,2655664.34
2022,07002AA000,Alaior,ingres,7,785257.76
2022,07011AA000,Calvià,despesa,1,38356310.31
2022,07033AA000,Manacor,despesa,8,60100.00
2022,07033AV002,P. l'Escola M. de Mallorqui,despesa,3,31.00
2022,07033AV002,P. l'Escola M. de Mallorqui,ingres,7,4500.00
2022,07033AV003,P. M. d'Esports,despesa,2,311150.00
2022,07044AA000,Pobla (Sa),despesa,5,5000.00
2022,07044AA000,Pobla (Sa),despesa,6,399699.26
2022,07047AA000,Sencelles,despesa,1,1224220.00
2022,07047AA000,Sencelles,despesa,9,180280.00
2022,07001AA000,Alaró,despesa,7,4700.00
2022,07001AA000,Alaró,ingres,2,318100.00
2022,07015AA000,Ciutadella de Menorca,despesa,2,14343506.95
2022,07015AA000,Ciutadella de Menorca,ingres,2,1203300.00
2022,07015AA000,Ciutadella de Menorca,ingres,4,9595072.31
2022,07015AV002,Hospital Municipal,ingres,7,10000.00
2022,07023AA000,Ferreries,despesa,1,2658271.34
2022,07023AA000,Ferreries,ingres,5,876360.00
2022,07042AA000,Pollença,despesa,4,3875300.00
2022,07051AA000,Sant Llorenç des Cardassar,ingres,4,2333000.00
2022,07052AA000,Sant Lluís,despesa,6,2160665.58
2022,07052AA000,Sant Lluís,ingres,7,1128665.75
2022,07054AA000,Santa Eulària des Riu,despesa,4,3377749.28
2022,07054AA000,Santa Eulària des Riu,despesa,5,50000.00
2022,07054AA000,Santa Eulària des Riu,ingres,2,5000260.00
2022,07054AA000,Santa Eulària des Riu,ingres,6,20.00
2022,07054AA000,Santa Eulària des Riu,ingres,8,201537.80
2022,07054AA000,Santa Eulària des Riu,ingres,9,20.00
2022,07056AA000,Santa María del Camí,despesa,6,237647.60
2022,07057AA000,Santanyí,despesa,7,331191.42
2022,07902AA000,Migjorn Gran (Es),ingres,7,230000.00
2022,07001DD000,Consejo Insular de Ibiza,despesa,7,6760660.67
2022,07001DD000,Consejo Insular de Ibiza,ingres,2,3649350.00
2022,07002DD000,Consejo Insular de Mallorca,ingres,2,21458150.00
2022,07003DD000,Consejo Insular de Menorca,despesa,7,11547345.91
2022,07003DD000,Consejo Insular de Menorca,despesa,8,575000.00
2022,07003DV002,Consell Economic i Social,despesa,4,14000.00
2022,07002DO001,Agència  Protecció Legalitat Urbanística i Territorial de Mallorca,despesa,6,20000.00
2022,07002MM000,Mc. Pla de Mallorca,despesa,1,996710.95
2022,07002MM000,Mc. Pla de Mallorca,despesa,6,4987665.00
2023,07006AA000,Artà,despesa,6,1767979.07
2023,07006AA000,Artà,despesa,7,1.00
2023,07006AA000,Artà,ingres,5,46901.00
2023,07007AA000,Banyalbufar,despesa,1,435157.71
2023,07007AA000,Banyalbufar,despesa,9,40400.00
2023,07008AA000,Binissalem,ingres,4,2722777.77
2023,07010AA000,Bunyola,ingres,1,2485759.17
2023,07013AA000,Campos,despesa,7,100000.00
2023,07013AA000,Campos,ingres,1,5132722.10
2023,07017AA000,Costitx,ingres,2,44200.00
2023,07019AA000,Escorca,despesa,1,583714.00
2023,07019AA000,Escorca,despesa,6,1282430.59
2023,07022AA000,Felanitx,ingres,1,8190000.00
2023,07025AA000,Fornalutx,despesa,1,523554.00
2023,07025AA000,Fornalutx,ingres,5,12244.19
2023,07026AV001,P. M. Deportes,ingres,3,290000.00
2023,07026AV002,P. M. Música,despesa,1,566086.26
2023,07026AV002,P. M. Música,despesa,2,201603.74
2023,07027AA000,Inca,despesa,6,1799803.23
2023,07028AA000,Lloret de Vistalegre,despesa,1,653900.00
2023,07028AA000,Lloret de Vistalegre,ingres,1,395500.00
2023,07029AA000,Lloseta,despesa,2,1971090.03
2023,07030AA000,Llubí,despesa,2,629625.00
2023,07031AV001,P. Res. Personas Mayores,ingres,4,1578726.00
2023,07032AA000,Maó,ingres,8,60000.00
2023,07034AA000,Mancor de la Vall,despesa,6,101375.00
2023,07035AA000,Maria de la Salut,ingres,7,441500.53
2023,07036AA000,Marratxí,ingres,1,14912000.00
2023,07036AA000,Marratxí,ingres,3,7679900.00
2023,07037AA000,Mercadal (Es),despesa,6,1028770.00
2023,07037AA000,Mercadal (Es),ingres,7,345000.00
2023,07041AA000,Petra,ingres,5,433416.00
2023,07045AA000,Puigpunyent,despesa,9,51000.00
2023,07046AA000,Sant Antoni de Portmany,despesa,4,2157000.00
2023,07046AA000,Sant Antoni de Portmany,despesa,5,80000.00
2023,07046AA000,Sant Antoni de Portmany,ingres,2,2000000.00
2023,07048AA000,Sant Josep de sa Talaia,ingres,2,3000000.00
2023,07050AA000,Sant Joan de Labritja,despesa,2,5345361.98
2023,07050AA000,Sant Joan de Labritja,despesa,3,18100.00
2023,07063AA000,Valldemossa,despesa,3,28941.47
2023,07063AA000,Valldemossa,despesa,4,90810.00
2023,07063AA000,Valldemossa,despesa,6,799389.30
2023,07063AA000,Valldemossa,ingres,5,148000.00
2023,07064AA000,Castell (Es),ingres,5,30000.00
2023,07065AA000,Vilafranca de Bonany,despesa,1,410069.28
2023,07065AA000,Vilafranca de Bonany,despesa,2,746310.72
2023,07065AA000,Vilafranca de Bonany,despesa,4,1005650.00
2023,07065AA000,Vilafranca de Bonany,ingres,4,900216.52
2023,07014AO001,F. Castell de Capdepera,despesa,1,87934.89
2023,07041AO002,Fundación Teatro y Acción Socio-Cultural de Petra,ingres,4,43500.00
2023,07005AA000,Andratx,ingres,3,5818904.00
2023,07040AA000,Palma,ingres,9,20304750.00
2023,07040AV001,Inst. M. l'Esport,despesa,2,14987248.33
2023,07040AV004,P. M. l'Habitatge,ingres,5,900000.00
2023,07040AV004,P. M. l'Habitatge,ingres,8,10000.00
2023,07040AV006,Instituto Municipal Innovación  (IMI),despesa,8,60000.00
2023,07040AV006,Instituto Municipal Innovación  (IMI),ingres,7,1059075.90
2023,07062AA000,Son Servera,despesa,9,378511.36
2023,07062AA000,Son Servera,ingres,8,60000.00
2023,07039AA000,Muro,ingres,1,4652008.38
2023,07049AA000,Sant Joan,ingres,5,38783.34
2023,07059AA000,Salines (Ses),ingres,5,210500.00
2023,07011AA000,Calvià,despesa,3,485820.00
2023,07033AA000,Manacor,despesa,2,20795728.68
2023,07033AV003,P. M. d'Esports,ingres,3,10508.00
2023,07033AV003,P. M. d'Esports,ingres,7,80000.00
2023,07011AO002,Oficina Municipal de Tributos de Calvià,despesa,1,1482556.06
2023,07011AO002,Oficina Municipal de Tributos de Calvià,ingres,4,1908972.36
2023,07015AA000,Ciutadella de Menorca,despesa,1,13317796.16
2023,07015AV002,Hospital Municipal,despesa,5,44339.30
2023,07015AV003,P. Esc. Infantiles,despesa,5,13320.45
2023,07023AA000,Ferreries,ingres,4,2667966.22
2023,07042AA000,Pollença,despesa,2,8995351.81
2023,07051AA000,Sant Llorenç des Cardassar,despesa,4,5194295.79
2023,07051AA000,Sant Llorenç des Cardassar,despesa,9,430000.00
2023,07051AA000,Sant Llorenç des Cardassar,ingres,2,902000.00
2023,07052AA000,Sant Lluís,despesa,3,212200.00
2023,07052AA000,Sant Lluís,despesa,7,240000.00
2023,07052AA000,Sant Lluís,despesa,8,18000.00
2023,07056AV001,P. Res. Pers. Majors. Cas Metge Rei,despesa,2,253030.55
2023,07002DD000,Consejo Insular de Mallorca,ingres,1,19167670.00
2023,07002DV001,Inst. l'Esport Hipic,ingres,7,120000.00
2023,07003DD000,Consejo Insular de Menorca,despesa,5,480000.00
2023,07003DV001,Inst. Menorquín de Estudios,despesa,4,600.00
2023,07003DV001,Inst. Menorquín de Estudios,despesa,7,82000.00
2023,07003DV001,Inst. Menorquín de Estudios,despesa,8,1000.00
2023,07003DV001,Inst. Menorquín de Estudios,ingres,3,100000.00
2023,07002DO001,Agència  Protecció Legalitat Urbanística i Territorial de Mallorca,despesa,8,6000.00
2023,07002MM000,Mc. Pla de Mallorca,ingres,3,1619798.55
2023,07004AA000,Algaida,despesa,6,57000.00
2023,07004AA000,Algaida,ingres,1,1941784.38
2023,07007AA000,Banyalbufar,despesa,2,811602.78
2023,07009AA000,Búger,despesa,1,554879.32
2023,07009AA000,Búger,ingres,1,423574.00
2023,07009AA000,Búger,ingres,2,83232.00
2023,07009AA000,Búger,ingres,4,584388.10
2023,07010AA000,Bunyola,despesa,5,68371.48
2023,07012AA000,Campanet,despesa,4,340401.19
2023,07012AA000,Campanet,ingres,2,92987.36
2023,07013AA000,Campos,despesa,3,10000.00
2023,07014AA000,Capdepera,ingres,2,700000.00
2023,07016AA000,Consell,ingres,5,41299.16
2023,07019AA000,Escorca,ingres,1,307600.00
2023,07019AA000,Escorca,ingres,3,249825.07
2023,07021AA000,Estellencs,ingres,4,310879.69
2023,07021AA000,Estellencs,ingres,5,100.00
2023,07022AV001,Ctro. Cultural,ingres,4,101200.00
2023,07025AA000,Fornalutx,despesa,4,54660.00
2023,07026AA000,Eivissa,ingres,7,5025777.63
2023,07026AV001,P. M. Deportes,despesa,1,1409242.05
2023,07026AV002,P. M. Música,ingres,7,3800.00
2023,07026AV003,Museo de Arte Contemporáneo,ingres,7,13200.00
2023,07031AA000,Llucmajor,despesa,1,23541077.62
2023,07031AA000,Llucmajor,ingres,1,18211100.00
2023,07031AV001,P. Res. Personas Mayores,despesa,3,1000.00
2023,07031AV001,P. Res. Personas Mayores,ingres,8,12000.00
2023,07031AV002,P. Molí d'En Gaspar,ingres,4,1.00
2023,07032AA000,Maó,despesa,6,4660481.00
2023,07032AA000,Maó,despesa,7,582972.00
2023,07032AA000,Maó,despesa,8,60000.00
2023,07032AA000,Maó,despesa,9,968115.00
2023,07035AA000,Maria de la Salut,despesa,3,5000.00
2023,07035AA000,Maria de la Salut,ingres,1,646699.41
2023,07036AA000,Marratxí,ingres,5,275000.00
2023,07037AA000,Mercadal (Es),despesa,4,1115610.00
2023,07041AA000,Petra,despesa,1,753368.42
2023,07041AA000,Petra,despesa,3,7006.00
2023,07046AA000,Sant Antoni de Portmany,despesa,3,150000.00
2023,07046AA000,Sant Antoni de Portmany,ingres,5,500.00
2023,07048AA000,Sant Josep de sa Talaia,despesa,2,26027209.86
2023,07050AA000,Sant Joan de Labritja,ingres,2,501067.00
2023,07053AA000,Santa Eugènia,ingres,5,15442.58
2023,07061AA000,Sóller,despesa,2,9191752.68
2023,07063AA000,Valldemossa,ingres,7,678389.00
2023,07064AA000,Castell (Es),ingres,4,3301594.33
2023,07014AO001,F. Castell de Capdepera,despesa,3,7000.00
2023,07040AA000,Palma,despesa,8,6200000.00
2023,07040AV001,Inst. M. l'Esport,ingres,7,9719569.00
2023,07040AV006,Instituto Municipal Innovación  (IMI),ingres,8,60000.00
2023,07003AA000,Alcúdia,ingres,5,356034.00
2023,07039AA000,Muro,despesa,3,5000.00
2023,07039AA000,Muro,despesa,6,1920216.79
2023,07039AA000,Muro,ingres,7,797843.42
2023,07049AA000,Sant Joan,despesa,3,2030.00
2023,07011AO001,"Inst. M. de Educación y Bibliotecas, IMEB -Calvià",despesa,2,2833983.02
2023,07011AA000,Calvià,ingres,1,56880000.00
2023,07033AA000,Manacor,ingres,3,11892002.40
2023,07001AA000,Alaró,despesa,1,2935100.00
2023,07001AA000,Alaró,ingres,3,896617.24
2023,07001AA000,Alaró,ingres,5,65202.00
2023,07015AA000,Ciutadella de Menorca,despesa,4,6402433.54
2023,07015AV002,Hospital Municipal,ingres,4,2538955.62
2023,07023AA000,Ferreries,ingres,7,324035.00
2023,07043AA000,Porreres,ingres,4,1925564.64
2023,07051AA000,Sant Llorenç des Cardassar,ingres,1,9285000.00
2023,07051AA000,Sant Llorenç des Cardassar,ingres,5,718000.00
2023,07052AA000,Sant Lluís,despesa,9,680250.00
2023,07054AA000,Santa Eulària des Riu,despesa,2,24576120.00
2023,07054AA000,Santa Eulària des Riu,despesa,8,35020.00
2023,07054AA000,Santa Eulària des Riu,ingres,4,10507435.00
2023,07902AA000,Migjorn Gran (Es),despesa,1,1291616.99
2023,07001DV003,P. Esc. Turismo,despesa,5,5000.00
2023,07001DV003,P. Esc. Turismo,ingres,3,110000.00
2023,07002DD000,Consejo Insular de Mallorca,ingres,4,456281588.92
2023,07002DV001,Inst. l'Esport Hipic,ingres,4,2754000.00
2023,07002DV001,Inst. l'Esport Hipic,ingres,5,264000.00
2023,07002DV003,Inst.  Mallorquí d'Afers Socials,despesa,4,29775760.01
2023,07002DV003,Inst.  Mallorquí d'Afers Socials,ingres,3,8404037.94
2023,07003DD000,Consejo Insular de Menorca,despesa,3,95000.00
2023,07003DD000,Consejo Insular de Menorca,despesa,4,42714518.48
2023,07002MM000,Mc. Pla de Mallorca,despesa,3,15000.00
2023,07002MM000,Mc. Pla de Mallorca,despesa,4,288204.94
2023,07001MM000,Mc. Es Raiguer,despesa,6,27100.00
2023,07003MM000,Mc. Migjorn de Mallorca,despesa,3,10000.00
2023,07004AA000,Algaida,ingres,2,501968.81
2023,07006AA000,Artà,despesa,1,5781461.85
2023,07007AA000,Banyalbufar,ingres,1,404963.86
2023,07007AA000,Banyalbufar,ingres,2,140000.00
2023,07009AA000,Búger,ingres,7,1052727.36
2023,07013AA000,Campos,despesa,6,162400.00
2023,07013AA000,Campos,ingres,3,4751388.86
2023,07013AA000,Campos,ingres,5,296138.52
2023,07017AA000,Costitx,despesa,6,978217.96
2023,07019AA000,Escorca,ingres,2,26006.00
2023,07020AA000,Esporles,ingres,2,115000.00
2023,07021AA000,Estellencs,ingres,3,169796.48
2023,07022AA000,Felanitx,despesa,3,50000.00
2023,07022AA000,Felanitx,despesa,4,1287941.00
2023,07022AA000,Felanitx,ingres,2,853000.00
2023,07025AA000,Fornalutx,despesa,2,703352.31
2023,07026AA000,Eivissa,despesa,6,10431866.31
2023,07026AA000,Eivissa,despesa,8,10.00
2023,07026AV002,P. M. Música,ingres,4,706180.00
2023,07026AV003,Museo de Arte Contemporáneo,despesa,1,239063.14
2023,07027AA000,Inca,despesa,2,13603799.98
2023,07027AA000,Inca,ingres,8,35000.00
2023,07029AA000,Lloseta,ingres,3,1749643.37
2023,07030AA000,Llubí,despesa,9,45270.00
2023,07031AV001,P. Res. Personas Mayores,despesa,2,238100.00
2023,07031AV001,P. Res. Personas Mayores,despesa,8,12000.00
2023,07031AV001,P. Res. Personas Mayores,ingres,5,100.00
2023,07034AA000,Mancor de la Vall,despesa,1,850875.00
2023,07036AA000,Marratxí,despesa,7,26300.00
2023,07036AA000,Marratxí,ingres,4,10947796.22
2023,07037AA000,Mercadal (Es),ingres,1,5054950.00
2023,07037AA000,Mercadal (Es),ingres,3,2286350.00
2023,07037AA000,Mercadal (Es),ingres,5,386010.00
2023,07038AA000,Montuïri,ingres,4,895500.00
2023,07038AA000,Montuïri,ingres,5,100.00
2023,07038AA000,Montuïri,ingres,7,2000.00
2023,07041AA000,Petra,despesa,7,6.00
2023,07045AA000,Puigpunyent,ingres,1,1138541.08
2023,07045AA000,Puigpunyent,ingres,4,918252.04
2023,07048AA000,Sant Josep de sa Talaia,despesa,3,3750.00
2023,07048AA000,Sant Josep de sa Talaia,ingres,7,4316578.41
2023,07050AA000,Sant Joan de Labritja,despesa,6,2617414.22
2023,07053AA000,Santa Eugènia,ingres,1,621019.87
2023,07053AA000,Santa Eugènia,ingres,7,258933.36
2023,07058AA000,Selva,despesa,3,2000.00
2023,07064AA000,Castell (Es),despesa,1,4926397.00
2023,07064AA000,Castell (Es),despesa,6,4359300.00
2023,07036AO001,Institut Municipal Comunicació,despesa,2,243000.00
2023,07005AA000,Andratx,despesa,8,10000.00
2023,07005AA000,Andratx,ingres,5,469000.00
2023,07040AV001,Inst. M. l'Esport,ingres,3,4259929.51
2023,07040AV009,Inst. M. Form. Ocupacional i Feina,despesa,4,1610010.00
2023,07059AA000,Salines (Ses),despesa,2,3675204.56
2023,07011AO001,"Inst. M. de Educación y Bibliotecas, IMEB -Calvià",despesa,4,579250.00
2023,07011AA000,Calvià,despesa,4,36328303.80
2023,07033AA000,Manacor,ingres,1,18835618.67
2023,07033AA000,Manacor,ingres,7,55059.12
2023,07033AO001,Institut Públic del Teatre Municipal,ingres,4,250000.00
2023,07033AV003,P. M. d'Esports,despesa,6,80000.00
2023,07033AO002,Institució Pública Antoni M. Alcover,ingres,4,108500.00
2023,07044AA000,Pobla (Sa),ingres,1,4738840.83
2023,07044AA000,Pobla (Sa),ingres,7,384938.24
2023,07015AV003,P. Esc. Infantiles,ingres,3,113000.00
2023,07042AA000,Pollença,ingres,2,1000040.00
2023,07001DD000,Consejo Insular de Ibiza,despesa,1,40012127.75
2023,07001DD000,Consejo Insular de Ibiza,ingres,3,9076962.01
2023,07001DV003,P. Esc. Turismo,despesa,3,2000.00
2023,07002DD000,Consejo Insular de Mallorca,despesa,8,1100000.00
2023,07002DV001,Inst. l'Esport Hipic,despesa,1,1222813.24
2023,07002DV001,Inst. l'Esport Hipic,despesa,2,1010986.76
2023,07002DV003,Inst.  Mallorquí d'Afers Socials,ingres,5,31000.00
2023,07003DV002,Consell Economic i Social,despesa,2,13250.00
2023,07002DO001,Agència  Protecció Legalitat Urbanística i Territorial de Mallorca,despesa,1,2594513.33
2023,07002DO001,Agència  Protecció Legalitat Urbanística i Territorial de Mallorca,ingres,8,6000.00
2023,07004AA000,Algaida,despesa,2,2383994.80
2023,07004AA000,Algaida,ingres,5,28700.00
2023,07007AA000,Banyalbufar,ingres,4,493149.21
2023,07008AA000,Binissalem,despesa,2,2416727.10
2023,07008AA000,Binissalem,ingres,1,2624000.00
2023,07014AA000,Capdepera,despesa,1,8591015.28
2023,07014AA000,Capdepera,despesa,4,397501.00
2023,07016AA000,Consell,ingres,1,1193993.20
2023,07017AA000,Costitx,despesa,4,54200.00
2023,07019AA000,Escorca,despesa,9,16000.00
2023,07019AA000,Escorca,ingres,5,59000.00
2023,07020AA000,Esporles,despesa,4,127671.00
2023,07020AA000,Esporles,ingres,4,1721956.53
2023,07022AA000,Felanitx,despesa,6,1302500.00
2023,07025AA000,Fornalutx,despesa,3,500.00
2023,07026AA000,Eivissa,despesa,3,140000.00
2023,07026AV001,P. M. Deportes,despesa,8,10.00
2023,07027AA000,Inca,despesa,4,1632836.00
2023,07027AA000,Inca,ingres,3,9395147.29
2023,07027AA000,Inca,ingres,7,1351233.77
2023,07028AA000,Lloret de Vistalegre,despesa,3,4000.00
2023,07029AA000,Lloseta,despesa,1,3563624.47
2023,07030AA000,Llubí,despesa,3,10550.00
2023,07030AA000,Llubí,ingres,3,192926.00
2023,07031AV002,P. Molí d'En Gaspar,despesa,3,1.00
2023,07032AA000,Maó,ingres,3,4203180.00
2023,07034AA000,Mancor de la Vall,ingres,7,82170.00
2023,07036AA000,Marratxí,despesa,6,3456257.98
2023,07036AA000,Marratxí,despesa,8,16000.00
2023,07037AA000,Mercadal (Es),despesa,3,20000.00
2023,07037AA000,Mercadal (Es),despesa,8,20000.00
2023,07038AA000,Montuïri,despesa,4,375000.00
2023,07038AA000,Montuïri,ingres,3,447519.00
2023,07045AA000,Puigpunyent,despesa,6,1155982.48
2023,07045AA000,Puigpunyent,ingres,3,675640.65
2023,07046AA000,Sant Antoni de Portmany,ingres,1,12938000.00
2023,07050AA000,Sant Joan de Labritja,ingres,1,3880000.00
2023,07053AA000,Santa Eugènia,despesa,1,881550.36
2023,07053AA000,Santa Eugènia,despesa,2,614562.12
2023,07053AA000,Santa Eugènia,despesa,9,28218.09
2023,07055AA000,Santa Margalida,ingres,5,906423.00
2023,07058AA000,Selva,despesa,6,40510.00
2023,07058AA000,Selva,ingres,1,1574000.00
2023,07058AA000,Selva,ingres,4,1200324.98
2023,07063AA000,Valldemossa,ingres,3,1734531.80
2023,07064AA000,Castell (Es),ingres,3,617900.00
2023,07036AO001,Institut Municipal Comunicació,despesa,3,1000.00
2023,07005AA000,Andratx,despesa,3,131000.00
2023,07040AA000,Palma,ingres,2,33943418.96
2023,07040AA000,Palma,ingres,3,121460123.66
2023,07040AV001,Inst. M. l'Esport,ingres,4,15869743.99
2023,07040AV002,P. M. d'Escoles d'Infants,despesa,6,3030000.00
2023,07040AV004,P. M. l'Habitatge,despesa,2,515600.00
2023,07040AV004,P. M. l'Habitatge,ingres,3,96006.00
2023,07040AV006,Instituto Municipal Innovación  (IMI),despesa,1,5368109.60
2023,07040AV006,Instituto Municipal Innovación  (IMI),ingres,3,2893.00
2023,07040AV009,Inst. M. Form. Ocupacional i Feina,despesa,2,1237160.42
2023,07040AV009,Inst. M. Form. Ocupacional i Feina,ingres,5,6300.00
2023,07062AA000,Son Servera,ingres,1,8031670.87
2023,07003AA000,Alcúdia,ingres,1,16287100.00
2023,07039AA000,Muro,despesa,4,353998.18
2023,07039AA000,Muro,despesa,7,55500.00
2023,07049AA000,Sant Joan,despesa,4,362144.00
2023,07049AA000,Sant Joan,despesa,6,82800.00
2023,07011AA000,Calvià,despesa,2,24503638.91
2023,07011AA000,Calvià,despesa,7,584820.00
2023,07011AA000,Calvià,ingres,5,4866815.16
2023,07033AA000,Manacor,despesa,3,576476.83
2023,07033AA000,Manacor,ingres,2,1404797.00
2023,07033AA000,Manacor,ingres,4,13932449.99
2023,07033AV002,P. l'Escola M. de Mallorqui,ingres,4,60200.00
2023,07047AA000,Sencelles,despesa,3,8500.00
2023,07047AA000,Sencelles,despesa,6,30000.00
2023,07047AA000,Sencelles,ingres,2,296250.00
2023,07015AA000,Ciutadella de Menorca,despesa,3,192785.35
2023,07015AA000,Ciutadella de Menorca,ingres,3,10243100.00
2023,07015AV002,Hospital Municipal,despesa,1,2384879.41
2023,07023AA000,Ferreries,ingres,8,40000.00
2023,07051AA000,Sant Llorenç des Cardassar,despesa,3,37198.30
2023,07052AA000,Sant Lluís,ingres,8,18000.00
2023,07052AA000,Sant Lluís,ingres,9,1040000.00
2023,07054AA000,Santa Eulària des Riu,despesa,6,8250800.00
2023,07056AA000,Santa María del Camí,ingres,4,2450980.20
2023,07056AV001,P. Res. Pers. Majors. Cas Metge Rei,despesa,6,55000.00
2023,07057AA000,Santanyí,ingres,4,4362701.44
2023,07902AA000,Migjorn Gran (Es),despesa,3,4500.00
2023,07902AA000,Migjorn Gran (Es),ingres,4,951147.36
2023,07902AA000,Migjorn Gran (Es),ingres,8,1000.00
2023,07001DD000,Consejo Insular de Ibiza,despesa,3,207240.85
2023,07002DD000,Consejo Insular de Mallorca,despesa,5,100000.00
2023,07003DD000,Consejo Insular de Menorca,ingres,4,88756112.35
2023,07002MM000,Mc. Pla de Mallorca,despesa,2,11306205.57
2023,07002MM000,Mc. Pla de Mallorca,ingres,7,3124254.56
2023,07003MM000,Mc. Migjorn de Mallorca,despesa,2,803300.00
2023,07004AA000,Algaida,ingres,4,1707396.24
2023,07004AA000,Algaida,ingres,7,42881.00
2023,07006AA000,Artà,despesa,2,5531542.93
2023,07008AA000,Binissalem,despesa,9,705000.00
2023,07009AA000,Búger,despesa,9,85000.00
2023,07009AA000,Búger,ingres,5,32666.39
2023,07010AA000,Bunyola,despesa,9,353763.00
2023,07010AA000,Bunyola,ingres,3,1522993.67
2023,07010AA000,Bunyola,ingres,5,1855.25
2023,07012AA000,Campanet,despesa,2,984672.58
2023,07012AA000,Campanet,ingres,4,939366.34
2023,07013AA000,Campos,despesa,2,8138791.96
2023,07014AA000,Capdepera,despesa,2,11683681.15
2023,07014AA000,Capdepera,ingres,5,1439800.02
2023,07017AA000,Costitx,ingres,1,491000.00
2023,07019AA000,Escorca,despesa,2,296880.00
2023,07020AA000,Esporles,despesa,3,17694.23
2023,07020AA000,Esporles,despesa,9,77069.14
2023,07021AA000,Estellencs,despesa,4,17980.80
2023,07022AA000,Felanitx,despesa,7,100000.00
2023,07022AA000,Felanitx,ingres,3,4690800.00
2023,07026AA000,Eivissa,despesa,5,500000.00
2023,07026AA000,Eivissa,despesa,7,907000.17
2023,07026AA000,Eivissa,ingres,1,30583275.00
2023,07026AV001,P. M. Deportes,despesa,2,802747.95
2023,07026AV002,P. M. Música,ingres,8,10.00
2023,07026AV003,Museo de Arte Contemporáneo,despesa,2,102753.18
2023,07026AV003,Museo de Arte Contemporáneo,despesa,3,473.68
2023,07026AV003,Museo de Arte Contemporáneo,despesa,6,13200.00
2023,07029AA000,Lloseta,despesa,3,31620.00
2023,07029AA000,Lloseta,despesa,6,383435.64
2023,07029AA000,Lloseta,ingres,1,2015500.00
2023,07029AA000,Lloseta,ingres,7,318809.46
2023,07030AA000,Llubí,ingres,5,19636.00
2023,07031AA000,Llucmajor,despesa,2,17308392.53
2023,07031AA000,Llucmajor,despesa,8,55000.00
2023,07031AV001,P. Res. Personas Mayores,despesa,1,1535856.22
2023,07032AA000,Maó,despesa,2,11261908.00
2023,07032AA000,Maó,ingres,2,355300.00
2023,07032AA000,Maó,ingres,7,2081186.00
2023,07034AA000,Mancor de la Vall,despesa,4,292350.00
2023,07034AA000,Mancor de la Vall,ingres,4,857520.00
2023,07035AA000,Maria de la Salut,despesa,4,117373.09
2023,07035AA000,Maria de la Salut,ingres,2,115000.00
2023,07035AA000,Maria de la Salut,ingres,4,725679.19
2023,07036AA000,Marratxí,ingres,8,16000.00
2023,07045AA000,Puigpunyent,ingres,5,4680.00
2023,07048AA000,Sant Josep de sa Talaia,ingres,3,11673378.76
2023,07050AA000,Sant Joan de Labritja,despesa,4,606900.00
2023,07050AA000,Sant Joan de Labritja,ingres,4,2013242.20
2023,07050AA000,Sant Joan de Labritja,ingres,6,1000.00
2023,07053AA000,Santa Eugènia,ingres,4,717444.29
2023,07055AA000,Santa Margalida,despesa,6,1998010.00
2023,07058AA000,Selva,despesa,2,1244004.22
2023,07061AA000,Sóller,ingres,1,8557450.44
2023,07064AA000,Castell (Es),despesa,2,1617550.00
2023,07064AA000,Castell (Es),ingres,1,4289652.77
2023,07036AO001,Institut Municipal Comunicació,ingres,4,244000.00
2023,07014AO001,F. Castell de Capdepera,ingres,4,1000.00
2023,07041AO001,F. Escuela Municipal de Música de Petra,despesa,1,60962.78
2023,07041AO001,F. Escuela Municipal de Música de Petra,despesa,3,821.81
2023,07041AO001,F. Escuela Municipal de Música de Petra,ingres,3,35915.19
2023,07041AO002,Fundación Teatro y Acción Socio-Cultural de Petra,despesa,1,32300.00
2023,07041AO002,Fundación Teatro y Acción Socio-Cultural de Petra,ingres,3,9012.00
2023,07005AA000,Andratx,despesa,6,617500.00
2023,07005AA000,Andratx,despesa,7,160000.00
2023,07040AA000,Palma,ingres,5,6478978.00
2023,07040AV001,Inst. M. l'Esport,despesa,3,5000.00
2023,07040AV001,Inst. M. l'Esport,despesa,6,9719569.00
2023,07040AV002,P. M. d'Escoles d'Infants,despesa,1,4025825.96
2023,07040AV006,Instituto Municipal Innovación  (IMI),despesa,6,1059075.90
2023,07040AV009,Inst. M. Form. Ocupacional i Feina,ingres,8,20000.00
2023,07062AA000,Son Servera,despesa,3,13379.37
2023,07062AA000,Son Servera,despesa,4,439705.43
2023,07003AA000,Alcúdia,despesa,1,11467572.96
2023,07049AA000,Sant Joan,despesa,2,828928.00
2023,07049AA000,Sant Joan,ingres,3,467052.43
2023,07011AO001,"Inst. M. de Educación y Bibliotecas, IMEB -Calvià",despesa,8,22000.00
2023,07011AA000,Calvià,ingres,3,11997600.00
2023,07033AA000,Manacor,despesa,7,386775.37
2023,07033AO001,Institut Públic del Teatre Municipal,despesa,6,50000.00
2023,07044AA000,Pobla (Sa),ingres,3,4131306.11
2023,07047AA000,Sencelles,ingres,5,31000.00
2023,07011AO002,Oficina Municipal de Tributos de Calvià,despesa,6,4500.00
2023,07011AO002,Oficina Municipal de Tributos de Calvià,ingres,7,4500.00
2023,07001AA000,Alaró,despesa,3,8000.00
2023,07001AA000,Alaró,despesa,4,617800.00
2023,07015AA000,Ciutadella de Menorca,despesa,9,254110.46
2023,07015AV002,Hospital Municipal,ingres,3,665975.39
2023,07015AV003,P. Esc. Infantiles,ingres,4,1344000.00
2023,07023AA000,Ferreries,despesa,7,48500.00
2023,07023AA000,Ferreries,ingres,1,2167000.00
2023,07043AA000,Porreres,despesa,4,376240.00
2023,07051AA000,Sant Llorenç des Cardassar,despesa,2,5489029.50
2023,07052AA000,Sant Lluís,ingres,4,2811149.01
2023,07054AA000,Santa Eulària des Riu,ingres,5,1535010.00
2023,07056AA000,Santa María del Camí,ingres,2,228000.00
2023,07057AA000,Santanyí,despesa,4,2895809.91
2023,07902AA000,Migjorn Gran (Es),despesa,7,600.00
2023,07902AA000,Migjorn Gran (Es),ingres,2,90700.00
2023,07001DD000,Consejo Insular de Ibiza,ingres,9,200000.00
2023,07001DV003,P. Esc. Turismo,despesa,1,516237.57
2023,07001DV003,P. Esc. Turismo,despesa,2,161762.43
2023,07002DD000,Consejo Insular de Mallorca,ingres,8,4100000.00
2023,07002DV001,Inst. l'Esport Hipic,despesa,3,10000.00
2023,07002DV003,Inst.  Mallorquí d'Afers Socials,despesa,2,139254421.02
2023,07003DD000,Consejo Insular de Menorca,despesa,6,28510567.62
2023,07003DD000,Consejo Insular de Menorca,ingres,9,30470000.00
2023,07003DV001,Inst. Menorquín de Estudios,despesa,2,679878.49
2023,07002DO001,Agència  Protecció Legalitat Urbanística i Territorial de Mallorca,despesa,2,233405.71
2023,07001MM000,Mc. Es Raiguer,despesa,4,3000.00
2023,07001MM000,Mc. Es Raiguer,ingres,5,1.00
2023,07006AA000,Artà,despesa,5,224543.95
2023,07007AA000,Banyalbufar,despesa,3,7500.00
2023,07007AA000,Banyalbufar,ingres,3,307024.28
2023,07010AA000,Bunyola,despesa,1,2179429.87
2023,07010AA000,Bunyola,ingres,4,2208629.06
2023,07016AA000,Consell,despesa,1,1437804.17
2023,07017AA000,Costitx,despesa,3,1000.00
2023,07020AA000,Esporles,despesa,2,1888472.52
2023,07020AA000,Esporles,ingres,5,2100.00
2023,07021AA000,Estellencs,despesa,3,3600.00
2023,07021AA000,Estellencs,ingres,1,189307.15
2023,07022AA000,Felanitx,ingres,4,6133000.00
2023,07022AA000,Felanitx,ingres,5,373100.00
2023,07022AA000,Felanitx,ingres,8,100.00
2023,07022AA000,Felanitx,ingres,9,1040000.00
2023,07025AA000,Fornalutx,ingres,2,30345.00
2023,07026AA000,Eivissa,despesa,1,24403765.25
2023,07026AA000,Eivissa,despesa,4,10060278.67
2023,07026AA000,Eivissa,ingres,3,16833660.00
2023,07026AA000,Eivissa,ingres,4,18731257.37
2023,07026AA000,Eivissa,ingres,6,10.00
2023,07026AV001,P. M. Deportes,despesa,6,90000.00
2023,07026AV001,P. M. Deportes,ingres,7,90000.00
2023,07027AA000,Inca,ingres,1,10691780.66
2023,07028AA000,Lloret de Vistalegre,despesa,2,579991.08
2023,07028AA000,Lloret de Vistalegre,ingres,7,147338.84
2023,07029AA000,Lloseta,ingres,4,2377447.17
2023,07029AA000,Lloseta,ingres,5,30600.00
2023,07031AA000,Llucmajor,ingres,2,1885500.00
2023,07032AA000,Maó,despesa,1,16143272.00
2023,07032AA000,Maó,ingres,1,19503000.00
2023,07034AA000,Mancor de la Vall,ingres,3,314030.00
2023,07038AA000,Montuïri,despesa,2,1010141.00
2023,07038AA000,Montuïri,despesa,9,280000.00
2023,07038AA000,Montuïri,ingres,2,250630.00
2023,07041AA000,Petra,ingres,7,377620.09
2023,07045AA000,Puigpunyent,despesa,1,1240778.06
2023,07045AA000,Puigpunyent,despesa,2,1258858.98
2023,07045AA000,Puigpunyent,despesa,3,11699.80
2023,07045AA000,Puigpunyent,ingres,7,1040291.34
2023,07048AA000,Sant Josep de sa Talaia,despesa,6,6070203.68
2023,07053AA000,Santa Eugènia,despesa,4,141670.28
2023,07053AA000,Santa Eugènia,ingres,2,95834.84
2023,07055AA000,Santa Margalida,despesa,3,10040.00
2023,07055AA000,Santa Margalida,ingres,2,355000.00
2023,07058AA000,Selva,despesa,1,1812550.00
2023,07058AA000,Selva,despesa,4,656935.78
2023,07061AA000,Sóller,ingres,2,990000.00
2023,07061AA000,Sóller,ingres,3,4113919.97
2023,07061AA000,Sóller,ingres,4,4728907.23
2023,07063AA000,Valldemossa,ingres,2,200000.00
2023,07065AA000,Vilafranca de Bonany,despesa,3,9000.00
2023,07065AA000,Vilafranca de Bonany,despesa,6,237500.00
2023,07014AO001,F. Castell de Capdepera,despesa,6,10000.00
2023,07005AA000,Andratx,despesa,1,10837913.73
2023,07040AA000,Palma,ingres,4,108860802.05
2023,07040AV002,P. M. d'Escoles d'Infants,despesa,8,11000.00
2023,07040AV002,P. M. d'Escoles d'Infants,ingres,3,490686.96
2023,07040AV004,P. M. l'Habitatge,despesa,6,1291907.72
2023,07039AA000,Muro,ingres,5,1779058.05
2023,07049AA000,Sant Joan,ingres,4,690102.73
2023,07059AA000,Salines (Ses),despesa,1,3030861.78
2023,07059AA000,Salines (Ses),despesa,4,495430.66
2023,07059AA000,Salines (Ses),ingres,2,575000.00
2023,07011AO001,"Inst. M. de Educación y Bibliotecas, IMEB -Calvià",ingres,4,8689373.52
2023,07011AA000,Calvià,despesa,9,972328.80
2023,07011AA000,Calvià,ingres,4,27054971.18
2023,07011AA000,Calvià,ingres,7,678736.72
2023,07011AA000,Calvià,ingres,8,310000.00
2023,07033AA000,Manacor,despesa,4,1934748.38
2023,07033AA000,Manacor,despesa,6,2933214.91
2023,07033AO001,Institut Públic del Teatre Municipal,ingres,3,230240.00
2023,07044AA000,Pobla (Sa),ingres,2,400000.00
2023,07001AA000,Alaró,ingres,6,5000.00
2023,07015AV003,P. Esc. Infantiles,despesa,1,559614.91
2023,07023AA000,Ferreries,despesa,2,3479589.52
2023,07023AA000,Ferreries,despesa,3,33000.00
2023,07023AA000,Ferreries,despesa,4,476433.97
2023,07023AA000,Ferreries,despesa,8,40000.00
2023,07042AA000,Pollença,despesa,1,10688876.26
2023,07042AA000,Pollença,ingres,1,10525000.00
2023,07043AA000,Porreres,despesa,1,1660045.42
2023,07043AA000,Porreres,ingres,1,1888481.60
2023,07043AA000,Porreres,ingres,5,30000.00
2023,07051AA000,Sant Llorenç des Cardassar,ingres,3,4526000.00
2023,07052AA000,Sant Lluís,despesa,2,4333131.05
2023,07052AA000,Sant Lluís,despesa,4,786673.95
2023,07052AA000,Sant Lluís,despesa,5,92641.85
2023,07052AA000,Sant Lluís,ingres,3,2898109.13
2023,07052AA000,Sant Lluís,ingres,5,355033.00
2023,07054AA000,Santa Eulària des Riu,ingres,1,20158803.00
2023,07057AA000,Santanyí,despesa,2,10506365.36
2023,07057AA000,Santanyí,despesa,6,426477.36
2023,07057AA000,Santanyí,ingres,3,5501712.27
2023,07902AA000,Migjorn Gran (Es),despesa,6,406910.00
2023,07902AA000,Migjorn Gran (Es),despesa,8,1000.00
2023,07902AA000,Migjorn Gran (Es),ingres,5,180100.00
2023,07001DD000,Consejo Insular de Ibiza,despesa,9,100000.00
2023,07001DD000,Consejo Insular de Ibiza,ingres,7,9127884.39
2023,07002DD000,Consejo Insular de Mallorca,despesa,2,84989235.51
2023,07002DV001,Inst. l'Esport Hipic,despesa,6,120000.00
2023,07002DV003,Inst.  Mallorquí d'Afers Socials,despesa,1,94631984.87
2023,07002DV003,Inst.  Mallorquí d'Afers Socials,despesa,7,1437310.25
2023,07002DV003,Inst.  Mallorquí d'Afers Socials,ingres,4,255257127.96
2023,07002DV003,Inst.  Mallorquí d'Afers Socials,ingres,8,120000.00
2023,07003DD000,Consejo Insular de Menorca,despesa,2,20683175.65
2023,07002DO001,Agència  Protecció Legalitat Urbanística i Territorial de Mallorca,ingres,3,1982919.04
2023,07001MM000,Mc. Es Raiguer,despesa,3,6000.00
2023,07003MM000,Mc. Migjorn de Mallorca,despesa,4,600.00
2023,07006AA000,Artà,despesa,3,7501.00
2023,07006AA000,Artà,despesa,4,456970.20
2023,07006AA000,Artà,ingres,1,4948199.06
2023,07006AA000,Artà,ingres,7,670732.02
2023,07008AA000,Binissalem,despesa,1,3057599.99
2023,07008AA000,Binissalem,despesa,4,834268.25
2023,07008AA000,Binissalem,ingres,5,232000.00
2023,07009AA000,Búger,despesa,3,8200.00
2023,07010AA000,Bunyola,despesa,3,48500.00
2023,07012AA000,Campanet,ingres,1,847724.21
2023,07014AA000,Capdepera,despesa,3,28000.00
2023,07014AA000,Capdepera,ingres,3,6203200.00
2023,07014AA000,Capdepera,ingres,4,3411000.00
2023,07016AA000,Consell,despesa,3,22800.00
2023,07017AA000,Costitx,ingres,5,18100.00
2023,07017AA000,Costitx,ingres,7,739951.22
2023,07019AA000,Escorca,despesa,4,16142.00
2023,07019AA000,Escorca,ingres,9,170893.19
2023,07021AA000,Estellencs,despesa,2,395988.36
2023,07021AA000,Estellencs,despesa,6,14550.00
2023,07021AA000,Estellencs,ingres,2,88454.82
2023,07022AV001,Ctro. Cultural,despesa,2,93200.00
2023,07025AA000,Fornalutx,ingres,1,509725.00
2023,07026AV001,P. M. Deportes,ingres,8,10.00
2023,07026AV002,P. M. Música,ingres,3,65010.00
2023,07030AA000,Llubí,despesa,6,57379.00
2023,07030AA000,Llubí,ingres,1,752192.00
2023,07030AA000,Llubí,ingres,2,240000.00
2023,07031AA000,Llucmajor,ingres,5,3863600.00
2023,07031AV001,P. Res. Personas Mayores,despesa,5,8969.78
2023,07031AV001,P. Res. Personas Mayores,ingres,3,205100.00
2023,07032AA000,Maó,ingres,9,2846463.00
2023,07036AA000,Marratxí,despesa,1,16811507.61
2023,07036AA000,Marratxí,despesa,3,17500.00
2023,07036AA000,Marratxí,ingres,2,1820000.00
2023,07037AA000,Mercadal (Es),despesa,7,2100.00
2023,07038AA000,Montuïri,despesa,1,1084450.00
2023,07041AA000,Petra,ingres,1,589324.09
2023,07045AA000,Puigpunyent,despesa,4,186531.83
2023,07045AA000,Puigpunyent,despesa,5,73040.56
2023,07045AA000,Puigpunyent,ingres,2,200486.60
2023,07048AA000,Sant Josep de sa Talaia,despesa,4,3674385.99
2023,07048AA000,Sant Josep de sa Talaia,ingres,1,15122000.00
2023,07053AA000,Santa Eugènia,ingres,3,338452.58
2023,07055AA000,Santa Margalida,despesa,4,400200.00
2023,07055AA000,Santa Margalida,ingres,3,4356410.00
2023,07061AA000,Sóller,despesa,4,459569.00
2023,07064AA000,Castell (Es),despesa,7,274510.13
2023,07065AA000,Vilafranca de Bonany,ingres,2,100000.00
2023,07065AA000,Vilafranca de Bonany,ingres,5,1000.00
2023,07041AO001,F. Escuela Municipal de Música de Petra,ingres,4,27000.00
2023,07040AA000,Palma,despesa,9,22870160.00
2023,07040AA000,Palma,ingres,1,192393878.17
2023,07040AA000,Palma,ingres,7,2768364.16
2023,07040AV001,Inst. M. l'Esport,despesa,4,240000.00
2023,07040AV002,P. M. d'Escoles d'Infants,despesa,2,5816576.88
2023,07040AV004,P. M. l'Habitatge,despesa,8,10000.00
2023,07040AV009,Inst. M. Form. Ocupacional i Feina,ingres,3,60000.00
2023,07040AV009,Inst. M. Form. Ocupacional i Feina,ingres,7,175000.00
2023,07062AA000,Son Servera,despesa,2,8314102.94
2023,07062AA000,Son Servera,despesa,8,60000.00
2023,07062AA000,Son Servera,ingres,3,3598040.46
2023,07062AA000,Son Servera,ingres,4,3497335.90
2023,07049AA000,Sant Joan,despesa,1,747056.00
2023,07011AO001,"Inst. M. de Educación y Bibliotecas, IMEB -Calvià",despesa,1,6549313.90
2023,07011AO001,"Inst. M. de Educación y Bibliotecas, IMEB -Calvià",despesa,6,313501.00
2023,07011AA000,Calvià,despesa,8,40000.00
2023,07033AV002,P. l'Escola M. de Mallorqui,ingres,3,25500.00
2023,07033AO002,Institució Pública Antoni M. Alcover,despesa,2,69000.00
2023,07033AO002,Institució Pública Antoni M. Alcover,despesa,6,5000.00
2023,07044AA000,Pobla (Sa),despesa,9,255751.31
2023,07044AA000,Pobla (Sa),ingres,5,60938.96
2023,07047AA000,Sencelles,ingres,1,1131200.00
2023,07001AA000,Alaró,despesa,2,1369000.00
2023,07001AA000,Alaró,ingres,7,1586551.45
2023,07015AV003,P. Esc. Infantiles,despesa,2,874064.64
2023,07023AA000,Ferreries,despesa,5,79749.60
2023,07043AA000,Porreres,despesa,6,50000.00
2023,07043AA000,Porreres,ingres,3,294931.86
2023,07056AV001,P. Res. Pers. Majors. Cas Metge Rei,ingres,3,489399.00
2023,07057AA000,Santanyí,ingres,1,10707096.61
2023,07057AA000,Santanyí,ingres,2,1140000.00
2023,07902AA000,Migjorn Gran (Es),despesa,2,1029992.73
2023,07902AA000,Migjorn Gran (Es),despesa,4,406097.64
2023,07902AA000,Migjorn Gran (Es),despesa,9,75000.00
2023,07001DD000,Consejo Insular de Ibiza,despesa,8,350000.00
2023,07002DD000,Consejo Insular de Mallorca,despesa,3,467100.00
2023,07002DV001,Inst. l'Esport Hipic,despesa,4,1032800.00
2023,07002DV003,Inst.  Mallorquí d'Afers Socials,despesa,3,30000.00
2023,07002DV003,Inst.  Mallorquí d'Afers Socials,despesa,8,120000.00
2023,07003DD000,Consejo Insular de Menorca,ingres,1,1636174.32
2023,07001MM000,Mc. Es Raiguer,despesa,2,3683278.39
2023,07003MM000,Mc. Migjorn de Mallorca,despesa,6,357778.40
2023,07004AA000,Algaida,despesa,3,9900.00
2023,07004AA000,Algaida,ingres,3,823215.77
2023,07007AA000,Banyalbufar,despesa,4,21583.72
2023,07008AA000,Binissalem,ingres,6,185000.00
2023,07009AA000,Búger,ingres,3,370265.12
2023,07012AA000,Campanet,despesa,3,8542.82
2023,07012AA000,Campanet,ingres,3,803458.45
2023,07013AA000,Campos,despesa,4,189977.10
2023,07013AA000,Campos,ingres,4,3927501.88
2023,07014AA000,Capdepera,despesa,6,1553802.59
2023,07016AA000,Consell,ingres,3,1135726.76
2023,07017AA000,Costitx,ingres,3,88900.00
2023,07019AA000,Escorca,despesa,3,10904.41
2023,07019AA000,Escorca,ingres,7,1099511.74
2023,07020AA000,Esporles,despesa,1,2705714.12
2023,07020AA000,Esporles,ingres,1,1946796.40
2023,07022AV001,Ctro. Cultural,despesa,3,1500.00
2023,07025AA000,Fornalutx,ingres,4,422525.12
2023,07026AA000,Eivissa,despesa,2,30307079.60
2023,07026AV001,P. M. Deportes,despesa,3,4000.00
2023,07026AV002,P. M. Música,despesa,4,2000.00
2023,07028AA000,Lloret de Vistalegre,ingres,5,5849.00
2023,07029AA000,Lloseta,despesa,4,641194.45
2023,07029AA000,Lloseta,despesa,9,101035.41
2023,07031AA000,Llucmajor,despesa,3,165000.00
2023,07031AA000,Llucmajor,ingres,8,55000.00
2023,07034AA000,Mancor de la Vall,ingres,2,40250.00
2023,07035AA000,Maria de la Salut,despesa,1,891736.84
2023,07036AA000,Marratxí,despesa,4,10122103.29
2023,07037AA000,Mercadal (Es),ingres,2,220700.00
2023,07038AA000,Montuïri,despesa,3,9500.00
2023,07038AA000,Montuïri,ingres,1,1386289.00
2023,07041AA000,Petra,despesa,4,204746.46
2023,07041AA000,Petra,ingres,6,6.00
2023,07046AA000,Sant Antoni de Portmany,despesa,1,8692690.32
2023,07046AA000,Sant Antoni de Portmany,ingres,7,500000.00
2023,07048AA000,Sant Josep de sa Talaia,despesa,5,200000.00
2023,07048AA000,Sant Josep de sa Talaia,ingres,4,9310832.72
2023,07050AA000,Sant Joan de Labritja,ingres,5,1100.00
2023,07055AA000,Santa Margalida,despesa,1,6282510.00
2023,07061AA000,Sóller,despesa,1,7976994.72
2023,07061AA000,Sóller,despesa,3,288925.03
2023,07061AA000,Sóller,despesa,7,195000.00
2023,07063AA000,Valldemossa,despesa,9,265000.00
2023,07065AA000,Vilafranca de Bonany,despesa,9,150350.00
2023,07005AA000,Andratx,despesa,2,11849752.27
2023,07005AA000,Andratx,ingres,2,2600000.00
2023,07040AA000,Palma,despesa,4,104610089.91
2023,07040AV001,Inst. M. l'Esport,ingres,8,90000.00
2023,07040AV002,P. M. d'Escoles d'Infants,despesa,4,530000.00
2023,07040AV002,P. M. d'Escoles d'Infants,ingres,4,9881695.88
2023,07040AV002,P. M. d'Escoles d'Infants,ingres,7,3030000.00
2023,07040AV004,P. M. l'Habitatge,despesa,1,2120565.97
2023,07040AV004,P. M. l'Habitatge,ingres,4,1651159.97
2023,07040AV009,Inst. M. Form. Ocupacional i Feina,despesa,1,7562264.42
2023,07040AV009,Inst. M. Form. Ocupacional i Feina,despesa,8,20000.00
2023,07040AV009,Inst. M. Form. Ocupacional i Feina,ingres,4,10343700.00
2023,07062AA000,Son Servera,ingres,5,734170.70
2023,07003AA000,Alcúdia,ingres,3,6274760.00
2023,07003AA000,Alcúdia,ingres,4,4962000.00
2023,07039AA000,Muro,ingres,2,875000.00
2023,07059AA000,Salines (Ses),ingres,4,1582500.00
2023,07011AO001,"Inst. M. de Educación y Bibliotecas, IMEB -Calvià",despesa,3,8600.00
2023,07033AA000,Manacor,ingres,5,488104.81
2023,07033AO001,Institut Públic del Teatre Municipal,despesa,2,480240.00
2023,07033AO001,Institut Públic del Teatre Municipal,ingres,7,50000.00
2023,07033AV003,P. M. d'Esports,ingres,5,44280.68
2023,07033AO002,Institució Pública Antoni M. Alcover,despesa,1,39500.00
2023,07033AO002,Institució Pública Antoni M. Alcover,ingres,7,5000.00
2023,07044AA000,Pobla (Sa),despesa,3,17500.00
2023,07044AA000,Pobla (Sa),despesa,4,340640.39
2023,07047AA000,Sencelles,despesa,4,362200.00
2023,07011AO002,Oficina Municipal de Tributos de Calvià,despesa,2,546416.30
2023,07001AA000,Alaró,ingres,4,2052429.31
2023,07015AA000,Ciutadella de Menorca,ingres,7,483000.00
2023,07015AV002,Hospital Municipal,despesa,2,775712.30
2023,07042AA000,Pollença,despesa,3,50000.00
2023,07042AA000,Pollença,despesa,7,11600.00
2023,07043AA000,Porreres,despesa,3,15000.00
2023,07051AA000,Sant Llorenç des Cardassar,despesa,8,10000.00
2023,07054AA000,Santa Eulària des Riu,despesa,7,308500.00
2023,07054AA000,Santa Eulària des Riu,ingres,7,1700030.00
2023,07056AA000,Santa María del Camí,despesa,2,2279417.34
2023,07056AA000,Santa María del Camí,despesa,4,726676.25
2023,07056AA000,Santa María del Camí,ingres,3,2099487.38
2023,07056AV001,P. Res. Pers. Majors. Cas Metge Rei,ingres,4,498484.19
2023,07056AV001,P. Res. Pers. Majors. Cas Metge Rei,ingres,5,1.00
2023,07057AA000,Santanyí,despesa,1,9020041.85
2023,07057AA000,Santanyí,despesa,3,8000.00
2023,07057AA000,Santanyí,ingres,5,1027952.98
2023,07001DD000,Consejo Insular de Ibiza,ingres,8,250000.00
2023,07001DV003,P. Esc. Turismo,despesa,6,25000.00
2023,07001DV003,P. Esc. Turismo,ingres,4,630000.00
2023,07002DD000,Consejo Insular de Mallorca,despesa,4,290163694.67
2023,07002DD000,Consejo Insular de Mallorca,despesa,7,37247336.92
2023,07002DV001,Inst. l'Esport Hipic,despesa,8,5000.00
2023,07002DV003,Inst.  Mallorquí d'Afers Socials,despesa,6,9595615.85
2023,07003DD000,Consejo Insular de Menorca,despesa,1,28599276.79
2023,07003DD000,Consejo Insular de Menorca,ingres,2,2132537.16
2023,07003DD000,Consejo Insular de Menorca,ingres,3,3560200.85
2023,07003DD000,Consejo Insular de Menorca,ingres,7,15639915.80
2023,07002MM000,Mc. Pla de Mallorca,ingres,4,8292816.55
2023,07001MM000,Mc. Es Raiguer,ingres,3,845991.30
2023,07003MM000,Mc. Migjorn de Mallorca,despesa,1,853619.80
2023,07004AA000,Algaida,despesa,4,163750.00
2023,07004AA000,Algaida,despesa,9,37060.26
2023,07006AA000,Artà,ingres,2,601500.00
2023,07007AA000,Banyalbufar,ingres,5,40899.17
2023,07008AA000,Binissalem,ingres,2,250000.00
2023,07008AA000,Binissalem,ingres,3,1347434.25
2023,07009AA000,Búger,despesa,2,509074.58
2023,07009AA000,Búger,despesa,4,202102.75
2023,07009AA000,Búger,despesa,6,1187596.32
2023,07010AA000,Bunyola,despesa,4,677250.65
2023,07014AA000,Capdepera,ingres,1,10500000.00
2023,07016AA000,Consell,despesa,2,1452287.87
2023,07017AA000,Costitx,despesa,2,539011.26
2023,07022AA000,Felanitx,despesa,1,8878009.00
2023,07026AA000,Eivissa,ingres,2,2000000.00
2023,07026AA000,Eivissa,ingres,5,3576010.00
2023,07026AA000,Eivissa,ingres,8,10.00
2023,07026AV003,Museo de Arte Contemporáneo,despesa,8,10.00
2023,07027AA000,Inca,ingres,4,10521551.31
2023,07028AA000,Lloret de Vistalegre,ingres,3,93792.62
2023,07029AA000,Lloseta,ingres,2,200000.00
2023,07030AA000,Llubí,despesa,7,1000.00
2023,07030AA000,Llubí,ingres,4,610311.00
2023,07031AA000,Llucmajor,despesa,4,1834226.00
2023,07031AV001,P. Res. Personas Mayores,ingres,7,20000.00
2023,07035AA000,Maria de la Salut,despesa,6,474619.24
2023,07035AA000,Maria de la Salut,ingres,3,343685.00
2023,07041AA000,Petra,despesa,2,792877.38
2023,07041AA000,Petra,ingres,2,118100.00
2023,07046AA000,Sant Antoni de Portmany,despesa,2,14393659.68
2023,07046AA000,Sant Antoni de Portmany,ingres,3,7152200.00
2023,07048AA000,Sant Josep de sa Talaia,ingres,5,4500000.00
2023,07053AA000,Santa Eugènia,ingres,8,10000.00
2023,07055AA000,Santa Margalida,ingres,1,6800280.00
2023,07061AA000,Sóller,despesa,9,330000.00
2023,07061AA000,Sóller,ingres,5,181643.24
2023,07063AA000,Valldemossa,despesa,1,2258989.17
2023,07063AA000,Valldemossa,despesa,2,1552693.68
2023,07063AA000,Valldemossa,ingres,1,1571718.08
2023,07063AA000,Valldemossa,ingres,4,663184.74
2023,07064AA000,Castell (Es),despesa,3,12000.00
2023,07064AA000,Castell (Es),ingres,7,3968100.00
2023,07065AA000,Vilafranca de Bonany,ingres,1,863200.00
2023,07065AA000,Vilafranca de Bonany,ingres,3,398576.18
2023,07041AO001,F. Escuela Municipal de Música de Petra,despesa,2,1130.60
2023,07041AO002,Fundación Teatro y Acción Socio-Cultural de Petra,despesa,2,20212.00
2023,07005AA000,Andratx,despesa,4,793100.00
2023,07005AA000,Andratx,ingres,1,12022462.00
2023,07005AA000,Andratx,ingres,4,3489000.00
2023,07040AA000,Palma,despesa,1,169340867.33
2023,07040AA000,Palma,despesa,7,15518577.87
2023,07040AV001,Inst. M. l'Esport,ingres,5,171791.83
2023,07040AV004,P. M. l'Habitatge,ingres,7,1291907.72
2023,07040AV006,Instituto Municipal Innovación  (IMI),ingres,4,6413313.37
2023,07040AV009,Inst. M. Form. Ocupacional i Feina,despesa,3,565.16
2023,07062AA000,Son Servera,ingres,7,178406.25
2023,07003AA000,Alcúdia,despesa,2,14129165.00
2023,07003AA000,Alcúdia,despesa,3,301000.00
2023,07003AA000,Alcúdia,despesa,4,2300351.54
2023,07049AA000,Sant Joan,ingres,1,706000.00
2023,07059AA000,Salines (Ses),despesa,6,323503.00
2023,07059AA000,Salines (Ses),ingres,1,3290000.00
2023,07011AA000,Calvià,despesa,6,4783426.98
2023,07011AA000,Calvià,ingres,2,7651700.00
2023,07033AA000,Manacor,despesa,1,19980987.82
2023,07033AV002,P. l'Escola M. de Mallorqui,despesa,6,4500.00
2023,07044AA000,Pobla (Sa),despesa,2,6790798.39
2023,07047AA000,Sencelles,ingres,4,995100.00
2023,07001AA000,Alaró,despesa,6,1918900.00
2023,07015AA000,Ciutadella de Menorca,despesa,6,1874713.14
2023,07015AA000,Ciutadella de Menorca,ingres,1,15304000.00
2023,07015AV003,P. Esc. Infantiles,ingres,7,30000.00
2023,07023AA000,Ferreries,despesa,6,495800.00
2023,07023AA000,Ferreries,ingres,2,115000.00
2023,07023AA000,Ferreries,ingres,3,1119552.00
2023,07042AA000,Pollença,despesa,6,177077.93
2023,07042AA000,Pollença,ingres,3,6958630.00
2023,07042AA000,Pollença,ingres,4,5264436.00
2023,07043AA000,Porreres,despesa,2,2288714.58
2023,07051AA000,Sant Llorenç des Cardassar,despesa,6,445000.00
2023,07052AA000,Sant Lluís,ingres,1,5771084.00
2023,07054AA000,Santa Eulària des Riu,despesa,1,14181115.67
2023,07054AA000,Santa Eulària des Riu,despesa,3,66010.00
2023,07054AA000,Santa Eulària des Riu,ingres,3,12661670.00
2023,07056AV001,P. Res. Pers. Majors. Cas Metge Rei,despesa,1,679653.64
2023,07902AA000,Migjorn Gran (Es),ingres,3,633020.00
2023,07001DD000,Consejo Insular de Ibiza,despesa,4,30482600.52
2023,07001DD000,Consejo Insular de Ibiza,despesa,5,800000.00
2023,07001DD000,Consejo Insular de Ibiza,despesa,6,12014162.37
2023,07001DD000,Consejo Insular de Ibiza,ingres,1,3094540.00
2023,07001DD000,Consejo Insular de Ibiza,ingres,4,94355222.09
2023,07001DD000,Consejo Insular de Ibiza,ingres,5,542800.27
2023,07001DV003,P. Esc. Turismo,despesa,4,30000.00
2023,07002DD000,Consejo Insular de Mallorca,ingres,7,53276798.18
2023,07003DD000,Consejo Insular de Menorca,ingres,5,31100.00
2023,07003DD000,Consejo Insular de Menorca,ingres,8,350000.00
2023,07003DV001,Inst. Menorquín de Estudios,despesa,6,7000.00
2023,07003DV001,Inst. Menorquín de Estudios,ingres,4,1567083.54
2023,07003DV002,Consell Economic i Social,ingres,4,29250.00
2023,07002DO001,Agència  Protecció Legalitat Urbanística i Territorial de Mallorca,ingres,4,870000.00
2023,07001MM000,Mc. Es Raiguer,despesa,1,1108327.23
2023,07003MM000,Mc. Migjorn de Mallorca,ingres,7,33098.20
2023,07006AA000,Artà,ingres,4,2827463.55
2023,07008AA000,Binissalem,despesa,5,47000.00
2023,07010AA000,Bunyola,despesa,2,3137540.28
2023,07010AA000,Bunyola,despesa,6,372292.40
2023,07010AA000,Bunyola,ingres,2,617910.53
2023,07012AA000,Campanet,despesa,1,1277380.45
2023,07012AA000,Campanet,despesa,6,18500.00
2023,07012AA000,Campanet,ingres,7,19508.34
2023,07016AA000,Consell,despesa,4,454462.93
2023,07016AA000,Consell,despesa,6,881602.15
2023,07016AA000,Consell,ingres,2,200000.00
2023,07016AA000,Consell,ingres,7,261200.00
2023,07017AA000,Costitx,despesa,1,369239.32
2023,07017AA000,Costitx,ingres,4,559517.32
2023,07020AA000,Esporles,despesa,6,58400.00
2023,07021AA000,Estellencs,despesa,1,326418.98
2023,07022AV001,Ctro. Cultural,despesa,4,6500.00
2023,07025AA000,Fornalutx,ingres,3,307227.00
2023,07026AV001,P. M. Deportes,ingres,4,2379990.00
2023,07026AV002,P. M. Música,despesa,3,1500.00
2023,07026AV002,P. M. Música,despesa,6,3800.00
2023,07026AV003,Museo de Arte Contemporáneo,ingres,4,342290.00
2023,07026AV003,Museo de Arte Contemporáneo,ingres,8,10.00
2023,07027AA000,Inca,despesa,7,250000.00
2023,07027AA000,Inca,despesa,8,35000.00
2023,07027AA000,Inca,ingres,2,600765.53
2023,07028AA000,Lloret de Vistalegre,despesa,6,135333.92
2023,07032AA000,Maó,despesa,3,113981.00
2023,07032AA000,Maó,despesa,4,7892013.00
2023,07032AA000,Maó,ingres,4,12595304.00
2023,07032AA000,Maó,ingres,5,251700.00
2023,07034AA000,Mancor de la Vall,despesa,2,661170.00
2023,07035AA000,Maria de la Salut,despesa,2,790945.09
2023,07036AA000,Marratxí,ingres,7,1156303.78
2023,07037AA000,Mercadal (Es),despesa,2,5306310.00
2023,07038AA000,Montuïri,despesa,6,176850.00
2023,07041AA000,Petra,despesa,5,20000.00
2023,07041AA000,Petra,ingres,3,419321.00
2023,07046AA000,Sant Antoni de Portmany,ingres,4,7371000.00
2023,07050AA000,Sant Joan de Labritja,despesa,1,2462223.80
2023,07050AA000,Sant Joan de Labritja,ingres,7,2389764.22
2023,07053AA000,Santa Eugènia,despesa,6,373208.49
2023,07053AA000,Santa Eugènia,despesa,8,10000.00
2023,07058AA000,Selva,ingres,2,220000.00
2023,07065AA000,Vilafranca de Bonany,despesa,5,5000.00
2023,07065AA000,Vilafranca de Bonany,ingres,7,300887.30
2023,07014AO001,F. Castell de Capdepera,ingres,3,181000.00
2023,07040AA000,Palma,despesa,2,137024942.68
2023,07040AA000,Palma,despesa,3,4854440.00
2023,07040AA000,Palma,despesa,6,22526237.21
2023,07040AV001,Inst. M. l'Esport,despesa,8,90000.00
2023,07040AV002,P. M. d'Escoles d'Infants,ingres,8,11000.00
2023,07040AV004,P. M. l'Habitatge,despesa,3,1000.00
2023,07040AV004,P. M. l'Habitatge,despesa,4,10000.00
2023,07040AV006,Instituto Municipal Innovación  (IMI),despesa,2,1046596.77
2023,07062AA000,Son Servera,despesa,1,6922684.40
2023,07062AA000,Son Servera,ingres,2,106373.08
2023,07003AA000,Alcúdia,ingres,2,500000.00
2023,07039AA000,Muro,despesa,1,5401563.01
2023,07011AA000,Calvià,despesa,1,41560984.57
2023,07033AA000,Manacor,despesa,8,60100.00
2023,07033AV002,P. l'Escola M. de Mallorqui,despesa,3,31.00
2023,07033AV002,P. l'Escola M. de Mallorqui,ingres,7,4500.00
2023,07033AV003,P. M. d'Esports,despesa,2,312150.00
2023,07044AA000,Pobla (Sa),despesa,5,5000.00
2023,07044AA000,Pobla (Sa),despesa,6,487599.44
2023,07047AA000,Sencelles,despesa,1,1224220.00
2023,07047AA000,Sencelles,despesa,9,180280.00
2023,07001AA000,Alaró,despesa,7,6100.00
2023,07001AA000,Alaró,ingres,2,371100.00
2023,07015AA000,Ciutadella de Menorca,despesa,2,15689078.48
2023,07015AA000,Ciutadella de Menorca,ingres,2,1203300.00
2023,07015AA000,Ciutadella de Menorca,ingres,4,10652285.61
2023,07023AA000,Ferreries,despesa,1,2656840.13
2023,07023AA000,Ferreries,ingres,5,876360.00
2023,07042AA000,Pollença,despesa,4,3863300.00
2023,07051AA000,Sant Llorenç des Cardassar,ingres,4,3022000.00
2023,07052AA000,Sant Lluís,despesa,6,2159533.13
2023,07052AA000,Sant Lluís,ingres,7,760000.00
2023,07054AA000,Santa Eulària des Riu,despesa,4,4682434.33
2023,07054AA000,Santa Eulària des Riu,despesa,5,75000.00
2023,07054AA000,Santa Eulària des Riu,ingres,2,5250260.00
2023,07054AA000,Santa Eulària des Riu,ingres,6,20.00
2023,07054AA000,Santa Eulària des Riu,ingres,8,361752.00
2023,07054AA000,Santa Eulària des Riu,ingres,9,20.00
2023,07056AA000,Santa María del Camí,despesa,6,432965.89
2023,07057AA000,Santanyí,despesa,7,143305.52
2023,07902AA000,Migjorn Gran (Es),ingres,7,298750.00
2023,07001DD000,Consejo Insular de Ibiza,despesa,7,7180010.83
2023,07001DD000,Consejo Insular de Ibiza,ingres,2,3562650.00
2023,07002DD000,Consejo Insular de Mallorca,ingres,2,20989619.00
2023,07003DD000,Consejo Insular de Menorca,despesa,7,20818501.94
2023,07003DD000,Consejo Insular de Menorca,despesa,8,675000.00
2023,07003DV001,Inst. Menorquín de Estudios,despesa,5,7860.41
2023,07003DV002,Consell Economic i Social,despesa,4,16000.00
2023,07002DO001,Agència  Protecció Legalitat Urbanística i Territorial de Mallorca,despesa,6,20000.00
2023,07002MM000,Mc. Pla de Mallorca,despesa,1,1200459.15
2023,07002MM000,Mc. Pla de Mallorca,despesa,6,227000.00
2023,07004AA000,Algaida,despesa,1,2394241.14
2023,07006AA000,Artà,ingres,3,4675204.37
2023,07008AA000,Binissalem,despesa,3,18000.00
2023,07012AA000,Campanet,ingres,5,6230.00
2023,07013AA000,Campos,despesa,1,6258948.33
2023,07013AA000,Campos,ingres,2,752366.03
2023,07016AA000,Consell,ingres,4,1416738.00
2023,07019AA000,Escorca,ingres,4,293235.00
2023,07020AA000,Esporles,ingres,3,1089168.08
2023,07022AA000,Felanitx,despesa,2,9661450.00
2023,07022AA000,Felanitx,despesa,8,100.00
2023,07026AV001,P. M. Deportes,despesa,4,454000.00
2023,07026AV002,P. M. Música,despesa,8,10.00
2023,07027AA000,Inca,despesa,1,15400802.51
2023,07027AA000,Inca,ingres,5,126763.16
2023,07028AA000,Lloret de Vistalegre,despesa,4,28775.00
2023,07028AA000,Lloret de Vistalegre,ingres,2,65100.00
2023,07028AA000,Lloret de Vistalegre,ingres,4,694419.54
2023,07030AA000,Llubí,despesa,1,982141.00
2023,07030AA000,Llubí,despesa,4,89100.00
2023,07031AA000,Llucmajor,despesa,5,578541.94
2023,07031AA000,Llucmajor,despesa,6,1151335.25
2023,07031AA000,Llucmajor,ingres,3,12009100.00
2023,07031AA000,Llucmajor,ingres,4,10464000.00
2023,07032AA000,Maó,despesa,5,213391.00
2023,07034AA000,Mancor de la Vall,despesa,3,4000.00
2023,07034AA000,Mancor de la Vall,ingres,1,605000.00
2023,07034AA000,Mancor de la Vall,ingres,5,10800.00
2023,07035AA000,Maria de la Salut,ingres,5,15924.72
2023,07036AA000,Marratxí,despesa,2,6357331.12
2023,07037AA000,Mercadal (Es),despesa,1,3178960.00
2023,07037AA000,Mercadal (Es),despesa,5,250000.00
2023,07037AA000,Mercadal (Es),ingres,4,2608740.00
2023,07037AA000,Mercadal (Es),ingres,8,20000.00
2023,07041AA000,Petra,despesa,6,900743.21
2023,07041AA000,Petra,ingres,4,740960.29
2023,07048AA000,Sant Josep de sa Talaia,despesa,1,11947240.36
2023,07050AA000,Sant Joan de Labritja,ingres,3,2263826.58
2023,07053AA000,Santa Eugènia,despesa,5,7918.18
2023,07055AA000,Santa Margalida,despesa,2,7120670.00
2023,07055AA000,Santa Margalida,ingres,4,3393317.00
2023,07058AA000,Selva,ingres,3,687165.02
2023,07058AA000,Selva,ingres,5,74510.00
2023,07064AA000,Castell (Es),despesa,4,1137489.97
2023,07064AA000,Castell (Es),ingres,2,120000.00
2023,07014AO001,F. Castell de Capdepera,despesa,2,77000.00
2023,07005AA000,Andratx,despesa,5,100.00
2023,07040AA000,Palma,despesa,5,4475000.00
2023,07040AA000,Palma,ingres,8,1210000.00
2023,07040AV001,Inst. M. l'Esport,despesa,1,5069217.00
2023,07040AV002,P. M. d'Escoles d'Infants,ingres,5,20.00
2023,07040AV006,Instituto Municipal Innovación  (IMI),despesa,3,1500.00
2023,07040AV009,Inst. M. Form. Ocupacional i Feina,despesa,6,75000.00
2023,07040AV009,Inst. M. Form. Ocupacional i Feina,despesa,7,100000.00
2023,07062AA000,Son Servera,despesa,6,77613.76
2023,07039AA000,Muro,despesa,2,6609745.75
2023,07039AA000,Muro,ingres,3,3651776.51
2023,07039AA000,Muro,ingres,4,2590337.37
2023,07049AA000,Sant Joan,ingres,2,125000.00
2023,07059AA000,Salines (Ses),despesa,3,30000.00
2023,07059AA000,Salines (Ses),ingres,3,1897000.00
2023,07011AO001,"Inst. M. de Educación y Bibliotecas, IMEB -Calvià",ingres,3,1595274.40
2023,07011AO001,"Inst. M. de Educación y Bibliotecas, IMEB -Calvià",ingres,8,22000.00
2023,07033AA000,Manacor,ingres,8,60000.00
2023,07033AV002,P. l'Escola M. de Mallorqui,despesa,2,85669.00
2023,07033AV003,P. M. d'Esports,ingres,4,257361.32
2023,07044AA000,Pobla (Sa),despesa,1,6773215.88
2023,07044AA000,Pobla (Sa),despesa,7,38815.69
2023,07044AA000,Pobla (Sa),ingres,4,4993296.96
2023,07047AA000,Sencelles,despesa,2,1193950.00
2023,07047AA000,Sencelles,ingres,3,545600.00
2023,07011AO002,Oficina Municipal de Tributos de Calvià,despesa,8,22000.00
2023,07011AO002,Oficina Municipal de Tributos de Calvià,ingres,3,120000.00
2023,07011AO002,Oficina Municipal de Tributos de Calvià,ingres,8,22000.00
2023,07001AA000,Alaró,ingres,1,1878000.00
2023,07015AA000,Ciutadella de Menorca,despesa,5,315674.09
2023,07015AA000,Ciutadella de Menorca,despesa,7,283347.44
2023,07015AA000,Ciutadella de Menorca,ingres,5,444253.05
2023,07015AV003,P. Esc. Infantiles,despesa,6,40000.00
2023,07042AA000,Pollença,ingres,5,38100.00
2023,07043AA000,Porreres,ingres,2,251021.90
2023,07051AA000,Sant Llorenç des Cardassar,despesa,1,6847476.41
2023,07052AA000,Sant Lluís,despesa,1,5592945.16
2023,07052AA000,Sant Lluís,ingres,2,462000.00
2023,07056AA000,Santa María del Camí,despesa,1,3816090.20
2023,07056AA000,Santa María del Camí,ingres,1,2476657.10
2023,07056AA000,Santa María del Camí,ingres,5,25.00
2023,07057AA000,Santanyí,ingres,7,260536.70
2023,07902AA000,Migjorn Gran (Es),ingres,1,1061000.00
2023,07001DD000,Consejo Insular de Ibiza,despesa,2,29063916.44
2023,07002DD000,Consejo Insular de Mallorca,despesa,1,91629297.77
2023,07002DD000,Consejo Insular de Mallorca,despesa,6,72462416.23
2023,07002DD000,Consejo Insular de Mallorca,ingres,3,21099295.47
2023,07002DD000,Consejo Insular de Mallorca,ingres,5,3244109.53
2023,07002DV001,Inst. l'Esport Hipic,ingres,3,258600.00
2023,07002DV001,Inst. l'Esport Hipic,ingres,8,5000.00
2023,07002DV003,Inst.  Mallorquí d'Afers Socials,ingres,7,11032926.10
2023,07003DV001,Inst. Menorquín de Estudios,despesa,1,888744.64
2023,07002DO001,Agència  Protecció Legalitat Urbanística i Territorial de Mallorca,despesa,3,5000.00
2023,07001MM000,Mc. Es Raiguer,ingres,4,3981713.32
2023,07003MM000,Mc. Migjorn de Mallorca,ingres,3,1992200.00
2024,07006AA000,Artà,despesa,5,88681.44
2024,07010AA000,Bunyola,despesa,1,2496132.00
2024,07010AA000,Bunyola,ingres,4,2458872.18
2024,07014AO001,F. Castell de Capdepera,despesa,6,40000.00
2024,07016AA000,Consell,despesa,1,1607398.70
2024,07020AA000,Esporles,despesa,2,2121656.32
2024,07020AA000,Esporles,ingres,5,2100.00
2024,07026AA000,Eivissa,despesa,1,28898966.30
2024,07026AA000,Eivissa,despesa,4,10680599.19
2024,07026AA000,Eivissa,ingres,3,17641557.44
2024,07026AA000,Eivissa,ingres,4,20072185.79
2024,07026AA000,Eivissa,ingres,6,10.00
2024,07026AV001,P. M. Deportes,despesa,6,40000.00
2024,07026AV001,P. M. Deportes,ingres,7,40000.00
2024,07028AA000,Lloret de Vistalegre,despesa,2,611255.00
2024,07028AA000,Lloret de Vistalegre,ingres,7,358460.00
2024,07029AA000,Lloseta,ingres,4,2328189.55
2024,07029AA000,Lloseta,ingres,5,55020.00
2024,07031AA000,Llucmajor,ingres,2,2610500.00
2024,07032AA000,Maó,despesa,1,17469628.00
2024,07032AA000,Maó,ingres,1,18526979.00
2024,07034AA000,Mancor de la Vall,ingres,3,317250.00
2024,07041AA000,Petra,ingres,7,23135.75
2024,07045AA000,Puigpunyent,despesa,1,1357757.32
2024,07045AA000,Puigpunyent,despesa,2,1659188.56
2024,07045AA000,Puigpunyent,despesa,3,15339.19
2024,07045AA000,Puigpunyent,ingres,7,1220714.78
2024,07048AA000,Sant Josep de sa Talaia,despesa,6,4061223.82
2024,07055AA000,Santa Margalida,despesa,3,50.00
2024,07055AA000,Santa Margalida,ingres,2,230000.00
2024,07058AA000,Selva,despesa,1,1812550.00
2024,07058AA000,Selva,despesa,4,566285.78
2024,07061AA000,Sóller,ingres,2,892825.19
2024,07061AA000,Sóller,ingres,3,6331438.24
2024,07061AA000,Sóller,ingres,4,4908564.50
2024,07063AA000,Valldemossa,ingres,2,100000.00
2024,07005AA000,Andratx,despesa,1,11163051.14
2024,07040AA000,Palma,ingres,4,138481769.43
2024,07040AV002,P. M. d'Escoles d'Infants,despesa,8,6200.00
2024,07040AV002,P. M. d'Escoles d'Infants,ingres,3,390000.00
2024,07040AV004,P. M. l'Habitatge,despesa,6,210000.00
2024,07039AA000,Muro,ingres,5,1556594.04
2024,07049AA000,Sant Joan,ingres,4,736962.03
2024,07059AA000,Salines (Ses),despesa,1,3431574.22
2024,07059AA000,Salines (Ses),despesa,4,917929.66
2024,07059AA000,Salines (Ses),ingres,2,695000.00
2024,07011AO001,"Inst. M. de Educación y Bibliotecas, IMEB -Calvià",ingres,4,9843309.04
2024,07002AA000,Alaior,despesa,2,6424181.17
2024,07002AA000,Alaior,despesa,6,5028164.67
2024,07002AA000,Alaior,despesa,7,532983.75
2024,07002AA000,Alaior,ingres,9,2550313.20
2024,07011AA000,Calvià,despesa,9,1004979.08
2024,07011AA000,Calvià,ingres,4,29998207.43
2024,07011AA000,Calvià,ingres,7,396830.00
2024,07011AA000,Calvià,ingres,8,310000.00
2024,07033AA000,Manacor,despesa,4,1666948.38
2024,07033AO001,Institut Públic del Teatre Municipal,ingres,3,230240.00
2024,07044AA000,Pobla (Sa),ingres,2,500000.00
2024,07901AA000,Ariany,ingres,3,179411.00
2024,07017AA000,Costitx,despesa,3,1800.00
2024,07018AA000,Deià,despesa,3,7000.00
2024,07025AA000,Fornalutx,ingres,2,30345.00
2024,07027AA000,Inca,ingres,1,10732264.47
2024,07007AA000,Banyalbufar,despesa,3,10000.00
2024,07007AA000,Banyalbufar,ingres,3,327171.41
2024,07021AA000,Estellencs,despesa,3,3600.00
2024,07021AA000,Estellencs,ingres,1,189307.15
2024,07022AA000,Felanitx,ingres,4,6066620.00
2024,07022AA000,Felanitx,ingres,5,1132600.00
2024,07022AA000,Felanitx,ingres,8,1280.00
2024,07022AA000,Felanitx,ingres,9,550000.00
2024,07038AA000,Montuïri,despesa,2,908329.18
2024,07038AA000,Montuïri,despesa,9,280000.00
2024,07038AA000,Montuïri,ingres,2,248900.00
2024,07053AA000,Santa Eugènia,despesa,4,246061.21
2024,07053AA000,Santa Eugènia,ingres,2,90761.54
2024,07065AA000,Vilafranca de Bonany,despesa,3,20585.00
2024,07065AA000,Vilafranca de Bonany,despesa,6,461800.00
2024,07001AA000,Alaró,ingres,6,5000.00
2024,07015AV003,P. Esc. Infantiles,despesa,1,580300.00
2024,07023AA000,Ferreries,despesa,2,3868906.00
2024,07023AA000,Ferreries,despesa,3,19000.00
2024,07023AA000,Ferreries,despesa,4,506512.00
2024,07023AA000,Ferreries,despesa,8,40000.00
2024,07042AA000,Pollença,despesa,1,11461008.61
2024,07042AA000,Pollença,ingres,1,11692743.57
2024,07043AA000,Porreres,despesa,1,2079901.93
2024,07043AA000,Porreres,ingres,1,1951481.60
2024,07043AA000,Porreres,ingres,5,35000.00
2024,07051AA000,Sant Llorenç des Cardassar,ingres,3,4949000.00
2024,07052AA000,Sant Lluís,despesa,2,5633791.05
2024,07052AA000,Sant Lluís,despesa,4,717240.00
2024,07052AA000,Sant Lluís,despesa,5,150000.00
2024,07052AA000,Sant Lluís,ingres,3,3507998.60
2024,07052AA000,Sant Lluís,ingres,5,404937.00
2024,07054AA000,Santa Eulària des Riu,ingres,1,20540784.90
2024,07056AA000,Santa María del Camí,despesa,3,19250.00
2024,07056AA000,Santa María del Camí,ingres,8,350000.00
2024,07057AA000,Santanyí,despesa,2,10915223.96
2024,07057AA000,Santanyí,despesa,6,270953.39
2024,07057AA000,Santanyí,ingres,3,6057997.84
2024,07902AA000,Migjorn Gran (Es),despesa,6,559523.09
2024,07902AA000,Migjorn Gran (Es),despesa,8,1000.00
2024,07902AA000,Migjorn Gran (Es),ingres,5,180100.00
2024,07001DD000,Consejo Insular de Ibiza,despesa,9,100000.00
2024,07001DD000,Consejo Insular de Ibiza,ingres,7,9704405.02
2024,07002DD000,Consejo Insular de Mallorca,despesa,2,90145443.60
2024,07002DV001,Inst. l'Esport Hipic,despesa,6,474000.00
2024,07002DO001,Agència  Protecció Legalitat Urbanística i Territorial de Mallorca,ingres,3,2848595.10
2024,07002DV003,Inst.  Mallorquí d'Afers Socials,despesa,1,103896864.56
2024,07002DV003,Inst.  Mallorquí d'Afers Socials,despesa,7,425000.00
2024,07002DV003,Inst.  Mallorquí d'Afers Socials,ingres,4,273202816.17
2024,07002DV003,Inst.  Mallorquí d'Afers Socials,ingres,8,120000.00
2024,07003DD000,Consejo Insular de Menorca,despesa,2,20683175.65
2024,07001MM000,Mc. Es Raiguer,despesa,3,12000.00
2024,07003MM000,Mc. Migjorn de Mallorca,despesa,4,600.00
2024,07006AA000,Artà,despesa,3,9000.00
2024,07006AA000,Artà,despesa,4,341671.20
2024,07006AA000,Artà,ingres,1,5178199.06
2024,07006AA000,Artà,ingres,7,1378103.14
2024,07009AA000,Búger,despesa,3,7200.00
2024,07010AA000,Bunyola,despesa,3,48500.00
2024,07012AA000,Campanet,ingres,1,847724.21
2024,07014AA000,Capdepera,despesa,3,28000.00
2024,07014AA000,Capdepera,ingres,3,7826417.72
2024,07014AA000,Capdepera,ingres,4,3750000.00
2024,07016AA000,Consell,despesa,3,15050.00
2024,07026AV001,P. M. Deportes,ingres,8,10.00
2024,07026AV002,P. M. Música,ingres,3,65010.00
2024,07030AA000,Llubí,despesa,6,50751.00
2024,07030AA000,Llubí,ingres,1,717327.00
2024,07030AA000,Llubí,ingres,2,200000.00
2024,07031AA000,Llucmajor,ingres,5,1004700.00
2024,07031AV001,P. Res. Personas Mayores,despesa,5,9399.10
2024,07031AV001,P. Res. Personas Mayores,ingres,3,205100.00
2024,07032AA000,Maó,ingres,9,1127132.00
2024,07036AA000,Marratxí,despesa,1,17501610.32
2024,07036AA000,Marratxí,despesa,3,40000.00
2024,07036AA000,Marratxí,ingres,2,2075000.00
2024,07037AA000,Mercadal (Es),despesa,7,2100.00
2024,07041AA000,Petra,ingres,1,823942.00
2024,07041AO001,F. Escuela Municipal de Música de Petra,ingres,4,26000.00
2024,07045AA000,Puigpunyent,despesa,4,188125.14
2024,07045AA000,Puigpunyent,despesa,5,30000.00
2024,07045AA000,Puigpunyent,ingres,2,385500.00
2024,07046AA000,Sant Antoni de Portmany,despesa,6,3250303.76
2024,07048AA000,Sant Josep de sa Talaia,despesa,4,4022004.60
2024,07048AA000,Sant Josep de sa Talaia,ingres,1,16630324.00
2024,07055AA000,Santa Margalida,despesa,4,521200.00
2024,07055AA000,Santa Margalida,ingres,3,4488420.00
2024,07061AA000,Sóller,despesa,4,422150.00
2024,07064AA000,Castell (Es),despesa,7,284510.64
2024,07040AA000,Palma,despesa,9,21731939.04
2024,07040AA000,Palma,ingres,1,189500233.12
2024,07040AV001,Inst. M. l'Esport,despesa,4,350000.00
2024,07040AV002,P. M. d'Escoles d'Infants,despesa,2,5190758.08
2024,07040AV004,P. M. l'Habitatge,despesa,8,10000.00
2024,07040AV009,Inst. M. Form. Ocupacional i Feina,ingres,3,60000.00
2024,07040AV009,Inst. M. Form. Ocupacional i Feina,ingres,7,106000.00
2024,07062AA000,Son Servera,despesa,2,9415321.54
2024,07062AA000,Son Servera,despesa,8,60000.00
2024,07062AA000,Son Servera,ingres,3,3880369.82
2024,07062AA000,Son Servera,ingres,4,3602257.51
2024,07049AA000,Sant Joan,despesa,1,812537.54
2024,07011AO001,"Inst. M. de Educación y Bibliotecas, IMEB -Calvià",despesa,1,6792201.40
2024,07011AO001,"Inst. M. de Educación y Bibliotecas, IMEB -Calvià",despesa,6,294003.00
2024,07002AA000,Alaior,despesa,3,111175.65
2024,07011AA000,Calvià,despesa,8,310000.00
2024,07033AV002,P. l'Escola M. de Mallorqui,ingres,3,25500.00
2024,07033AO002,Institució Pública Antoni M. Alcover,despesa,2,69000.00
2024,07044AA000,Pobla (Sa),despesa,9,255751.31
2024,07044AA000,Pobla (Sa),ingres,5,57888.96
2024,07047AA000,Sencelles,ingres,1,1141800.00
2024,07901AA000,Ariany,despesa,1,337689.29
2024,07008AA000,Binissalem,despesa,1,3057599.99
2024,07008AA000,Binissalem,despesa,4,834268.25
2024,07008AA000,Binissalem,ingres,5,232000.00
2024,07017AA000,Costitx,ingres,5,18100.00
2024,07018AA000,Deià,ingres,1,1136000.00
2024,07025AA000,Fornalutx,ingres,1,509725.00
2024,07021AA000,Estellencs,despesa,2,395988.36
2024,07021AA000,Estellencs,ingres,2,88454.82
2024,07022AV001,Ctro. Cultural,despesa,2,5000.00
2024,07038AA000,Montuïri,despesa,1,1198621.60
2024,07038AA000,Montuïri,despesa,5,50836.22
2024,07053AA000,Santa Eugènia,ingres,3,416186.56
2024,07065AA000,Vilafranca de Bonany,ingres,2,150000.00
2024,07065AA000,Vilafranca de Bonany,ingres,5,2000.00
2024,07001AA000,Alaró,despesa,2,1395281.30
2024,07001AA000,Alaró,ingres,7,371985.44
2024,07015AV003,P. Esc. Infantiles,despesa,2,1149327.96
2024,07023AA000,Ferreries,despesa,5,15000.00
2024,07043AA000,Porreres,despesa,6,18000.00
2024,07043AA000,Porreres,ingres,3,350188.37
2024,07056AV001,P. Res. Pers. Majors. Cas Metge Rei,ingres,3,549399.00
2024,07057AA000,Santanyí,ingres,1,11277971.74
2024,07057AA000,Santanyí,ingres,2,1330000.00
2024,07902AA000,Migjorn Gran (Es),despesa,2,1326454.94
2024,07902AA000,Migjorn Gran (Es),despesa,4,428704.32
2024,07902AA000,Migjorn Gran (Es),despesa,9,75000.00
2024,07001DD000,Consejo Insular de Ibiza,despesa,8,350000.00
2024,07002DD000,Consejo Insular de Mallorca,despesa,3,929100.00
2024,07002DV001,Inst. l'Esport Hipic,despesa,4,1235800.00
2024,07002DV003,Inst.  Mallorquí d'Afers Socials,despesa,3,55000.00
2024,07002DV003,Inst.  Mallorquí d'Afers Socials,despesa,8,120000.00
2024,07003DD000,Consejo Insular de Menorca,ingres,1,1636174.32
2024,07001MM000,Mc. Es Raiguer,despesa,2,4268489.05
2024,07003MM000,Mc. Migjorn de Mallorca,despesa,6,318120.76
2024,07003MM000,Mc. Migjorn de Mallorca,ingres,5,50000.00
2024,07004AA000,Algaida,despesa,3,3600.00
2024,07004AA000,Algaida,ingres,3,440384.64
2024,07009AA000,Búger,ingres,3,322634.34
2024,07012AA000,Campanet,despesa,3,8542.82
2024,07012AA000,Campanet,ingres,3,803458.45
2024,07013AA000,Campos,despesa,4,222044.80
2024,07013AA000,Campos,ingres,4,4429272.87
2024,07014AA000,Capdepera,despesa,5,140000.00
2024,07014AA000,Capdepera,despesa,6,1383900.00
2024,07016AA000,Consell,ingres,3,1378266.18
2024,07020AA000,Esporles,despesa,1,2849432.75
2024,07020AA000,Esporles,ingres,1,1981370.00
2024,07026AA000,Eivissa,despesa,2,36146847.27
2024,07026AV001,P. M. Deportes,despesa,3,4000.00
2024,07026AV002,P. M. Música,despesa,4,2000.00
2024,07028AA000,Lloret de Vistalegre,ingres,5,6695.44
2024,07029AA000,Lloseta,despesa,4,785283.73
2024,07029AA000,Lloseta,despesa,9,101147.14
2024,07031AA000,Llucmajor,despesa,3,155000.00
2024,07031AA000,Llucmajor,ingres,8,55000.00
2024,07034AA000,Mancor de la Vall,ingres,2,40250.00
2024,07035AA000,Maria de la Salut,despesa,1,891736.84
2024,07036AA000,Marratxí,despesa,4,11447434.15
2024,07037AA000,Mercadal (Es),ingres,2,247750.00
2024,07041AA000,Petra,despesa,4,229746.46
2024,07041AA000,Petra,ingres,6,6.00
2024,07046AA000,Sant Antoni de Portmany,despesa,1,10794392.05
2024,07046AA000,Sant Antoni de Portmany,ingres,7,1155000.00
2024,07048AA000,Sant Josep de sa Talaia,despesa,5,210000.00
2024,07048AA000,Sant Josep de sa Talaia,ingres,4,10309805.68
2024,07050AA000,Sant Joan de Labritja,ingres,5,71000.00
2024,07055AA000,Santa Margalida,despesa,1,6154620.00
2024,07061AA000,Sóller,despesa,1,9035416.02
2024,07061AA000,Sóller,despesa,3,325050.05
2024,07061AA000,Sóller,despesa,7,195000.00
2024,07005AA000,Andratx,despesa,2,12464680.53
2024,07005AA000,Andratx,ingres,2,2600000.00
2024,07040AA000,Palma,despesa,4,109429070.17
2024,07040AV001,Inst. M. l'Esport,ingres,8,90000.00
2024,07040AV002,P. M. d'Escoles d'Infants,despesa,4,430000.00
2024,07040AV002,P. M. d'Escoles d'Infants,ingres,4,9135958.08
2024,07040AV002,P. M. d'Escoles d'Infants,ingres,7,21500.00
2024,07040AV004,P. M. l'Habitatge,despesa,1,1879583.63
2024,07040AV004,P. M. l'Habitatge,ingres,4,1262471.01
2024,07040AV009,Inst. M. Form. Ocupacional i Feina,despesa,1,8024610.34
2024,07040AV009,Inst. M. Form. Ocupacional i Feina,despesa,8,20000.00
2024,07040AV009,Inst. M. Form. Ocupacional i Feina,ingres,4,9640505.70
2024,07062AA000,Son Servera,ingres,5,774313.23
2024,07003AA000,Alcúdia,ingres,3,6740823.00
2024,07003AA000,Alcúdia,ingres,4,7219545.29
2024,07039AA000,Muro,ingres,2,700000.00
2024,07059AA000,Salines (Ses),ingres,4,2072078.10
2024,07011AO001,"Inst. M. de Educación y Bibliotecas, IMEB -Calvià",despesa,3,700.00
2024,07011AO001,"Inst. M. de Educación y Bibliotecas, IMEB -Calvià",ingres,7,294003.00
2024,07002AA000,Alaior,despesa,4,776747.26
2024,07002AA000,Alaior,ingres,2,227598.66
2024,07033AA000,Manacor,ingres,5,488104.81
2024,07033AO001,Institut Públic del Teatre Municipal,despesa,2,480240.00
2024,07033AO001,Institut Públic del Teatre Municipal,ingres,7,50000.00
2024,07033AV003,P. M. d'Esports,ingres,5,44280.68
2024,07033AO002,Institució Pública Antoni M. Alcover,despesa,1,39500.00
2024,07033AO002,Institució Pública Antoni M. Alcover,ingres,7,5000.00
2024,07044AA000,Pobla (Sa),despesa,3,51948.90
2024,07044AA000,Pobla (Sa),despesa,4,319938.39
2024,07047AA000,Sencelles,despesa,4,298700.00
2024,07901AA000,Ariany,ingres,1,402165.93
2024,07011AO002,Oficina Municipal de Tributos de Calvià,despesa,2,613010.00
2024,07008AA000,Binissalem,ingres,6,185000.00
2024,07017AA000,Costitx,ingres,3,82400.00
2024,07025AA000,Fornalutx,ingres,4,422525.12
2024,07007AA000,Banyalbufar,despesa,4,13650.00
2024,07024AA000,Formentera,despesa,4,2499600.00
2024,07024AA000,Formentera,despesa,6,4520400.00
2024,07038AA000,Montuïri,despesa,3,4400.00
2024,07038AA000,Montuïri,ingres,1,1149739.51
2024,07065AA000,Vilafranca de Bonany,despesa,9,80555.00
2024,07001AA000,Alaró,ingres,4,2424741.72
2024,07015AA000,Ciutadella de Menorca,ingres,7,1756789.13
2024,07015AV002,Hospital Municipal,despesa,2,775396.52
2024,07042AA000,Pollença,despesa,3,20000.00
2024,07043AA000,Porreres,despesa,3,15000.00
2024,07051AA000,Sant Llorenç des Cardassar,despesa,8,10000.00
2024,07054AA000,Santa Eulària des Riu,despesa,7,308500.00
2024,07054AA000,Santa Eulària des Riu,ingres,7,50.00
2024,07056AA000,Santa María del Camí,despesa,2,2537595.15
2024,07056AA000,Santa María del Camí,despesa,4,1025095.69
2024,07056AA000,Santa María del Camí,ingres,3,2919003.02
2024,07056AV001,P. Res. Pers. Majors. Cas Metge Rei,ingres,4,584780.97
2024,07056AV001,P. Res. Pers. Majors. Cas Metge Rei,ingres,5,10.00
2024,07057AA000,Santanyí,despesa,1,10452947.75
2024,07057AA000,Santanyí,despesa,3,5800.00
2024,07057AA000,Santanyí,ingres,5,1319651.54
2024,07001DD000,Consejo Insular de Ibiza,ingres,8,250000.00
2024,07001DV003,P. Esc. Turismo,despesa,6,25000.00
2024,07001DV003,P. Esc. Turismo,ingres,4,633000.00
2024,07002DD000,Consejo Insular de Mallorca,despesa,4,302545450.74
2024,07002DD000,Consejo Insular de Mallorca,despesa,7,49278963.35
2024,07002DV001,Inst. l'Esport Hipic,despesa,8,5000.00
2024,07002DV003,Inst.  Mallorquí d'Afers Socials,despesa,6,4201347.59
2024,07003DD000,Consejo Insular de Menorca,despesa,1,28599276.79
2024,07003DD000,Consejo Insular de Menorca,ingres,2,2132537.16
2024,07003DD000,Consejo Insular de Menorca,ingres,3,3560200.85
2024,07003DD000,Consejo Insular de Menorca,ingres,7,15639915.80
2024,07002MM000,Mc. Pla de Mallorca,ingres,4,8102488.43
2024,07001MM000,Mc. Es Raiguer,ingres,3,984011.82
2024,07003MM000,Mc. Migjorn de Mallorca,despesa,1,876516.74
2024,07004AA000,Algaida,despesa,4,136620.00
2024,07006AA000,Artà,ingres,2,651500.00
2024,07009AA000,Búger,despesa,2,499524.78
2024,07009AA000,Búger,despesa,4,281300.00
2024,07009AA000,Búger,despesa,6,918565.79
2024,07010AA000,Bunyola,despesa,4,958537.08
2024,07014AA000,Capdepera,ingres,1,10900000.00
2024,07016AA000,Consell,despesa,2,1720954.18
2024,07026AA000,Eivissa,ingres,2,2200000.00
2024,07026AA000,Eivissa,ingres,5,7662010.00
2024,07026AA000,Eivissa,ingres,8,10.00
2024,07026AV003,Museo de Arte Contemporáneo,despesa,8,10.00
2024,07028AA000,Lloret de Vistalegre,ingres,3,94944.56
2024,07029AA000,Lloseta,ingres,2,200000.00
2024,07030AA000,Llubí,despesa,7,2000.00
2024,07030AA000,Llubí,ingres,4,791633.00
2024,07031AA000,Llucmajor,despesa,4,1927118.39
2024,07035AA000,Maria de la Salut,ingres,3,343685.00
2024,07041AA000,Petra,despesa,2,988100.00
2024,07041AA000,Petra,ingres,2,121004.00
2024,07041AO001,F. Escuela Municipal de Música de Petra,despesa,2,2122.11
2024,07041AO002,Fundación Teatro y Acción Socio-Cultural de Petra,despesa,2,29054.00
2024,07046AA000,Sant Antoni de Portmany,despesa,2,19893988.38
2024,07046AA000,Sant Antoni de Portmany,ingres,3,10344900.00
2024,07048AA000,Sant Josep de sa Talaia,ingres,5,5090502.52
2024,07055AA000,Santa Margalida,ingres,1,6930100.00
2024,07061AA000,Sóller,despesa,6,85361.15
2024,07061AA000,Sóller,despesa,9,714665.50
2024,07061AA000,Sóller,ingres,5,270526.08
2024,07063AA000,Valldemossa,despesa,1,2339033.06
2024,07063AA000,Valldemossa,despesa,2,1939956.89
2024,07063AA000,Valldemossa,ingres,1,1733366.83
2024,07063AA000,Valldemossa,ingres,4,798321.13
2024,07064AA000,Castell (Es),despesa,3,7000.00
2024,07064AA000,Castell (Es),ingres,6,250000.00
2024,07064AA000,Castell (Es),ingres,7,4477500.00
2024,07005AA000,Andratx,despesa,4,739100.00
2024,07005AA000,Andratx,ingres,1,12177000.00
2024,07005AA000,Andratx,ingres,4,4439000.00
2024,07040AA000,Palma,despesa,1,183890181.00
2024,07040AA000,Palma,despesa,7,9125366.63
2024,07040AV001,Inst. M. l'Esport,ingres,5,190850.32
2024,07040AV004,P. M. l'Habitatge,ingres,7,210000.00
2024,07040AV006,Instituto Municipal Innovación  (IMI),ingres,4,5862553.74
2024,07040AV009,Inst. M. Form. Ocupacional i Feina,despesa,3,300.00
2024,07062AA000,Son Servera,ingres,7,168435.30
2024,07003AA000,Alcúdia,despesa,2,20187041.00
2024,07003AA000,Alcúdia,despesa,3,16000.00
2024,07003AA000,Alcúdia,despesa,4,2726329.29
2024,07049AA000,Sant Joan,ingres,1,729000.00
2024,07059AA000,Salines (Ses),despesa,6,296502.00
2024,07059AA000,Salines (Ses),ingres,1,3277792.79
2024,07002AA000,Alaior,ingres,4,4684121.23
2024,07011AA000,Calvià,despesa,6,11582073.87
2024,07011AA000,Calvià,ingres,2,8001700.00
2024,07033AA000,Manacor,despesa,1,19585358.12
2024,07044AA000,Pobla (Sa),despesa,2,6645674.36
2024,07047AA000,Sencelles,ingres,4,1113500.00
2024,07008AA000,Binissalem,ingres,2,250000.00
2024,07008AA000,Binissalem,ingres,3,1347434.25
2024,07017AA000,Costitx,despesa,2,582262.18
2024,07027AA000,Inca,ingres,4,12717847.95
2024,07007AA000,Banyalbufar,ingres,5,50481.00
2024,07022AA000,Felanitx,despesa,1,9045359.00
2024,07024AA000,Formentera,despesa,2,18198500.00
2024,07053AA000,Santa Eugènia,ingres,8,10000.00
2024,07065AA000,Vilafranca de Bonany,ingres,1,857250.00
2024,07065AA000,Vilafranca de Bonany,ingres,3,393760.00
2024,07001AA000,Alaró,despesa,6,705824.12
2024,07015AA000,Ciutadella de Menorca,despesa,6,2472389.13
2024,07015AA000,Ciutadella de Menorca,ingres,1,15624000.00
2024,07015AV002,Hospital Municipal,despesa,6,3000.00
2024,07015AV003,P. Esc. Infantiles,ingres,7,30000.00
2024,07023AA000,Ferreries,despesa,6,1250194.66
2024,07023AA000,Ferreries,ingres,2,134612.00
2024,07023AA000,Ferreries,ingres,3,1162568.49
2024,07042AA000,Pollença,despesa,6,568017.93
2024,07042AA000,Pollença,ingres,3,7782599.00
2024,07042AA000,Pollença,ingres,4,5686436.00
2024,07043AA000,Porreres,despesa,2,2437858.07
2024,07051AA000,Sant Llorenç des Cardassar,despesa,6,485000.00
2024,07052AA000,Sant Lluís,ingres,1,6189859.56
2024,07054AA000,Santa Eulària des Riu,despesa,1,14858645.87
2024,07054AA000,Santa Eulària des Riu,despesa,3,66010.00
2024,07054AA000,Santa Eulària des Riu,ingres,3,15267205.00
2024,07056AV001,P. Res. Pers. Majors. Cas Metge Rei,despesa,1,794658.84
2024,07902AA000,Migjorn Gran (Es),ingres,3,831520.00
2024,07001DD000,Consejo Insular de Ibiza,despesa,4,33084075.36
2024,07001DD000,Consejo Insular de Ibiza,despesa,5,800000.00
2024,07001DD000,Consejo Insular de Ibiza,despesa,6,14041739.87
2024,07001DD000,Consejo Insular de Ibiza,ingres,1,3916318.40
2024,07001DD000,Consejo Insular de Ibiza,ingres,4,103380641.86
2024,07001DD000,Consejo Insular de Ibiza,ingres,5,3560000.00
2024,07001DV003,P. Esc. Turismo,despesa,4,30000.00
2024,07002DD000,Consejo Insular de Mallorca,ingres,7,54866174.05
2024,07002DO001,Agència  Protecció Legalitat Urbanística i Territorial de Mallorca,ingres,4,870000.00
2024,07003DD000,Consejo Insular de Menorca,ingres,5,31100.00
2024,07003DD000,Consejo Insular de Menorca,ingres,8,350000.00
2024,07003DV001,Inst. Menorquín de Estudios,despesa,6,7000.00
2024,07003DV001,Inst. Menorquín de Estudios,ingres,4,1567083.54
2024,07003DV002,Consell Economic i Social,ingres,4,29250.00
2024,07001MM000,Mc. Es Raiguer,despesa,1,1723945.24
2024,07006AA000,Artà,ingres,4,3144373.91
2024,07010AA000,Bunyola,despesa,2,3485052.61
2024,07010AA000,Bunyola,despesa,6,155183.80
2024,07010AA000,Bunyola,ingres,2,934274.22
2024,07012AA000,Campanet,despesa,1,1277380.45
2024,07012AA000,Campanet,despesa,6,18500.00
2024,07012AA000,Campanet,ingres,7,12358.34
2024,07014AO001,F. Castell de Capdepera,ingres,3,220000.00
2024,07016AA000,Consell,despesa,4,591289.13
2024,07016AA000,Consell,despesa,6,544300.00
2024,07016AA000,Consell,ingres,2,240000.00
2024,07020AA000,Esporles,despesa,6,13995.00
2024,07026AV001,P. M. Deportes,ingres,4,2915990.00
2024,07026AV003,Museo de Arte Contemporáneo,despesa,5,60000.00
2024,07026AV003,Museo de Arte Contemporáneo,ingres,4,484790.00
2024,07026AV003,Museo de Arte Contemporáneo,ingres,8,10.00
2024,07026AV002,P. M. Música,despesa,3,1500.00
2024,07026AV002,P. M. Música,despesa,6,5000.00
2024,07028AA000,Lloret de Vistalegre,despesa,6,402300.00
2024,07029AA000,Lloseta,ingres,9,80720.00
2024,07032AA000,Maó,despesa,3,120980.00
2024,07032AA000,Maó,despesa,4,5401225.00
2024,07032AA000,Maó,ingres,4,13642584.00
2024,07032AA000,Maó,ingres,5,376200.00
2024,07034AA000,Mancor de la Vall,despesa,2,683415.00
2024,07035AA000,Maria de la Salut,despesa,2,790945.09
2024,07037AA000,Mercadal (Es),despesa,2,5583800.00
2024,07041AA000,Petra,despesa,5,20000.00
2024,07041AA000,Petra,ingres,3,379518.00
2024,07046AA000,Sant Antoni de Portmany,ingres,4,8698745.90
2024,07050AA000,Sant Joan de Labritja,despesa,1,2705642.00
2024,07050AA000,Sant Joan de Labritja,ingres,7,2279788.00
2024,07058AA000,Selva,ingres,2,220000.00
2024,07040AA000,Palma,despesa,2,145747802.48
2024,07040AA000,Palma,despesa,3,6545678.34
2024,07040AA000,Palma,despesa,6,55436270.54
2024,07040AV001,Inst. M. l'Esport,despesa,8,90000.00
2024,07040AV002,P. M. d'Escoles d'Infants,ingres,8,10000.00
2024,07040AV004,P. M. l'Habitatge,despesa,3,1500.00
2024,07040AV004,P. M. l'Habitatge,despesa,4,6500.00
2024,07040AV006,Instituto Municipal Innovación  (IMI),despesa,2,904071.71
2024,07062AA000,Son Servera,despesa,1,7010266.73
2024,07062AA000,Son Servera,ingres,2,338377.41
2024,07003AA000,Alcúdia,ingres,2,600000.00
2024,07039AA000,Muro,despesa,1,5614027.01
2024,07002AA000,Alaior,ingres,7,2686835.22
2024,07011AA000,Calvià,despesa,1,43475948.67
2024,07033AA000,Manacor,despesa,8,60100.00
2024,07033AV002,P. l'Escola M. de Mallorqui,despesa,3,31.00
2024,07033AV002,P. l'Escola M. de Mallorqui,ingres,7,4500.00
2024,07033AV003,P. M. d'Esports,despesa,2,312150.00
2024,07044AA000,Pobla (Sa),despesa,5,5000.00
2024,07044AA000,Pobla (Sa),despesa,6,1353047.33
2024,07047AA000,Sencelles,despesa,1,1486330.00
2024,07047AA000,Sencelles,despesa,9,79600.00
2024,07901AA000,Ariany,ingres,7,90.00
2024,07008AA000,Binissalem,despesa,5,47000.00
2024,07017AA000,Costitx,despesa,1,357676.22
2024,07017AA000,Costitx,ingres,4,528519.36
2024,07018AA000,Deià,despesa,4,187697.92
2024,07018AA000,Deià,despesa,6,155888.10
2024,07018AA000,Deià,ingres,2,60000.00
2024,07025AA000,Fornalutx,ingres,3,307227.00
2024,07027AA000,Inca,despesa,7,150000.00
2024,07027AA000,Inca,despesa,8,35000.00
2024,07027AA000,Inca,ingres,2,418531.72
2024,07021AA000,Estellencs,despesa,1,326418.98
2024,07024AA000,Formentera,despesa,1,18001500.00
2024,07024AA000,Formentera,ingres,3,9755000.00
2024,07038AA000,Montuïri,despesa,6,56400.00
2024,07053AA000,Santa Eugènia,despesa,6,128972.54
2024,07053AA000,Santa Eugènia,despesa,8,10000.00
2024,07065AA000,Vilafranca de Bonany,despesa,5,5000.00
2024,07065AA000,Vilafranca de Bonany,ingres,7,7700.00
2024,07001AA000,Alaró,despesa,7,6100.00
2024,07001AA000,Alaró,ingres,2,351100.00
2024,07015AA000,Ciutadella de Menorca,despesa,2,16351260.71
2024,07015AA000,Ciutadella de Menorca,ingres,2,1203300.00
2024,07015AA000,Ciutadella de Menorca,ingres,4,11028306.58
2024,07023AA000,Ferreries,despesa,1,2767860.72
2024,07023AA000,Ferreries,ingres,5,1064800.00
2024,07042AA000,Pollença,despesa,4,3887300.00
2024,07051AA000,Sant Llorenç des Cardassar,ingres,4,3637000.00
2024,07052AA000,Sant Lluís,despesa,6,2664437.94
2024,07052AA000,Sant Lluís,ingres,7,1772713.75
2024,07054AA000,Santa Eulària des Riu,despesa,4,4230039.13
2024,07054AA000,Santa Eulària des Riu,despesa,5,75000.00
2024,07054AA000,Santa Eulària des Riu,ingres,2,6750355.00
2024,07054AA000,Santa Eulària des Riu,ingres,6,20.00
2024,07054AA000,Santa Eulària des Riu,ingres,8,361768.24
2024,07054AA000,Santa Eulària des Riu,ingres,9,20.00
2024,07056AA000,Santa María del Camí,despesa,6,1168918.19
2024,07057AA000,Santanyí,despesa,7,135965.13
2024,07902AA000,Migjorn Gran (Es),ingres,7,492223.09
2024,07001DD000,Consejo Insular de Ibiza,despesa,7,7552010.83
2024,07001DD000,Consejo Insular de Ibiza,ingres,2,4506279.00
2024,07002DD000,Consejo Insular de Mallorca,ingres,2,20980930.00
2024,07002DO001,Agència  Protecció Legalitat Urbanística i Territorial de Mallorca,despesa,5,66617.24
2024,07002DO001,Agència  Protecció Legalitat Urbanística i Territorial de Mallorca,despesa,6,72550.52
2024,07003DD000,Consejo Insular de Menorca,despesa,7,20818501.94
2024,07003DD000,Consejo Insular de Menorca,despesa,8,675000.00
2024,07003DV001,Inst. Menorquín de Estudios,despesa,5,7860.41
2024,07003DV002,Consell Economic i Social,despesa,4,16000.00
2024,07002MM000,Mc. Pla de Mallorca,despesa,1,1323315.89
2024,07002MM000,Mc. Pla de Mallorca,despesa,6,12000.00
2024,07004AA000,Algaida,despesa,1,2748407.93
2024,07004AA000,Algaida,ingres,9,3800000.00
2024,07006AA000,Artà,ingres,3,4680651.89
2024,07012AA000,Campanet,ingres,5,6230.00
2024,07013AA000,Campos,despesa,1,6551936.21
2024,07013AA000,Campos,ingres,2,927894.81
2024,07014AO001,F. Castell de Capdepera,despesa,2,84175.18
2024,07016AA000,Consell,ingres,4,1546440.17
2024,07020AA000,Esporles,ingres,3,1095830.00
2024,07026AV001,P. M. Deportes,despesa,4,769350.00
2024,07026AV002,P. M. Música,despesa,5,160000.00
2024,07026AV002,P. M. Música,despesa,8,10.00
2024,07028AA000,Lloret de Vistalegre,despesa,4,34725.00
2024,07028AA000,Lloret de Vistalegre,ingres,2,73100.00
2024,07028AA000,Lloret de Vistalegre,ingres,4,762800.00
2024,07030AA000,Llubí,despesa,1,1048483.00
2024,07030AA000,Llubí,despesa,4,87950.00
2024,07031AA000,Llucmajor,despesa,5,273494.73
2024,07031AA000,Llucmajor,despesa,6,1080300.00
2024,07031AA000,Llucmajor,ingres,3,12445100.00
2024,07031AA000,Llucmajor,ingres,4,11093700.00
2024,07032AA000,Maó,despesa,5,231000.00
2024,07034AA000,Mancor de la Vall,despesa,3,4000.00
2024,07034AA000,Mancor de la Vall,ingres,1,618000.00
2024,07034AA000,Mancor de la Vall,ingres,5,7600.00
2024,07035AA000,Maria de la Salut,ingres,5,15924.72
2024,07036AA000,Marratxí,despesa,2,6965385.26
2024,07037AA000,Mercadal (Es),despesa,1,3142710.00
2024,07037AA000,Mercadal (Es),despesa,5,250000.00
2024,07037AA000,Mercadal (Es),ingres,4,2785500.00
2024,07037AA000,Mercadal (Es),ingres,8,20000.00
2024,07041AA000,Petra,despesa,6,565506.25
2024,07041AA000,Petra,ingres,4,870596.20
2024,07048AA000,Sant Josep de sa Talaia,despesa,1,12857603.39
2024,07050AA000,Sant Joan de Labritja,ingres,3,3112845.00
2024,07055AA000,Santa Margalida,despesa,2,8069650.00
2024,07055AA000,Santa Margalida,ingres,4,3836847.00
2024,07058AA000,Selva,ingres,3,687165.02
2024,07058AA000,Selva,ingres,5,74510.00
2024,07064AA000,Castell (Es),despesa,4,1003272.72
2024,07064AA000,Castell (Es),ingres,2,180000.00
2024,07005AA000,Andratx,despesa,5,100.00
2024,07040AA000,Palma,despesa,5,536866.76
2024,07040AA000,Palma,ingres,8,3210000.00
2024,07040AV001,Inst. M. l'Esport,despesa,1,6497632.12
2024,07040AV006,Instituto Municipal Innovación  (IMI),despesa,3,1100.00
2024,07040AV009,Inst. M. Form. Ocupacional i Feina,despesa,6,6000.00
2024,07040AV009,Inst. M. Form. Ocupacional i Feina,despesa,7,100000.00
2024,07062AA000,Son Servera,despesa,6,68439.79
2024,07003AA000,Alcúdia,ingres,7,795943.00
2024,07039AA000,Muro,despesa,2,7067341.77
2024,07039AA000,Muro,ingres,3,4296959.80
2024,07039AA000,Muro,ingres,4,2661041.68
2024,07049AA000,Sant Joan,ingres,2,108000.00
2024,07059AA000,Salines (Ses),despesa,3,12000.00
2024,07059AA000,Salines (Ses),despesa,7,5000.00
2024,07059AA000,Salines (Ses),ingres,3,2022586.00
2024,07011AO001,"Inst. M. de Educación y Bibliotecas, IMEB -Calvià",despesa,9,12000.00
2024,07011AO001,"Inst. M. de Educación y Bibliotecas, IMEB -Calvià",ingres,3,559480.00
2024,07011AO001,"Inst. M. de Educación y Bibliotecas, IMEB -Calvià",ingres,8,22000.00
2024,07033AA000,Manacor,ingres,8,60000.00
2024,07033AV002,P. l'Escola M. de Mallorqui,despesa,2,85669.00
2024,07033AV003,P. M. d'Esports,ingres,4,257361.32
2024,07044AA000,Pobla (Sa),despesa,1,7210152.11
2024,07044AA000,Pobla (Sa),despesa,7,38815.69
2024,07044AA000,Pobla (Sa),ingres,4,4946015.62
2024,07047AA000,Sencelles,despesa,2,1383250.00
2024,07047AA000,Sencelles,ingres,3,647800.00
2024,07901AA000,Ariany,ingres,2,60000.00
2024,07011AO002,Oficina Municipal de Tributos de Calvià,despesa,8,10000.00
2024,07011AO002,Oficina Municipal de Tributos de Calvià,ingres,3,120000.00
2024,07011AO002,Oficina Municipal de Tributos de Calvià,ingres,8,10000.00
2024,07008AA000,Binissalem,despesa,3,18000.00
2024,07027AA000,Inca,despesa,1,16224051.65
2024,07027AA000,Inca,ingres,5,242725.54
2024,07022AA000,Felanitx,despesa,2,10741600.00
2024,07022AA000,Felanitx,despesa,8,8000.00
2024,07024AA000,Formentera,despesa,3,30000.00
2024,07001AA000,Alaró,ingres,1,1876000.00
2024,07015AA000,Ciutadella de Menorca,despesa,5,430040.64
2024,07015AA000,Ciutadella de Menorca,despesa,7,253021.51
2024,07015AA000,Ciutadella de Menorca,ingres,5,989527.64
2024,07015AV003,P. Esc. Infantiles,despesa,6,45000.00
2024,07042AA000,Pollença,ingres,5,18100.00
2024,07043AA000,Porreres,ingres,2,376021.90
2024,07051AA000,Sant Llorenç des Cardassar,despesa,1,7604892.99
2024,07052AA000,Sant Lluís,despesa,1,5688995.19
2024,07052AA000,Sant Lluís,ingres,2,450000.00
2024,07056AA000,Santa María del Camí,despesa,1,5161734.50
2024,07056AA000,Santa María del Camí,ingres,1,3197833.16
2024,07056AA000,Santa María del Camí,ingres,5,5.00
2024,07902AA000,Migjorn Gran (Es),ingres,1,1065000.00
2024,07001DD000,Consejo Insular de Ibiza,despesa,2,34023621.96
2024,07002DD000,Consejo Insular de Mallorca,despesa,1,98804106.30
2024,07002DD000,Consejo Insular de Mallorca,despesa,6,74270951.75
2024,07002DD000,Consejo Insular de Mallorca,ingres,3,22950995.01
2024,07002DD000,Consejo Insular de Mallorca,ingres,5,9193557.36
2024,07002DD000,Consejo Insular de Mallorca,ingres,9,12125000.00
2024,07002DV001,Inst. l'Esport Hipic,ingres,3,282900.00
2024,07002DV001,Inst. l'Esport Hipic,ingres,8,5000.00
2024,07002DO001,Agència  Protecció Legalitat Urbanística i Territorial de Mallorca,despesa,3,7000.00
2024,07002DV003,Inst.  Mallorquí d'Afers Socials,ingres,7,4626347.59
2024,07003DV001,Inst. Menorquín de Estudios,despesa,1,888744.64
2024,07001MM000,Mc. Es Raiguer,ingres,4,5185194.29
2024,07003MM000,Mc. Migjorn de Mallorca,ingres,3,2117070.48
2024,07006AA000,Artà,despesa,6,2569337.55
2024,07006AA000,Artà,despesa,7,1.00
2024,07006AA000,Artà,ingres,5,48901.00
2024,07010AA000,Bunyola,ingres,1,2519824.72
2024,07013AA000,Campos,despesa,7,100000.00
2024,07013AA000,Campos,ingres,1,5156933.64
2024,07014AO001,F. Castell de Capdepera,despesa,1,90824.82
2024,07026AV001,P. M. Deportes,despesa,5,240000.00
2024,07026AV001,P. M. Deportes,ingres,3,345000.00
2024,07026AV002,P. M. Música,despesa,1,617261.85
2024,07026AV002,P. M. Música,despesa,2,304228.15
2024,07028AA000,Lloret de Vistalegre,despesa,1,667720.00
2024,07028AA000,Lloret de Vistalegre,ingres,1,424000.00
2024,07029AA000,Lloseta,despesa,2,2228231.96
2024,07030AA000,Llubí,despesa,2,632826.00
2024,07031AV001,P. Res. Personas Mayores,ingres,4,1665018.39
2024,07032AA000,Maó,ingres,8,60000.00
2024,07034AA000,Mancor de la Vall,despesa,6,29500.00
2024,07036AA000,Marratxí,ingres,1,14947000.00
2024,07036AA000,Marratxí,ingres,3,8234400.00
2024,07037AA000,Mercadal (Es),despesa,6,5650310.00
2024,07037AA000,Mercadal (Es),ingres,7,2901310.00
2024,07041AA000,Petra,ingres,5,433416.00
2024,07041AO002,Fundación Teatro y Acción Socio-Cultural de Petra,ingres,4,56500.00
2024,07045AA000,Puigpunyent,despesa,9,49935.39
2024,07046AA000,Sant Antoni de Portmany,despesa,4,3287961.71
2024,07046AA000,Sant Antoni de Portmany,ingres,2,2300000.00
2024,07048AA000,Sant Josep de sa Talaia,ingres,2,2000000.00
2024,07050AA000,Sant Joan de Labritja,despesa,2,6638970.00
2024,07050AA000,Sant Joan de Labritja,despesa,3,18100.00
2024,07055AA000,Santa Margalida,ingres,6,250000.00
2024,07063AA000,Valldemossa,despesa,3,4000.00
2024,07063AA000,Valldemossa,despesa,4,90810.00
2024,07063AA000,Valldemossa,despesa,6,269535.35
2024,07063AA000,Valldemossa,ingres,5,130000.00
2024,07064AA000,Castell (Es),ingres,5,40000.00
2024,07005AA000,Andratx,ingres,3,5958530.00
2024,07040AA000,Palma,ingres,9,37960374.96
2024,07040AV001,Inst. M. l'Esport,despesa,2,15790473.92
2024,07040AV004,P. M. l'Habitatge,ingres,5,950000.00
2024,07040AV004,P. M. l'Habitatge,ingres,8,10000.00
2024,07040AV006,Instituto Municipal Innovación  (IMI),despesa,8,60000.00
2024,07040AV006,Instituto Municipal Innovación  (IMI),ingres,7,487866.63
2024,07062AA000,Son Servera,despesa,9,100000.00
2024,07062AA000,Son Servera,ingres,8,60000.00
2024,07003AA000,Alcúdia,despesa,7,199250.00
2024,07039AA000,Muro,ingres,1,4872533.96
2024,07049AA000,Sant Joan,ingres,5,38498.49
2024,07059AA000,Salines (Ses),ingres,5,556143.11
2024,07002AA000,Alaior,despesa,1,5929906.88
2024,07002AA000,Alaior,ingres,3,1951480.24
2024,07011AA000,Calvià,despesa,3,1018250.72
2024,07033AA000,Manacor,despesa,2,20795728.68
2024,07033AV003,P. M. d'Esports,ingres,3,10508.00
2024,07033AV003,P. M. d'Esports,ingres,7,80000.00
2024,07901AA000,Ariany,despesa,6,69090.00
2024,07901AA000,Ariany,ingres,4,481724.22
2024,07901AA000,Ariany,ingres,5,20.00
2024,07011AO002,Oficina Municipal de Tributos de Calvià,despesa,1,1440666.00
2024,07011AO002,Oficina Municipal de Tributos de Calvià,ingres,4,1934676.00
2024,07008AA000,Binissalem,ingres,4,2722777.77
2024,07017AA000,Costitx,ingres,2,44200.00
2024,07025AA000,Fornalutx,despesa,1,523554.00
2024,07025AA000,Fornalutx,ingres,5,12244.19
2024,07027AA000,Inca,despesa,6,2662016.37
2024,07007AA000,Banyalbufar,despesa,1,530080.00
2024,07007AA000,Banyalbufar,despesa,9,42500.00
2024,07022AA000,Felanitx,ingres,1,8297000.00
2024,07065AA000,Vilafranca de Bonany,despesa,1,549460.00
2024,07065AA000,Vilafranca de Bonany,despesa,2,796160.00
2024,07065AA000,Vilafranca de Bonany,despesa,4,1098250.00
2024,07065AA000,Vilafranca de Bonany,ingres,4,1329100.00
2024,07001AA000,Alaró,despesa,9,31481.97
2024,07015AA000,Ciutadella de Menorca,despesa,1,13868180.19
2024,07015AV002,Hospital Municipal,despesa,5,48582.18
2024,07015AV003,P. Esc. Infantiles,despesa,5,14372.04
2024,07023AA000,Ferreries,ingres,4,2715922.23
2024,07042AA000,Pollença,despesa,2,10443592.03
2024,07051AA000,Sant Llorenç des Cardassar,despesa,4,6489279.59
2024,07051AA000,Sant Llorenç des Cardassar,despesa,9,440000.00
2024,07051AA000,Sant Llorenç des Cardassar,ingres,2,903000.00
2024,07052AA000,Sant Lluís,despesa,3,166967.59
2024,07052AA000,Sant Lluís,despesa,8,25000.00
2024,07056AV001,P. Res. Pers. Majors. Cas Metge Rei,despesa,2,264331.13
2024,07056AV001,P. Res. Pers. Majors. Cas Metge Rei,despesa,3,200.00
2024,07002DD000,Consejo Insular de Mallorca,ingres,1,19277670.00
2024,07002DV001,Inst. l'Esport Hipic,ingres,7,474000.00
2024,07002DO001,Agència  Protecció Legalitat Urbanística i Territorial de Mallorca,despesa,8,6000.00
2024,07003DD000,Consejo Insular de Menorca,despesa,5,480000.00
2024,07003DV001,Inst. Menorquín de Estudios,despesa,4,600.00
2024,07003DV001,Inst. Menorquín de Estudios,despesa,7,82000.00
2024,07003DV001,Inst. Menorquín de Estudios,despesa,8,1000.00
2024,07003DV001,Inst. Menorquín de Estudios,ingres,3,100000.00
2024,07002MM000,Mc. Pla de Mallorca,ingres,3,1704210.68
2024,07004AA000,Algaida,despesa,6,3802000.00
2024,07004AA000,Algaida,ingres,1,2000767.56
2024,07009AA000,Búger,despesa,1,542456.43
2024,07009AA000,Búger,ingres,1,496400.00
2024,07009AA000,Búger,ingres,2,66000.00
2024,07009AA000,Búger,ingres,4,621114.00
2024,07010AA000,Bunyola,despesa,5,75728.97
2024,07012AA000,Campanet,despesa,4,340401.19
2024,07012AA000,Campanet,ingres,2,92987.36
2024,07013AA000,Campos,despesa,3,6000.00
2024,07014AA000,Capdepera,ingres,2,750000.00
2024,07014AO001,F. Castell de Capdepera,despesa,3,7000.00
2024,07016AA000,Consell,ingres,5,90374.00
2024,07026AA000,Eivissa,ingres,7,1721510.00
2024,07026AV001,P. M. Deportes,despesa,1,1480605.87
2024,07026AV003,Museo de Arte Contemporáneo,ingres,7,13200.00
2024,07026AV002,P. M. Música,ingres,7,5000.00
2024,07031AA000,Llucmajor,despesa,1,24492544.32
2024,07031AA000,Llucmajor,ingres,1,18231100.00
2024,07031AV001,P. Res. Personas Mayores,despesa,3,1000.00
2024,07031AV001,P. Res. Personas Mayores,ingres,8,12000.00
2024,07031AV002,P. Molí d'En Gaspar,ingres,4,1.00
2024,07032AA000,Maó,despesa,6,6394277.00
2024,07032AA000,Maó,despesa,7,582972.00
2024,07032AA000,Maó,despesa,8,60000.00
2024,07032AA000,Maó,despesa,9,1206940.00
2024,07035AA000,Maria de la Salut,despesa,3,5000.00
2024,07035AA000,Maria de la Salut,ingres,1,646699.41
2024,07036AA000,Marratxí,ingres,5,955000.00
2024,07037AA000,Mercadal (Es),despesa,4,1189200.00
2024,07041AA000,Petra,despesa,1,841253.24
2024,07041AA000,Petra,despesa,3,7006.00
2024,07046AA000,Sant Antoni de Portmany,despesa,3,32000.00
2024,07046AA000,Sant Antoni de Portmany,ingres,5,800000.00
2024,07048AA000,Sant Josep de sa Talaia,despesa,2,28805696.00
2024,07050AA000,Sant Joan de Labritja,ingres,2,1076067.00
2024,07061AA000,Sóller,despesa,2,10973241.73
2024,07064AA000,Castell (Es),ingres,4,3649630.33
2024,07040AA000,Palma,despesa,8,1200000.00
2024,07040AV001,Inst. M. l'Esport,ingres,7,3140000.00
2024,07040AV006,Instituto Municipal Innovación  (IMI),ingres,8,60000.00
2024,07003AA000,Alcúdia,ingres,5,5858605.00
2024,07039AA000,Muro,despesa,3,12500.00
2024,07039AA000,Muro,despesa,6,2289301.73
2024,07039AA000,Muro,ingres,7,1297836.90
2024,07049AA000,Sant Joan,despesa,3,3530.00
2024,07011AO001,"Inst. M. de Educación y Bibliotecas, IMEB -Calvià",despesa,2,3159386.64
2024,07002AA000,Alaior,ingres,8,10000.00
2024,07011AA000,Calvià,ingres,1,54970000.00
2024,07011AA000,Calvià,ingres,9,10000000.00
2024,07033AA000,Manacor,ingres,3,11892002.40
2024,07901AA000,Ariany,despesa,3,3510.00
2024,07025AA000,Fornalutx,despesa,4,54660.00
2024,07007AA000,Banyalbufar,despesa,2,910513.59
2024,07021AA000,Estellencs,ingres,4,310879.69
2024,07021AA000,Estellencs,ingres,5,100.00
2024,07022AV001,Ctro. Cultural,ingres,4,5000.00
2024,07024AA000,Formentera,ingres,2,800000.00
2024,07053AA000,Santa Eugènia,ingres,5,16280.68
2024,07001AA000,Alaró,despesa,1,3197492.50
2024,07001AA000,Alaró,ingres,3,880650.00
2024,07001AA000,Alaró,ingres,5,77548.00
2024,07015AA000,Ciutadella de Menorca,despesa,4,6879045.54
2024,07015AV002,Hospital Municipal,ingres,4,2778675.37
2024,07023AA000,Ferreries,ingres,7,1105570.66
2024,07043AA000,Porreres,ingres,4,2192308.13
2024,07051AA000,Sant Llorenç des Cardassar,ingres,1,10190000.00
2024,07051AA000,Sant Llorenç des Cardassar,ingres,5,1107000.00
2024,07052AA000,Sant Lluís,despesa,9,621181.97
2024,07054AA000,Santa Eulària des Riu,despesa,2,28211005.00
2024,07054AA000,Santa Eulària des Riu,despesa,8,35020.00
2024,07054AA000,Santa Eulària des Riu,ingres,4,10983070.00
2024,07902AA000,Migjorn Gran (Es),despesa,1,1357210.44
2024,07001DV003,P. Esc. Turismo,despesa,5,20000.00
2024,07001DV003,P. Esc. Turismo,ingres,3,107000.00
2024,07002DD000,Consejo Insular de Mallorca,ingres,4,478678043.67
2024,07002DV001,Inst. l'Esport Hipic,ingres,4,3000000.00
2024,07002DV001,Inst. l'Esport Hipic,ingres,5,264000.00
2024,07002DV003,Inst.  Mallorquí d'Afers Socials,despesa,4,25075760.02
2024,07002DV003,Inst.  Mallorquí d'Afers Socials,ingres,3,9342912.05
2024,07003DD000,Consejo Insular de Menorca,despesa,3,95000.00
2024,07003DD000,Consejo Insular de Menorca,despesa,4,42714518.48
2024,07002MM000,Mc. Pla de Mallorca,despesa,3,500.00
2024,07002MM000,Mc. Pla de Mallorca,despesa,4,302204.94
2024,07001MM000,Mc. Es Raiguer,despesa,6,142771.82
2024,07003MM000,Mc. Migjorn de Mallorca,despesa,3,2500.00
2024,07004AA000,Algaida,ingres,2,321942.37
2024,07006AA000,Artà,despesa,1,5912095.50
2024,07009AA000,Búger,ingres,7,819214.66
2024,07013AA000,Campos,despesa,6,137050.00
2024,07013AA000,Campos,ingres,3,6058282.02
2024,07013AA000,Campos,ingres,5,432638.52
2024,07020AA000,Esporles,ingres,2,196000.00
2024,07026AA000,Eivissa,despesa,6,10493710.57
2024,07026AA000,Eivissa,despesa,8,10.00
2024,07026AV003,Museo de Arte Contemporáneo,despesa,1,280526.57
2024,07026AV002,P. M. Música,ingres,4,1019980.00
2024,07029AA000,Lloseta,ingres,3,1898070.45
2024,07030AA000,Llubí,despesa,9,45290.00
2024,07031AV001,P. Res. Personas Mayores,despesa,2,246100.00
2024,07031AV001,P. Res. Personas Mayores,despesa,8,12000.00
2024,07031AV001,P. Res. Personas Mayores,ingres,5,100.00
2024,07034AA000,Mancor de la Vall,despesa,1,973585.00
2024,07036AA000,Marratxí,ingres,4,10986600.00
2024,07036AO001,Institut Municipal Comunicació,despesa,2,299000.00
2024,07037AA000,Mercadal (Es),ingres,1,5129000.00
2024,07037AA000,Mercadal (Es),ingres,3,4322560.00
2024,07037AA000,Mercadal (Es),ingres,5,451000.00
2024,07041AA000,Petra,despesa,7,6.00
2024,07045AA000,Puigpunyent,ingres,1,1171340.33
2024,07045AA000,Puigpunyent,ingres,4,1007253.65
2024,07048AA000,Sant Josep de sa Talaia,despesa,3,3750.00
2024,07048AA000,Sant Josep de sa Talaia,ingres,7,2672569.67
2024,07050AA000,Sant Joan de Labritja,despesa,6,3018288.00
2024,07058AA000,Selva,despesa,3,2000.00
2024,07064AA000,Castell (Es),despesa,1,5285996.97
2024,07064AA000,Castell (Es),despesa,6,5520000.00
2024,07005AA000,Andratx,despesa,8,10000.00
2024,07005AA000,Andratx,ingres,5,790000.00
2024,07040AV001,Inst. M. l'Esport,ingres,3,4488285.78
2024,07040AV002,P. M. d'Escoles d'Infants,despesa,3,1000.00
2024,07040AV009,Inst. M. Form. Ocupacional i Feina,despesa,4,131530.00
2024,07059AA000,Salines (Ses),despesa,2,3960594.12
2024,07011AO001,"Inst. M. de Educación y Bibliotecas, IMEB -Calvià",despesa,4,450501.00
2024,07002AA000,Alaior,ingres,5,1370899.26
2024,07011AA000,Calvià,despesa,4,39860323.74
2024,07033AA000,Manacor,ingres,1,18835618.67
2024,07033AA000,Manacor,ingres,7,55059.12
2024,07033AO001,Institut Públic del Teatre Municipal,ingres,4,250000.00
2024,07033AO002,Institució Pública Antoni M. Alcover,ingres,4,108500.00
2024,07044AA000,Pobla (Sa),ingres,1,4832000.00
2024,07044AA000,Pobla (Sa),ingres,7,406438.38
2024,07017AA000,Costitx,despesa,6,161381.76
2024,07018AA000,Deià,despesa,1,937239.08
2024,07018AA000,Deià,despesa,2,1153741.61
2024,07018AA000,Deià,despesa,5,48887.14
2024,07018AA000,Deià,ingres,4,408550.00
2024,07025AA000,Fornalutx,despesa,2,703352.31
2024,07027AA000,Inca,despesa,2,15354311.15
2024,07027AA000,Inca,ingres,8,35000.00
2024,07007AA000,Banyalbufar,ingres,1,402716.17
2024,07007AA000,Banyalbufar,ingres,2,304520.07
2024,07021AA000,Estellencs,ingres,3,169796.48
2024,07022AA000,Felanitx,despesa,3,33500.00
2024,07022AA000,Felanitx,despesa,4,1259041.00
2024,07022AA000,Felanitx,ingres,2,903000.00
2024,07024AA000,Formentera,ingres,4,18779000.00
2024,07024AA000,Formentera,ingres,7,4740785.00
2024,07038AA000,Montuïri,ingres,4,1032098.90
2024,07038AA000,Montuïri,ingres,5,9800.00
2024,07038AA000,Montuïri,ingres,7,127000.00
2024,07053AA000,Santa Eugènia,ingres,1,723133.07
2024,07065AA000,Vilafranca de Bonany,ingres,9,272000.00
2024,07015AV003,P. Esc. Infantiles,ingres,3,65000.00
2024,07042AA000,Pollença,ingres,2,1200040.00
2024,07001DD000,Consejo Insular de Ibiza,despesa,1,43120213.24
2024,07001DD000,Consejo Insular de Ibiza,ingres,3,7761257.83
2024,07001DV003,P. Esc. Turismo,despesa,3,800.00
2024,07002DD000,Consejo Insular de Mallorca,despesa,8,1100000.00
2024,07002DV001,Inst. l'Esport Hipic,despesa,1,1253383.57
2024,07002DV001,Inst. l'Esport Hipic,despesa,2,1045716.43
2024,07002DO001,Agència  Protecció Legalitat Urbanística i Territorial de Mallorca,despesa,1,3189007.03
2024,07002DO001,Agència  Protecció Legalitat Urbanística i Territorial de Mallorca,ingres,8,6000.00
2024,07002DV003,Inst.  Mallorquí d'Afers Socials,ingres,5,61274.60
2024,07003DV002,Consell Economic i Social,despesa,2,13250.00
2024,07004AA000,Algaida,despesa,2,1953749.91
2024,07004AA000,Algaida,ingres,5,28500.00
2024,07014AA000,Capdepera,despesa,1,8810778.49
2024,07014AA000,Capdepera,despesa,4,349000.00
2024,07016AA000,Consell,ingres,1,1223911.66
2024,07020AA000,Esporles,despesa,4,102400.00
2024,07020AA000,Esporles,ingres,4,1905903.07
2024,07026AA000,Eivissa,despesa,3,405000.00
2024,07026AA000,Eivissa,ingres,9,8109110.77
2024,07026AV001,P. M. Deportes,despesa,8,10.00
2024,07028AA000,Lloret de Vistalegre,despesa,3,4000.00
2024,07029AA000,Lloseta,despesa,1,3458682.86
2024,07030AA000,Llubí,despesa,3,17510.00
2024,07030AA000,Llubí,ingres,3,158150.00
2024,07031AV002,P. Molí d'En Gaspar,despesa,3,1.00
2024,07032AA000,Maó,ingres,3,6898270.00
2024,07034AA000,Mancor de la Vall,ingres,7,20000.00
2024,07036AA000,Marratxí,despesa,6,1243570.27
2024,07036AA000,Marratxí,despesa,8,16000.00
2024,07036AO001,Institut Municipal Comunicació,despesa,3,1000.00
2024,07037AA000,Mercadal (Es),despesa,3,19000.00
2024,07037AA000,Mercadal (Es),despesa,8,20000.00
2024,07045AA000,Puigpunyent,despesa,6,1230386.41
2024,07045AA000,Puigpunyent,ingres,3,740703.25
2024,07046AA000,Sant Antoni de Portmany,ingres,1,13960000.00
2024,07050AA000,Sant Joan de Labritja,ingres,1,3955000.00
2024,07055AA000,Santa Margalida,ingres,5,914663.00
2024,07058AA000,Selva,ingres,1,1574000.00
2024,07058AA000,Selva,ingres,4,1200324.98
2024,07063AA000,Valldemossa,ingres,3,1881647.34
2024,07064AA000,Castell (Es),ingres,3,1323400.00
2024,07005AA000,Andratx,despesa,3,18000.00
2024,07040AA000,Palma,ingres,2,32121192.61
2024,07040AA000,Palma,ingres,3,121231326.79
2024,07040AV001,Inst. M. l'Esport,ingres,4,17963969.94
2024,07040AV002,P. M. d'Escoles d'Infants,despesa,6,21500.00
2024,07040AV004,P. M. l'Habitatge,despesa,2,445894.38
2024,07040AV004,P. M. l'Habitatge,ingres,3,121007.00
2024,07040AV006,Instituto Municipal Innovación  (IMI),despesa,1,4960275.03
2024,07040AV006,Instituto Municipal Innovación  (IMI),ingres,3,2893.00
2024,07040AV009,Inst. M. Form. Ocupacional i Feina,despesa,2,1550365.36
2024,07040AV009,Inst. M. Form. Ocupacional i Feina,ingres,5,6300.00
2024,07062AA000,Son Servera,ingres,1,8186280.22
2024,07003AA000,Alcúdia,ingres,1,17213800.00
2024,07039AA000,Muro,despesa,4,373795.87
2024,07039AA000,Muro,despesa,7,28000.00
2024,07049AA000,Sant Joan,despesa,4,141310.89
2024,07049AA000,Sant Joan,despesa,6,82800.00
2024,07002AA000,Alaior,ingres,1,5331911.57
2024,07011AA000,Calvià,despesa,2,30628888.28
2024,07011AA000,Calvià,despesa,7,544823.00
2024,07011AA000,Calvià,ingres,5,8278749.93
2024,07011AA000,Calvià,ingres,6,1905000.00
2024,07033AA000,Manacor,despesa,3,576476.83
2024,07033AA000,Manacor,ingres,2,1404797.00
2024,07033AA000,Manacor,ingres,4,13932449.99
2024,07033AV002,P. l'Escola M. de Mallorqui,ingres,4,60200.00
2024,07044AA000,Pobla (Sa),ingres,9,664500.00
2024,07047AA000,Sencelles,despesa,3,6120.00
2024,07047AA000,Sencelles,ingres,2,323200.00
2024,07901AA000,Ariany,despesa,4,157270.00
2024,07011AO002,Oficina Municipal de Tributos de Calvià,despesa,3,1000.00
2024,07008AA000,Binissalem,despesa,2,2416727.10
2024,07008AA000,Binissalem,ingres,1,2624000.00
2024,07017AA000,Costitx,despesa,4,61099.20
2024,07018AA000,Deià,ingres,3,869903.85
2024,07025AA000,Fornalutx,despesa,3,500.00
2024,07027AA000,Inca,despesa,4,1435996.80
2024,07027AA000,Inca,ingres,3,11301563.46
2024,07027AA000,Inca,ingres,7,1558334.77
2024,07007AA000,Banyalbufar,ingres,4,421854.94
2024,07022AA000,Felanitx,despesa,6,804500.00
2024,07024AA000,Formentera,ingres,1,9475000.00
2024,07038AA000,Montuïri,despesa,4,378460.00
2024,07038AA000,Montuïri,ingres,3,389602.00
2024,07053AA000,Santa Eugènia,despesa,1,912274.20
2024,07053AA000,Santa Eugènia,despesa,2,593169.67
2024,07053AA000,Santa Eugènia,despesa,9,51551.44
2024,07015AA000,Ciutadella de Menorca,despesa,3,195492.43
2024,07015AA000,Ciutadella de Menorca,ingres,3,10105103.42
2024,07015AV002,Hospital Municipal,despesa,1,2637672.06
2024,07023AA000,Ferreries,ingres,8,40000.00
2024,07051AA000,Sant Llorenç des Cardassar,despesa,3,129497.92
2024,07052AA000,Sant Lluís,ingres,8,25000.00
2024,07054AA000,Santa Eulària des Riu,despesa,6,8215780.00
2024,07056AA000,Santa María del Camí,ingres,4,2955752.35
2024,07056AV001,P. Res. Pers. Majors. Cas Metge Rei,despesa,6,75000.00
2024,07057AA000,Santanyí,ingres,4,4814378.88
2024,07902AA000,Migjorn Gran (Es),despesa,3,5500.00
2024,07902AA000,Migjorn Gran (Es),ingres,4,1093449.70
2024,07902AA000,Migjorn Gran (Es),ingres,8,1000.00
2024,07001DD000,Consejo Insular de Ibiza,despesa,3,207240.85
2024,07002DD000,Consejo Insular de Mallorca,despesa,5,2098354.35
2024,07003DD000,Consejo Insular de Menorca,ingres,4,88756112.35
2024,07002MM000,Mc. Pla de Mallorca,despesa,2,8298895.86
2024,07002MM000,Mc. Pla de Mallorca,ingres,7,130217.58
2024,07003MM000,Mc. Migjorn de Mallorca,despesa,2,969332.98
2024,07004AA000,Algaida,ingres,4,2052783.27
2024,07006AA000,Artà,despesa,2,6160942.31
2024,07009AA000,Búger,despesa,9,85000.00
2024,07009AA000,Búger,ingres,5,8684.00
2024,07010AA000,Bunyola,despesa,9,353763.00
2024,07010AA000,Bunyola,ingres,3,1598126.34
2024,07010AA000,Bunyola,ingres,5,61800.00
2024,07012AA000,Campanet,despesa,2,984672.58
2024,07012AA000,Campanet,ingres,4,946516.34
2024,07013AA000,Campos,despesa,2,9987990.85
2024,07014AA000,Capdepera,despesa,2,14381344.71
2024,07014AA000,Capdepera,ingres,5,1866605.48
2024,07014AO001,F. Castell de Capdepera,ingres,4,2000.00
2024,07020AA000,Esporles,despesa,3,14980.00
2024,07020AA000,Esporles,despesa,9,78739.00
2024,07026AA000,Eivissa,despesa,5,500000.00
2024,07026AA000,Eivissa,despesa,7,524866.67
2024,07026AA000,Eivissa,ingres,1,30243606.00
2024,07026AV001,P. M. Deportes,despesa,2,767034.13
2024,07026AV003,Museo de Arte Contemporáneo,despesa,2,143316.58
2024,07026AV003,Museo de Arte Contemporáneo,despesa,3,946.85
2024,07026AV003,Museo de Arte Contemporáneo,despesa,6,13200.00
2024,07026AV002,P. M. Música,ingres,8,10.00
2024,07029AA000,Lloseta,despesa,3,40934.31
2024,07029AA000,Lloseta,despesa,6,80720.00
2024,07029AA000,Lloseta,ingres,1,2133000.00
2024,07030AA000,Llubí,ingres,5,17700.00
2024,07031AA000,Llucmajor,despesa,2,16761951.50
2024,07031AA000,Llucmajor,despesa,8,55000.00
2024,07031AV001,P. Res. Personas Mayores,despesa,1,1613719.29
2024,07032AA000,Maó,despesa,2,13839924.00
2024,07032AA000,Maó,ingres,2,875520.00
2024,07032AA000,Maó,ingres,7,3800261.00
2024,07034AA000,Mancor de la Vall,despesa,4,314950.00
2024,07034AA000,Mancor de la Vall,ingres,4,1002350.00
2024,07035AA000,Maria de la Salut,despesa,4,117373.09
2024,07035AA000,Maria de la Salut,ingres,2,115000.00
2024,07035AA000,Maria de la Salut,ingres,4,725679.19
2024,07036AA000,Marratxí,ingres,8,16000.00
2024,07036AO001,Institut Municipal Comunicació,ingres,4,300000.00
2024,07041AO001,F. Escuela Municipal de Música de Petra,despesa,1,64821.83
2024,07041AO001,F. Escuela Municipal de Música de Petra,despesa,3,821.81
2024,07041AO001,F. Escuela Municipal de Música de Petra,ingres,3,41765.75
2024,07041AO002,Fundación Teatro y Acción Socio-Cultural de Petra,despesa,1,41652.00
2024,07041AO002,Fundación Teatro y Acción Socio-Cultural de Petra,ingres,3,14206.00
2024,07045AA000,Puigpunyent,ingres,5,5220.00
2024,07048AA000,Sant Josep de sa Talaia,ingres,3,13257075.94
2024,07050AA000,Sant Joan de Labritja,despesa,4,494000.00
2024,07050AA000,Sant Joan de Labritja,ingres,4,2379300.00
2024,07050AA000,Sant Joan de Labritja,ingres,6,1000.00
2024,07055AA000,Santa Margalida,despesa,6,1904510.00
2024,07058AA000,Selva,despesa,2,1240618.22
2024,07061AA000,Sóller,ingres,1,9347530.44
2024,07064AA000,Castell (Es),despesa,2,2051250.00
2024,07064AA000,Castell (Es),ingres,1,4231500.00
2024,07005AA000,Andratx,despesa,6,1424598.33
2024,07005AA000,Andratx,despesa,7,145000.00
2024,07040AA000,Palma,ingres,5,11138278.05
2024,07040AV001,Inst. M. l'Esport,despesa,3,5000.00
2024,07040AV001,Inst. M. l'Esport,despesa,6,3140000.00
2024,07040AV002,P. M. d'Escoles d'Infants,despesa,1,3908000.00
2024,07040AV006,Instituto Municipal Innovación  (IMI),despesa,6,487866.63
2024,07040AV009,Inst. M. Form. Ocupacional i Feina,ingres,8,20000.00
2024,07062AA000,Son Servera,despesa,3,7000.00
2024,07062AA000,Son Servera,despesa,4,349005.43
2024,07003AA000,Alcúdia,despesa,1,14732161.00
2024,07003AA000,Alcúdia,despesa,6,567935.00
2024,07049AA000,Sant Joan,despesa,2,1148342.11
2024,07049AA000,Sant Joan,ingres,3,577848.07
2024,07011AO001,"Inst. M. de Educación y Bibliotecas, IMEB -Calvià",despesa,8,10000.00
2024,07002AA000,Alaior,despesa,8,10000.00
2024,07011AA000,Calvià,ingres,3,14564800.00
2024,07033AA000,Manacor,despesa,7,247275.37
2024,07044AA000,Pobla (Sa),ingres,3,4473485.13
2024,07047AA000,Sencelles,ingres,5,27700.00
2024,07901AA000,Ariany,despesa,2,555851.86
2024,07011AO002,Oficina Municipal de Tributos de Calvià,despesa,6,3000.00
2024,07011AO002,Oficina Municipal de Tributos de Calvià,ingres,7,3000.00
2024,07008AA000,Binissalem,despesa,9,705000.00
2024,07017AA000,Costitx,ingres,1,491000.00
2024,07018AA000,Deià,ingres,5,16000.00
2024,07021AA000,Estellencs,despesa,4,17980.80
2024,07022AA000,Felanitx,despesa,7,50000.00
2024,07022AA000,Felanitx,ingres,3,4991500.00
2024,07024AA000,Formentera,despesa,7,310000.00
2024,07024AA000,Formentera,ingres,5,10215.00
2024,07053AA000,Santa Eugènia,despesa,3,17703.90
2024,07053AA000,Santa Eugènia,ingres,4,703371.11
2024,07001AA000,Alaró,despesa,3,20245.27
2024,07001AA000,Alaró,despesa,4,630600.00
2024,07015AA000,Ciutadella de Menorca,despesa,9,257596.62
2024,07015AV002,Hospital Municipal,ingres,3,685975.39
2024,07015AV003,P. Esc. Infantiles,ingres,4,1694000.00
2024,07023AA000,Ferreries,ingres,1,2244000.00
2024,07043AA000,Porreres,despesa,4,354240.00
2024,07051AA000,Sant Llorenç des Cardassar,despesa,2,5627329.50
2024,07052AA000,Sant Lluís,ingres,4,3317104.83
2024,07054AA000,Santa Eulària des Riu,ingres,5,2096726.86
2024,07056AA000,Santa María del Camí,ingres,2,490000.00
2024,07057AA000,Santanyí,despesa,4,3019109.77
2024,07902AA000,Migjorn Gran (Es),despesa,7,600.00
2024,07902AA000,Migjorn Gran (Es),ingres,2,90700.00
2024,07001DD000,Consejo Insular de Ibiza,ingres,9,200000.00
2024,07001DV003,P. Esc. Turismo,despesa,1,539731.96
2024,07001DV003,P. Esc. Turismo,despesa,2,124468.04
2024,07002DD000,Consejo Insular de Mallorca,ingres,8,1100000.00
2024,07002DV001,Inst. l'Esport Hipic,despesa,3,12000.00
2024,07002DO001,Agència  Protecció Legalitat Urbanística i Territorial de Mallorca,despesa,2,383420.31
2024,07002DV003,Inst.  Mallorquí d'Afers Socials,despesa,2,153579378.24
2024,07003DD000,Consejo Insular de Menorca,despesa,6,28510567.62
2024,07003DD000,Consejo Insular de Menorca,ingres,9,30470000.00
2024,07003DV001,Inst. Menorquín de Estudios,despesa,2,679878.49
2024,07001MM000,Mc. Es Raiguer,despesa,4,28000.00
2024,07001MM000,Mc. Es Raiguer,ingres,5,6000.00
